image_id,filename,width,height,format,channels,file_size,blur_score,brightness_score,contrast_score,duplicate_status,quality_status,manual_review_required,reason
10,10.jpg,885,1167,JPEG,3,173552,204.632,123.6449,64.8953,unique,no_automated_flags,False,
1001,1001.jpg,1168,886,JPEG,3,124202,162.5999,110.3434,52.8556,unique,no_automated_flags,False,
1003,1003.jpg,885,1167,JPEG,3,111367,167.4249,122.9301,55.144,unique,no_automated_flags,False,
1005,1005.jpg,885,1167,JPEG,3,125679,169.8227,122.892,54.4698,unique,no_automated_flags,False,
1008,1008.jpg,1171,886,JPEG,3,134757,203.472,130.8047,51.26,unique,no_automated_flags,False,
1009,1009.jpg,1171,886,JPEG,3,140587,187.8157,133.3935,59.5746,unique,no_automated_flags,False,
101,101.jpg,1171,886,JPEG,3,137253,193.3363,136.8328,66.1115,unique,no_automated_flags,False,
1010,1010.jpg,1171,886,JPEG,3,155091,202.3326,148.0584,54.1563,unique,no_automated_flags,False,
1011,1011.jpg,1168,886,JPEG,3,125389,165.4466,109.8733,55.8089,unique,no_automated_flags,False,
1012,1012.jpg,1171,886,JPEG,3,131287,188.5384,136.2167,53.3637,unique,no_automated_flags,False,
1014,1014.jpg,1168,883,JPEG,3,149152,537.4197,139.8153,61.676,unique,no_automated_flags,False,
1015,1015.jpg,1168,886,JPEG,3,134485,172.7702,139.1331,54.5149,unique,no_automated_flags,False,
1016,1016.jpg,1168,886,JPEG,3,131118,163.9842,120.1167,52.061,unique,no_automated_flags,False,
1017,1017.jpg,807,886,JPEG,3,99087,245.0442,123.2757,59.8586,unique,no_automated_flags,False,
1018,1018.jpg,1098,886,JPEG,3,110186,186.4976,105.2994,47.3945,unique,no_automated_flags,False,
1019,1019.jpg,1171,886,JPEG,3,147325,190.9945,135.4572,54.9729,unique,no_automated_flags,False,
1020,1020.jpg,1171,886,JPEG,3,139437,205.5929,129.8945,60.2731,unique,no_automated_flags,False,
1023,1023.jpg,1165,883,JPEG,3,144970,175.7626,149.371,53.368,unique,no_automated_flags,False,
1024,1024.jpg,885,1167,JPEG,3,127713,172.0928,122.1952,63.136,unique,no_automated_flags,False,
1025,1025.jpg,1171,886,JPEG,3,146284,193.2106,151.7485,58.3873,unique,no_automated_flags,False,
1029,1029.jpg,1168,883,JPEG,3,148285,560.5284,133.3902,72.0124,unique,no_automated_flags,False,
1030,1030.jpg,1171,886,JPEG,3,137557,200.5483,112.1156,62.8949,unique,no_automated_flags,False,
1031,1031.jpg,1171,886,JPEG,3,102640,183.3315,104.0031,65.2637,unique,no_automated_flags,False,
1032,1032.jpg,1171,886,JPEG,3,195733,235.3866,154.4932,64.2599,unique,no_automated_flags,False,
1033,1033.jpg,1171,886,JPEG,3,175026,218.8327,119.9361,60.0732,unique,no_automated_flags,False,
1035,1035.jpg,1168,886,JPEG,3,117735,183.5568,112.668,68.4829,unique,no_automated_flags,False,
1037,1037.jpg,1168,886,JPEG,3,106700,167.9771,123.4405,59.9697,unique,no_automated_flags,False,
1038,1038.jpg,1168,886,JPEG,3,121216,187.9789,112.3498,63.9037,unique,no_automated_flags,False,
1040,1040.jpg,1171,886,JPEG,3,126476,180.7277,127.1434,61.1317,unique,no_automated_flags,False,
1041,1041.jpg,1168,883,JPEG,3,130583,552.6108,144.6524,59.0344,unique,no_automated_flags,False,
1043,1043.jpg,1111,717,JPEG,3,97712,12.3771,77.4433,29.3382,unique,flagged_for_review,True,low_sharpness_signal
1045,1045.jpg,1168,886,JPEG,3,113979,177.1579,111.6312,64.6679,similar_duplicate,flagged_for_review,True,similar_duplicate_of:1030.jpg;perceptual_distance:6
1046,1046.jpg,1168,886,JPEG,3,127860,171.0722,114.4322,64.669,unique,no_automated_flags,False,
1047,1047.jpg,1116,886,JPEG,3,125371,190.8604,122.031,70.8989,unique,no_automated_flags,False,
1049,1049.jpg,808,1074,JPEG,3,122942,20.3753,89.6964,38.2888,unique,no_automated_flags,False,
105,105.jpg,1171,886,JPEG,3,137174,191.1655,128.827,53.5142,unique,no_automated_flags,False,
1050,1050.jpg,818,1167,JPEG,3,114299,189.4033,100.0278,52.0002,unique,no_automated_flags,False,
1053,1053.jpg,1171,886,JPEG,3,117432,182.8409,109.8208,64.7903,unique,no_automated_flags,False,
1056,1056.jpg,1171,886,JPEG,3,119715,181.293,118.611,65.814,unique,no_automated_flags,False,
1057,1057.jpg,1171,886,JPEG,3,121937,193.4213,113.0482,64.4594,unique,no_automated_flags,False,
1058,1058.jpg,1170,883,JPEG,3,120429,176.8807,123.0142,67.5549,unique,no_automated_flags,False,
1060,1060.jpg,1168,883,JPEG,3,102619,550.7471,92.6804,60.9292,unique,no_automated_flags,False,
1061,1061.jpg,1171,886,JPEG,3,139364,195.3628,104.0027,54.471,unique,no_automated_flags,False,
1063,1063.jpg,1171,886,JPEG,3,112547,180.906,102.4957,57.1898,unique,no_automated_flags,False,
1068,1068.jpg,1168,883,JPEG,3,117194,543.7198,109.4691,59.538,unique,no_automated_flags,False,
1069,1069.jpg,1171,886,JPEG,3,127166,186.7895,139.3489,59.9194,unique,no_automated_flags,False,
1070,1070.jpg,904,886,JPEG,3,97146,228.866,105.6655,51.7431,unique,no_automated_flags,False,
1072,1072.jpg,838,883,JPEG,3,82618,576.3781,96.7765,57.5219,unique,no_automated_flags,False,
1075,1075.jpg,885,1167,JPEG,3,101225,166.9525,109.2664,69.1044,unique,no_automated_flags,False,
1077,1077.jpg,885,1167,JPEG,3,115071,159.0683,104.2493,63.248,unique,no_automated_flags,False,
1081,1081.jpg,1171,886,JPEG,3,120647,190.8898,125.4663,64.0855,unique,no_automated_flags,False,
1085,1085.jpg,1168,883,JPEG,3,139362,529.7752,122.1966,61.6381,unique,no_automated_flags,False,
1087,1087.jpg,1171,886,JPEG,3,120682,185.0707,97.5815,59.7643,unique,no_automated_flags,False,
1089,1089.jpg,1168,886,JPEG,3,120210,172.19,100.8049,58.6772,unique,no_automated_flags,False,
1090,1090.jpg,1168,883,JPEG,3,126679,463.8332,109.1888,54.5048,similar_duplicate,flagged_for_review,True,similar_duplicate_of:1012.jpg;perceptual_distance:6
1092,1092.jpg,1168,886,JPEG,3,120653,170.0052,127.4562,61.1337,unique,no_automated_flags,False,
1093,1093.jpg,1168,886,JPEG,3,124135,182.3105,114.9735,63.4281,unique,no_automated_flags,False,
1094,1094.jpg,1171,886,JPEG,3,124824,184.8681,100.3725,57.081,unique,no_automated_flags,False,
1095,1095.jpg,1168,886,JPEG,3,127683,192.1821,121.7443,60.7001,unique,no_automated_flags,False,
1096,1096.jpg,1171,886,JPEG,3,117616,187.9388,113.218,64.3217,unique,no_automated_flags,False,
1099,1099.jpg,1171,886,JPEG,3,128371,194.9813,101.5411,51.1574,unique,no_automated_flags,False,
110,110.jpg,1171,886,JPEG,3,126860,188.1055,128.2743,56.3006,unique,no_automated_flags,False,
1100,1100.jpg,1171,886,JPEG,3,128371,194.9813,101.5411,51.1574,exact_duplicate,flagged_for_review,True,exact_duplicate_of:1099.jpg
1104,1104.jpg,1168,883,JPEG,3,140168,521.832,108.0852,52.342,unique,no_automated_flags,False,
1105,1105.jpg,1171,886,JPEG,3,141718,189.7139,132.3414,59.217,unique,no_automated_flags,False,
1107,1107.jpg,1171,886,JPEG,3,128508,192.1112,117.4467,59.6498,unique,no_automated_flags,False,
1108,1108.jpg,885,1167,JPEG,3,118824,165.3543,100.5049,56.257,unique,no_automated_flags,False,
1109,1109.jpg,1168,883,JPEG,3,121735,539.3548,114.9714,59.5997,unique,no_automated_flags,False,
1111,1111.jpg,1171,886,JPEG,3,109978,191.325,100.7512,58.0605,unique,no_automated_flags,False,
1114,1114.jpg,1171,886,JPEG,3,122407,185.7366,133.1023,58.7885,unique,no_automated_flags,False,
1115,1115.jpg,1084,886,JPEG,3,126147,188.521,122.1357,58.6169,unique,no_automated_flags,False,
1116,1116.jpg,1171,886,JPEG,3,115164,193.7544,121.2271,69.8778,unique,no_automated_flags,False,
1117,1117.jpg,885,1167,JPEG,3,119602,177.3391,111.3942,56.7704,unique,no_automated_flags,False,
1118,1118.jpg,1085,883,JPEG,3,163914,504.6349,115.4115,52.2988,unique,no_automated_flags,False,
1119,1119.jpg,1168,883,JPEG,3,122775,521.6746,107.2182,59.6396,unique,no_automated_flags,False,
112,112.jpg,1171,886,JPEG,3,143339,192.9209,150.3198,58.7985,unique,no_automated_flags,False,
1122,1122.jpg,1171,886,JPEG,3,120024,193.115,109.0297,59.5343,unique,no_automated_flags,False,
1125,1125.jpg,1168,886,JPEG,3,145522,189.8385,125.791,57.7902,unique,no_automated_flags,False,
1126,1126.jpg,885,1167,JPEG,3,141136,169.8653,102.2684,57.8982,unique,no_automated_flags,False,
1128,1128.jpg,1171,886,JPEG,3,118564,186.1902,106.4946,47.4091,unique,no_automated_flags,False,
1129,1129.jpg,1168,886,JPEG,3,127248,167.7956,114.0473,57.2209,unique,no_automated_flags,False,
1130,1130.jpg,1171,886,JPEG,3,120484,186.319,122.2302,57.578,unique,no_automated_flags,False,
1131,1131.jpg,885,1167,JPEG,3,112493,172.2891,123.7375,63.7427,unique,no_automated_flags,False,
1132,1132.jpg,1171,886,JPEG,3,131693,171.1135,106.7935,58.4062,unique,no_automated_flags,False,
1133,1133.jpg,995,883,JPEG,3,127948,562.6977,101.6429,51.0991,unique,no_automated_flags,False,
1134,1134.jpg,1168,883,JPEG,3,116190,550.2542,102.8699,58.5825,unique,no_automated_flags,False,
1135,1135.jpg,1171,886,JPEG,3,105845,191.5579,101.2404,58.8589,unique,no_automated_flags,False,
1136,1136.jpg,1171,886,JPEG,3,136388,201.5542,126.3884,60.3409,unique,no_automated_flags,False,
1139,1139.jpg,1168,883,JPEG,3,134740,543.7378,126.5323,60.0518,unique,no_automated_flags,False,
114,114.jpg,885,1167,JPEG,3,120485,169.4117,108.7388,57.6462,unique,no_automated_flags,False,
1142,1142.jpg,1171,886,JPEG,3,145613,188.1224,158.7479,62.4488,unique,no_automated_flags,False,
1145,1145.jpg,1168,883,JPEG,3,110042,443.0251,99.3878,57.0195,unique,no_automated_flags,False,
1149,1149.jpg,1171,886,JPEG,3,158203,200.8696,142.2583,58.5092,unique,no_automated_flags,False,
115,115.jpg,1171,886,JPEG,3,109128,185.4687,107.439,65.5986,unique,no_automated_flags,False,
1150,1150.jpg,1170,884,JPEG,3,97815,170.6422,91.1261,51.0307,unique,no_automated_flags,False,
1151,1151.jpg,827,1168,JPEG,3,114826,171.1116,105.1599,54.116,unique,no_automated_flags,False,
1152,1152.jpg,886,1171,JPEG,3,136150,182.4413,128.166,72.3703,unique,no_automated_flags,False,
1154,1154.jpg,1171,886,JPEG,3,123685,188.8278,103.1167,68.5492,unique,no_automated_flags,False,
1156,1156.jpg,820,1078,JPEG,3,84499,10.8254,66.3838,26.7374,unique,flagged_for_review,True,low_sharpness_signal
1157,1157.jpg,1171,886,JPEG,3,136410,190.1332,129.8966,59.8431,unique,no_automated_flags,False,
1158,1158.jpg,882,1168,JPEG,3,118185,169.9929,136.6935,64.0162,unique,no_automated_flags,False,
1159,1159.jpg,885,1168,JPEG,3,112810,165.6328,161.814,61.8523,unique,no_automated_flags,False,
1160,1160.jpg,1171,886,JPEG,3,112494,186.5495,107.8541,63.9843,unique,no_automated_flags,False,
1161,1161.jpg,1081,886,JPEG,3,85668,33.8089,111.4915,49.9401,unique,no_automated_flags,False,
1163,1163.jpg,886,1171,JPEG,3,110850,160.4752,141.5404,70.6544,unique,no_automated_flags,False,
1165,1165.jpg,885,1168,JPEG,3,146786,175.9606,147.4019,66.4999,unique,no_automated_flags,False,
1167,1167.jpg,1171,886,JPEG,3,144281,189.5182,141.1681,57.5238,unique,no_automated_flags,False,
1168,1168.jpg,1171,886,JPEG,3,116484,195.0767,127.2931,61.0745,unique,no_automated_flags,False,
1169,1169.jpg,1171,886,JPEG,3,118101,185.0778,119.157,62.8345,unique,no_automated_flags,False,
1170,1170.jpg,1171,886,JPEG,3,122421,189.9839,101.4751,52.9491,unique,no_automated_flags,False,
1171,1171.jpg,1171,886,JPEG,3,91692,194.6962,76.524,50.3211,unique,no_automated_flags,False,
1172,1172.jpg,975,886,JPEG,3,103853,220.9205,117.2562,60.7021,unique,no_automated_flags,False,
1175,1175.jpg,791,886,JPEG,3,84866,256.7231,119.9763,56.0314,unique,no_automated_flags,False,
1176,1176.jpg,795,1168,JPEG,3,114143,172.4918,146.7825,60.0818,unique,no_automated_flags,False,
1178,1178.jpg,1171,886,JPEG,3,125987,182.1325,98.9111,50.5214,unique,no_automated_flags,False,
1179,1179.jpg,802,886,JPEG,3,63266,22.641,111.8196,61.3168,unique,no_automated_flags,False,
118,118.jpg,1171,886,JPEG,3,120013,174.994,126.6154,69.0856,unique,no_automated_flags,False,
1181,1181.jpg,1170,884,JPEG,3,138394,183.9538,142.1886,62.0728,unique,no_automated_flags,False,
1183,1183.jpg,885,1168,JPEG,3,141008,175.1548,151.5222,64.8693,unique,no_automated_flags,False,
1184,1184.jpg,1101,886,JPEG,3,112857,197.5281,107.5535,70.5824,unique,no_automated_flags,False,
1185,1185.jpg,1171,886,JPEG,3,131934,191.4208,125.7492,47.5401,unique,no_automated_flags,False,
1186,1186.jpg,886,1171,JPEG,3,117210,168.1151,142.0487,64.4526,unique,no_automated_flags,False,
1187,1187.jpg,885,1165,JPEG,3,131391,173.749,118.5263,60.8861,unique,no_automated_flags,False,
1188,1188.jpg,885,1168,JPEG,3,139797,179.0198,150.8716,65.8837,unique,no_automated_flags,False,
1189,1189.jpg,1171,886,JPEG,3,135231,219.5902,126.7644,74.1274,unique,no_automated_flags,False,
1191,1191.jpg,885,1168,JPEG,3,141482,173.6947,145.4579,79.815,unique,no_automated_flags,False,
1193,1193.jpg,1133,778,JPEG,3,84985,189.6538,77.9568,39.2502,unique,no_automated_flags,False,
1195,1195.jpg,885,1168,JPEG,3,143197,159.8486,117.6406,57.5707,unique,no_automated_flags,False,
1196,1196.jpg,885,1168,JPEG,3,104815,165.5832,78.033,56.26,unique,no_automated_flags,False,
1197,1197.jpg,1171,886,JPEG,3,105741,179.9678,119.5992,57.5666,unique,no_automated_flags,False,
1198,1198.jpg,1171,886,JPEG,3,117957,203.8806,68.6065,62.0736,unique,no_automated_flags,False,
1199,1199.jpg,886,1171,JPEG,3,155805,185.5663,170.0382,59.0788,unique,no_automated_flags,False,
12,12.jpg,885,1167,JPEG,3,147396,181.2656,121.0887,59.1922,unique,no_automated_flags,False,
1200,1200.jpg,885,1168,JPEG,3,124576,172.6772,146.5401,68.4197,unique,no_automated_flags,False,
1202,1202.jpg,1171,886,JPEG,3,100774,179.3501,118.4328,60.9794,unique,no_automated_flags,False,
1203,1203.jpg,885,1168,JPEG,3,140740,211.5596,125.9715,81.2564,unique,no_automated_flags,False,
1204,1204.jpg,1041,886,JPEG,3,122456,218.1252,126.5356,61.2181,unique,no_automated_flags,False,
1206,1206.jpg,761,1122,JPEG,3,90423,10.5731,68.7205,32.5846,unique,flagged_for_review,True,low_sharpness_signal
1212,1212.jpg,1168,883,JPEG,3,117169,536.6224,122.6604,60.9762,unique,no_automated_flags,False,
1213,1213.jpg,651,995,JPEG,3,94906,28.5036,86.2829,27.7367,unique,no_automated_flags,False,
1214,1214.jpg,742,1118,JPEG,3,82214,7.4819,73.9905,32.6131,unique,flagged_for_review,True,low_sharpness_signal
1215,1215.jpg,628,885,JPEG,3,75631,262.6956,109.5492,64.0826,unique,no_automated_flags,False,
1217,1217.jpg,1171,886,JPEG,3,117957,203.8806,68.6065,62.0736,exact_duplicate,flagged_for_review,True,exact_duplicate_of:1198.jpg
1219,1219.jpg,885,1168,JPEG,3,127103,164.9441,134.4248,77.9971,unique,no_automated_flags,False,
1220,1220.jpg,885,1168,JPEG,3,141773,179.8956,142.0038,73.0361,unique,no_automated_flags,False,
1228,1228.jpg,1171,886,JPEG,3,140254,195.6603,126.289,61.5989,unique,no_automated_flags,False,
123,123.jpg,885,1167,JPEG,3,153239,187.2223,138.7855,66.8529,unique,no_automated_flags,False,
1230,1230.jpg,1171,886,JPEG,3,136448,194.5089,119.8208,56.1702,unique,no_automated_flags,False,
1232,1232.jpg,719,886,JPEG,3,70076,39.3279,121.8892,54.6136,unique,no_automated_flags,False,
1235,1235.jpg,885,1168,JPEG,3,133317,160.7351,136.787,61.3569,unique,no_automated_flags,False,
1237,1237.jpg,1168,886,JPEG,3,146029,204.7318,148.7918,57.1421,unique,no_automated_flags,False,
1238,1238.jpg,1171,886,JPEG,3,112731,172.3694,102.9547,62.6864,unique,no_automated_flags,False,
1239,1239.jpg,1168,886,JPEG,3,138883,177.932,105.2237,54.9204,unique,no_automated_flags,False,
124,124.jpg,1171,886,JPEG,3,139374,194.9657,152.434,65.4559,unique,no_automated_flags,False,
1240,1240.jpg,1168,886,JPEG,3,134862,184.0198,138.8946,60.2244,unique,no_automated_flags,False,
1243,1243.jpg,1171,886,JPEG,3,146758,206.3504,139.9618,55.9556,unique,no_automated_flags,False,
1244,1244.jpg,1171,886,JPEG,3,126210,178.6179,100.0815,57.8527,unique,no_automated_flags,False,
1246,1246.jpg,1171,886,JPEG,3,108073,177.5569,104.2148,62.1422,unique,no_automated_flags,False,
1247,1247.jpg,1170,883,JPEG,3,128865,184.9174,96.8215,56.4535,unique,no_automated_flags,False,
1249,1249.jpg,1171,886,JPEG,3,147383,184.6144,114.5464,60.9645,unique,no_automated_flags,False,
1250,1250.jpg,1168,883,JPEG,3,150033,462.1737,149.381,53.3468,unique,no_automated_flags,False,
1252,1252.jpg,1171,886,JPEG,3,133072,201.4827,133.441,54.0951,unique,no_automated_flags,False,
1254,1254.jpg,1171,886,JPEG,3,119841,187.256,107.6137,62.5767,unique,no_automated_flags,False,
1255,1255.jpg,1171,886,JPEG,3,114454,178.7154,101.1351,66.2229,unique,no_automated_flags,False,
1256,1256.jpg,1171,886,JPEG,3,116854,180.7372,108.3899,63.8016,unique,no_automated_flags,False,
1257,1257.jpg,1171,886,JPEG,3,116854,180.7372,108.3899,63.8016,exact_duplicate,flagged_for_review,True,exact_duplicate_of:1256.jpg
1260,1260.jpg,1168,883,JPEG,3,151844,406.5696,138.6179,52.0337,unique,no_automated_flags,False,
1261,1261.jpg,1171,886,JPEG,3,122457,199.6476,130.5474,69.055,unique,no_automated_flags,False,
1263,1263.jpg,1171,886,JPEG,3,101574,173.1129,93.9055,59.3685,unique,no_automated_flags,False,
1269,1269.jpg,1171,886,JPEG,3,173792,217.9966,139.3436,55.1118,unique,no_automated_flags,False,
127,127.jpg,1171,886,JPEG,3,177305,227.1384,141.1629,58.2454,unique,no_automated_flags,False,
1270,1270.jpg,1168,886,JPEG,3,146890,181.5016,149.1593,60.1976,unique,no_automated_flags,False,
1273,1273.jpg,1171,886,JPEG,3,103101,173.0832,100.3667,55.2532,unique,no_automated_flags,False,
1276,1276.jpg,1171,886,JPEG,3,116981,179.6533,106.1152,58.0573,unique,no_automated_flags,False,
1277,1277.jpg,1171,886,JPEG,3,117319,178.5871,114.688,64.8085,unique,no_automated_flags,False,
1281,1281.jpg,1168,883,JPEG,3,119205,501.5883,103.8483,62.668,unique,no_automated_flags,False,
1282,1282.jpg,1171,886,JPEG,3,111144,180.302,103.2699,63.2791,unique,no_automated_flags,False,
1284,1284.jpg,1168,883,JPEG,3,120374,488.1192,104.4421,57.7179,unique,no_automated_flags,False,
1287,1287.jpg,1171,886,JPEG,3,119058,183.2343,98.6445,65.9959,similar_duplicate,flagged_for_review,True,similar_duplicate_of:1132.jpg;perceptual_distance:6
1288,1288.jpg,1171,886,JPEG,3,115876,177.7505,110.3873,61.1274,unique,no_automated_flags,False,
1289,1289.jpg,1171,886,JPEG,3,122312,187.4119,111.0706,64.5636,unique,no_automated_flags,False,
1290,1290.jpg,1168,886,JPEG,3,122332,181.0713,118.6318,63.7152,unique,no_automated_flags,False,
1291,1291.jpg,1168,883,JPEG,3,129627,502.077,113.7364,57.9646,unique,no_automated_flags,False,
1292,1292.jpg,1171,886,JPEG,3,139890,185.9527,105.0176,59.9425,unique,no_automated_flags,False,
1293,1293.jpg,1171,886,JPEG,3,116603,178.9554,99.3155,54.866,unique,no_automated_flags,False,
13,13.jpg,886,1171,JPEG,3,107929,175.8631,107.1649,68.4263,unique,no_automated_flags,False,
132,132.jpg,1171,886,JPEG,3,116911,192.7165,148.5718,63.5878,unique,no_automated_flags,False,
135,135.jpg,1171,886,JPEG,3,140271,197.111,140.0944,63.0165,unique,no_automated_flags,False,
136,136.jpg,1171,886,JPEG,3,118080,184.1113,110.918,62.3276,unique,no_automated_flags,False,
14,14.jpg,1171,886,JPEG,3,116297,178.1729,113.7455,61.8178,unique,no_automated_flags,False,
140,140.jpg,1171,886,JPEG,3,127306,194.6005,150.6764,61.4837,unique,no_automated_flags,False,
141,141.jpg,1171,886,JPEG,3,114745,194.3427,139.398,64.2466,unique,no_automated_flags,False,
142,142.jpg,1171,886,JPEG,3,112932,178.9509,128.4433,68.662,unique,no_automated_flags,False,
145,145.jpg,1171,886,JPEG,3,158521,210.0756,134.9192,57.0966,unique,no_automated_flags,False,
146,146.jpg,885,1167,JPEG,3,156441,181.1869,128.4773,60.8192,unique,no_automated_flags,False,
15,15.jpg,886,1171,JPEG,3,137328,180.457,107.909,60.4209,unique,no_automated_flags,False,
151,151.jpg,1171,886,JPEG,3,161328,203.7237,119.8426,59.0633,unique,no_automated_flags,False,
155,155.jpg,1168,883,JPEG,3,144988,541.8137,134.0218,63.6787,unique,no_automated_flags,False,
157,157.jpg,1171,886,JPEG,3,166237,214.4568,110.1374,56.2236,unique,no_automated_flags,False,
161,161.jpg,1171,886,JPEG,3,113611,191.9139,92.3703,55.9921,unique,no_automated_flags,False,
162,162.jpg,1171,886,JPEG,3,124452,190.7198,121.7885,59.6604,unique,no_automated_flags,False,
164,164.jpg,1168,883,JPEG,3,116182,528.0988,105.9066,59.1279,unique,no_automated_flags,False,
165,165.jpg,1171,886,JPEG,3,118051,185.6459,102.7039,61.0428,unique,no_automated_flags,False,
17,17.jpg,885,1167,JPEG,3,118044,164.741,125.686,64.047,unique,no_automated_flags,False,
179,179.jpg,1171,886,JPEG,3,124820,202.7707,104.0689,58.4479,unique,no_automated_flags,False,
180,180.jpg,1168,883,JPEG,3,121948,446.7337,102.2466,56.9247,unique,no_automated_flags,False,
182,182.jpg,1171,886,JPEG,3,133518,191.1267,109.9127,58.4839,unique,no_automated_flags,False,
185,185.jpg,1171,886,JPEG,3,120024,197.9071,107.7853,58.0487,unique,no_automated_flags,False,
189,189.jpg,1168,886,JPEG,3,125139,169.3209,139.6817,64.7511,unique,no_automated_flags,False,
191,191.jpg,1171,886,JPEG,3,124372,187.0301,147.3607,56.8759,unique,no_automated_flags,False,
192,192.jpg,885,1167,JPEG,3,143813,179.7678,152.7582,55.4748,unique,no_automated_flags,False,
193,193.jpg,1171,886,JPEG,3,123729,188.2914,140.3344,62.0571,unique,no_automated_flags,False,
199,199.jpg,1171,886,JPEG,3,116543,196.4239,130.3496,70.8678,unique,no_automated_flags,False,
2,2.jpg,1168,883,JPEG,3,132469,421.854,138.8804,75.2732,unique,no_automated_flags,False,
206,206.jpg,1171,886,JPEG,3,118488,184.6449,135.385,71.699,unique,no_automated_flags,False,
21,21.jpg,1171,886,JPEG,3,115166,194.2394,98.9399,58.1419,unique,no_automated_flags,False,
210,210.jpg,1171,886,JPEG,3,143619,194.431,132.8472,53.4489,unique,no_automated_flags,False,
213,213.jpg,1171,886,JPEG,3,134247,195.7339,146.7398,60.9837,unique,no_automated_flags,False,
214,214.jpg,1168,883,JPEG,3,109461,332.4655,98.8546,52.5954,unique,no_automated_flags,False,
216,216.jpg,885,1167,JPEG,3,114534,179.7789,125.5132,69.0735,unique,no_automated_flags,False,
217,217.jpg,1171,886,JPEG,3,103889,191.4744,100.3639,56.4216,unique,no_automated_flags,False,
221,221.jpg,1171,886,JPEG,3,135595,197.4256,147.7734,60.6503,unique,no_automated_flags,False,
226,226.jpg,1168,883,JPEG,3,163586,467.9827,135.9502,55.6587,unique,no_automated_flags,False,
229,229.jpg,1171,886,JPEG,3,124790,190.0704,116.7258,67.7989,unique,no_automated_flags,False,
23,23.jpg,1168,886,JPEG,3,116306,181.2617,121.3344,67.1876,unique,no_automated_flags,False,
230,230.jpg,885,1167,JPEG,3,131328,175.5726,151.4352,61.3288,unique,no_automated_flags,False,
235,235.jpg,1168,886,JPEG,3,106869,173.3981,112.8024,67.5634,unique,no_automated_flags,False,
236,236.jpg,886,1171,JPEG,3,127607,176.2818,125.1584,63.3838,unique,no_automated_flags,False,
238,238.jpg,1168,883,JPEG,3,157646,460.039,128.8483,59.7555,unique,no_automated_flags,False,
24,24.jpg,1171,886,JPEG,3,122864,200.1997,116.8614,70.8374,unique,no_automated_flags,False,
242,242.jpg,885,1167,JPEG,3,138221,180.314,97.2405,59.5375,unique,no_automated_flags,False,
248,248.jpg,1171,886,JPEG,3,81724,174.4571,113.4683,62.7934,unique,no_automated_flags,False,
25,25.jpg,1171,886,JPEG,3,99168,188.2425,101.8429,67.9579,unique,no_automated_flags,False,
250,250.jpg,1168,886,JPEG,3,123100,177.0763,122.8503,55.5648,unique,no_automated_flags,False,
252,252.jpg,1171,886,JPEG,3,136322,201.1329,147.2534,61.6075,unique,no_automated_flags,False,
254,254.jpg,1168,883,JPEG,3,135474,471.0166,135.367,70.1116,unique,no_automated_flags,False,
259,259.jpg,1171,886,JPEG,3,121176,182.6254,112.452,59.5336,unique,no_automated_flags,False,
26,26.jpg,885,1167,JPEG,3,98901,165.3916,97.5035,62.3404,unique,no_automated_flags,False,
261,261.jpg,885,1167,JPEG,3,118697,162.0789,107.7005,67.1975,unique,no_automated_flags,False,
262,262.jpg,1168,883,JPEG,3,116854,531.1671,125.3174,63.8451,unique,no_automated_flags,False,
263,263.jpg,885,1167,JPEG,3,113713,173.679,112.0366,63.5557,unique,no_automated_flags,False,
267,267.jpg,1168,886,JPEG,3,126634,168.0618,101.9411,54.6551,unique,no_automated_flags,False,
268,268.jpg,1171,886,JPEG,3,131946,189.0815,110.6029,58.716,unique,no_automated_flags,False,
271,271.jpg,1168,883,JPEG,3,120124,531.9533,94.7928,60.7043,unique,no_automated_flags,False,
272,272.jpg,886,1171,JPEG,3,158895,198.037,110.7631,66.2734,unique,no_automated_flags,False,
273,273.jpg,1171,886,JPEG,3,79810,176.574,112.2007,57.3786,unique,no_automated_flags,False,
274,274.jpg,1171,886,JPEG,3,108071,195.8192,130.1907,54.8589,unique,no_automated_flags,False,
275,275.jpg,1171,886,JPEG,3,81633,186.3056,107.8948,59.8862,unique,no_automated_flags,False,
276,276.jpg,1171,886,JPEG,3,117862,189.907,112.1493,54.3218,unique,no_automated_flags,False,
277,277.jpg,1171,886,JPEG,3,110995,184.5761,96.5468,57.0488,unique,no_automated_flags,False,
278,278.jpg,885,1167,JPEG,3,119197,175.1573,118.7805,66.3292,unique,no_automated_flags,False,
279,279.jpg,885,1167,JPEG,3,114113,161.5079,97.7262,56.4975,unique,no_automated_flags,False,
28,28.jpg,885,1167,JPEG,3,129756,168.0656,130.232,60.1457,unique,no_automated_flags,False,
280,280.jpg,1171,886,JPEG,3,122864,192.1505,131.8028,63.5131,unique,no_automated_flags,False,
282,282.jpg,1171,886,JPEG,3,118174,179.5332,112.7108,56.7215,unique,no_automated_flags,False,
283,283.jpg,885,1167,JPEG,3,123147,170.8657,107.9648,64.4592,unique,no_automated_flags,False,
285,285.jpg,1171,886,JPEG,3,118108,194.8784,108.804,67.8448,unique,no_automated_flags,False,
29,29.jpg,1171,886,JPEG,3,145098,196.9657,107.1763,51.9544,unique,no_automated_flags,False,
291,291.jpg,885,1167,JPEG,3,138565,182.4617,116.2271,68.8616,unique,no_automated_flags,False,
292,292.jpg,1171,886,JPEG,3,172576,219.4976,110.9408,53.6798,unique,no_automated_flags,False,
294,294.jpg,1171,886,JPEG,3,119706,179.9655,124.5623,59.2003,unique,no_automated_flags,False,
297,297.jpg,1168,883,JPEG,3,106310,545.6546,108.8233,68.6933,unique,no_automated_flags,False,
299,299.jpg,885,1167,JPEG,3,110272,164.1592,134.0796,63.3345,unique,no_automated_flags,False,
3,3.jpg,885,1167,JPEG,3,130415,180.4325,146.3684,79.7151,unique,no_automated_flags,False,
30,30.jpg,1171,886,JPEG,3,137788,192.4211,110.6938,62.644,unique,no_automated_flags,False,
302,302.jpg,885,1167,JPEG,3,115484,168.1861,124.5471,72.0198,unique,no_automated_flags,False,
307,307.jpg,1168,883,JPEG,3,120052,525.5832,94.2319,56.0417,unique,no_automated_flags,False,
310,310.jpg,885,1167,JPEG,3,111759,157.8521,123.2625,52.0955,unique,no_automated_flags,False,
311,311.jpg,1168,886,JPEG,3,117747,167.6544,105.0718,63.4173,unique,no_automated_flags,False,
313,313.jpg,1171,886,JPEG,3,122105,194.3995,101.3066,55.4091,unique,no_automated_flags,False,
314,314.jpg,1171,886,JPEG,3,132789,193.2368,117.6989,62.9929,unique,no_automated_flags,False,
315,315.jpg,1171,886,JPEG,3,132789,193.2368,117.6989,62.9929,exact_duplicate,flagged_for_review,True,exact_duplicate_of:314.jpg
317,317.jpg,1171,886,JPEG,3,121451,185.3294,123.2309,62.9828,unique,no_automated_flags,False,
32,32.jpg,885,1167,JPEG,3,111904,166.9448,103.7624,61.3773,unique,no_automated_flags,False,
325,325.jpg,1168,883,JPEG,3,117263,473.9477,94.0425,52.4954,unique,no_automated_flags,False,
328,328.jpg,1171,886,JPEG,3,123408,183.8444,108.4577,57.516,unique,no_automated_flags,False,
33,33.jpg,885,1167,JPEG,3,146987,173.2054,139.042,63.0891,unique,no_automated_flags,False,
332,332.jpg,885,1167,JPEG,3,121694,171.323,143.3414,60.0482,unique,no_automated_flags,False,
334,334.jpg,885,1167,JPEG,3,120981,175.5825,112.0442,62.0041,unique,no_automated_flags,False,
335,335.jpg,885,1167,JPEG,3,132697,176.5509,111.7201,65.2163,unique,no_automated_flags,False,
34,34.jpg,1171,886,JPEG,3,108033,175.0949,110.4862,63.8316,unique,no_automated_flags,False,
341,341.jpg,885,1167,JPEG,3,116906,171.6851,97.0161,57.9261,unique,no_automated_flags,False,
343,343.jpg,886,1171,JPEG,3,121908,164.5593,122.4566,58.471,unique,no_automated_flags,False,
344,344.jpg,1168,883,JPEG,3,142764,555.863,146.3562,61.3654,unique,no_automated_flags,False,
347,347.jpg,1168,886,JPEG,3,126464,174.0038,116.5601,62.7754,unique,no_automated_flags,False,
348,348.jpg,1168,886,JPEG,3,115829,161.9619,108.5994,55.3559,unique,no_automated_flags,False,
351,351.jpg,1168,883,JPEG,3,205257,524.783,123.304,44.182,unique,no_automated_flags,False,
354,354.jpg,1168,883,JPEG,3,148323,566.4554,126.6123,62.7467,unique,no_automated_flags,False,
355,355.jpg,885,1167,JPEG,3,137175,171.9848,103.1827,57.6106,unique,no_automated_flags,False,
356,356.jpg,1171,886,JPEG,3,145284,195.5049,125.4279,49.5833,unique,no_automated_flags,False,
36,36.jpg,885,1167,JPEG,3,141115,179.6031,123.6211,59.2894,unique,no_automated_flags,False,
360,360.jpg,1168,886,JPEG,3,107340,174.1562,102.4968,60.0728,unique,no_automated_flags,False,
366,366.jpg,885,1167,JPEG,3,205307,222.9933,130.4317,61.1893,unique,no_automated_flags,False,
371,371.jpg,885,1167,JPEG,3,114869,177.9915,123.6652,67.8889,unique,no_automated_flags,False,
374,374.jpg,1170,883,JPEG,3,138842,189.6335,143.5612,60.0911,unique,no_automated_flags,False,
375,375.jpg,1168,883,JPEG,3,131385,567.6473,118.903,65.2773,unique,no_automated_flags,False,
377,377.jpg,1168,883,JPEG,3,153178,579.4004,123.8048,60.6554,unique,no_automated_flags,False,
378,378.jpg,1168,886,JPEG,3,118209,174.2802,99.0421,55.8807,unique,no_automated_flags,False,
38,38.jpg,1171,886,JPEG,3,110849,183.6824,138.3498,66.1146,unique,no_automated_flags,False,
380,380.jpg,1171,886,JPEG,3,127551,190.0586,150.0998,56.894,unique,no_automated_flags,False,
382,382.jpg,1171,886,JPEG,3,128849,177.8619,110.8029,57.6842,similar_duplicate,flagged_for_review,True,similar_duplicate_of:1081.jpg;perceptual_distance:6
386,386.jpg,885,1167,JPEG,3,107303,160.2639,116.2769,57.1815,unique,no_automated_flags,False,
39,39.jpg,885,1167,JPEG,3,115123,161.2441,112.8763,54.013,unique,no_automated_flags,False,
392,392.jpg,1168,886,JPEG,3,115635,176.5575,109.9986,59.7797,unique,no_automated_flags,False,
393,393.jpg,1171,886,JPEG,3,140744,191.1795,135.5651,56.2799,unique,no_automated_flags,False,
395,395.jpg,1171,886,JPEG,3,138363,181.3222,128.544,67.0184,unique,no_automated_flags,False,
396,396.jpg,1171,886,JPEG,3,133935,202.2444,115.7467,62.5428,unique,no_automated_flags,False,
397,397.jpg,1168,883,JPEG,3,152676,528.692,154.0941,58.6135,unique,no_automated_flags,False,
4,4.jpg,1168,883,JPEG,3,132469,421.854,138.8804,75.2732,exact_duplicate,flagged_for_review,True,exact_duplicate_of:2.jpg
40,40.jpg,1171,886,JPEG,3,157765,189.8426,118.4419,56.306,unique,no_automated_flags,False,
400,400.jpg,1171,886,JPEG,3,139591,195.0987,128.8966,66.3645,unique,no_automated_flags,False,
403,403.jpg,1171,886,JPEG,3,128867,199.0789,124.6274,58.9687,unique,no_automated_flags,False,
406,406.jpg,885,1167,JPEG,3,111582,168.3603,115.9395,59.2466,unique,no_automated_flags,False,
409,409.jpg,1171,886,JPEG,3,121139,180.4729,139.9477,59.0833,unique,no_automated_flags,False,
410,410.jpg,1171,886,JPEG,3,132015,197.0999,144.6302,61.0923,unique,no_automated_flags,False,
415,415.jpg,1171,886,JPEG,3,150973,196.4415,147.0539,61.6668,unique,no_automated_flags,False,
417,417.jpg,1171,886,JPEG,3,182899,209.8626,149.4922,55.5596,unique,no_automated_flags,False,
42,42.jpg,1171,886,JPEG,3,135566,187.2452,99.2326,52.6306,unique,no_automated_flags,False,
420,420.jpg,1171,886,JPEG,3,138083,208.2426,94.4389,55.3377,unique,no_automated_flags,False,
422,422.jpg,885,1167,JPEG,3,132821,176.8315,129.3502,56.5141,unique,no_automated_flags,False,
427,427.jpg,885,1167,JPEG,3,129701,174.8738,120.5615,54.5844,unique,no_automated_flags,False,
428,428.jpg,885,1167,JPEG,3,134305,179.1002,113.0031,56.2283,unique,no_automated_flags,False,
432,432.jpg,1171,886,JPEG,3,151360,205.0456,127.1375,61.982,unique,no_automated_flags,False,
434,434.jpg,885,1167,JPEG,3,145031,188.6558,157.6728,72.9077,unique,no_automated_flags,False,
438,438.jpg,1171,886,JPEG,3,126730,185.969,143.5221,55.1584,unique,no_automated_flags,False,
440,440.jpg,1168,883,JPEG,3,164645,514.1735,139.7843,59.9261,unique,no_automated_flags,False,
442,442.jpg,1171,886,JPEG,3,109533,167.42,104.3121,56.866,unique,no_automated_flags,False,
443,443.jpg,1171,886,JPEG,3,134497,179.3544,136.2507,59.4925,unique,no_automated_flags,False,
446,446.jpg,885,1167,JPEG,3,114774,173.9493,116.1285,69.4841,unique,no_automated_flags,False,
447,447.jpg,1168,883,JPEG,3,120631,496.8364,99.4682,54.9373,unique,no_automated_flags,False,
449,449.jpg,1171,886,JPEG,3,119536,194.1543,135.0264,57.8604,unique,no_automated_flags,False,
45,45.jpg,885,1167,JPEG,3,116972,155.9323,95.293,55.7561,unique,no_automated_flags,False,
451,451.jpg,1171,886,JPEG,3,139647,194.2109,142.9591,59.2003,unique,no_automated_flags,False,
452,452.jpg,1168,883,JPEG,3,121096,404.6168,97.5163,50.7509,unique,no_automated_flags,False,
453,453.jpg,885,1167,JPEG,3,129890,164.2723,104.7198,47.4629,unique,no_automated_flags,False,
456,456.jpg,885,1167,JPEG,3,107219,176.5889,132.1226,78.4525,unique,no_automated_flags,False,
46,46.jpg,885,1167,JPEG,3,117274,175.7945,151.8521,75.5725,unique,no_automated_flags,False,
460,460.jpg,1168,886,JPEG,3,129587,168.4511,107.1703,49.5989,unique,no_automated_flags,False,
461,461.jpg,1168,883,JPEG,3,140193,535.8293,143.4292,58.93,unique,no_automated_flags,False,
462,462.jpg,1168,883,JPEG,3,126627,414.1438,120.8378,55.063,unique,no_automated_flags,False,
465,465.jpg,1171,886,JPEG,3,156499,205.6658,127.1378,64.842,unique,no_automated_flags,False,
470,470.jpg,1171,886,JPEG,3,131518,182.3319,152.637,63.8078,unique,no_automated_flags,False,
471,471.jpg,1171,886,JPEG,3,141056,188.6676,144.942,58.3745,unique,no_automated_flags,False,
481,481.jpg,1171,886,JPEG,3,140312,193.7102,128.5978,54.6318,unique,no_automated_flags,False,
484,484.jpg,1171,886,JPEG,3,161875,202.2586,145.4201,54.3112,unique,no_automated_flags,False,
49,49.jpg,1168,886,JPEG,3,120394,174.0983,131.9732,55.6031,unique,no_automated_flags,False,
490,490.jpg,885,1167,JPEG,3,83756,164.8731,137.8669,79.1682,unique,no_automated_flags,False,
491,491.jpg,885,1167,JPEG,3,77809,154.8084,121.1115,68.559,unique,no_automated_flags,False,
492,492.jpg,1171,886,JPEG,3,117760,187.8729,142.0704,56.1804,unique,no_automated_flags,False,
498,498.jpg,1171,886,JPEG,3,156745,200.0691,129.6455,60.4431,unique,no_automated_flags,False,
499,499.jpg,1171,886,JPEG,3,125186,202.5621,134.5172,67.2395,unique,no_automated_flags,False,
501,501.jpg,1362,1537,JPEG,3,172781,87.7834,147.6102,77.9302,unique,no_automated_flags,False,
503,503.jpg,1542,1370,JPEG,3,193614,87.2494,151.1984,73.5175,unique,no_automated_flags,False,
505,505.jpg,885,1168,JPEG,3,143908,176.3451,152.7433,60.061,unique,no_automated_flags,False,
508,508.jpg,1165,881,JPEG,3,113011,392.5122,116.0753,67.5737,unique,no_automated_flags,False,
509,509.jpg,882,1167,JPEG,3,122304,167.3313,148.754,69.8047,unique,no_automated_flags,False,
510,510.jpg,1168,886,JPEG,3,139905,181.2859,133.1228,55.4245,unique,no_automated_flags,False,
513,513.jpg,1171,886,JPEG,3,119248,194.3092,146.349,66.3107,unique,no_automated_flags,False,
514,514.jpg,1168,886,JPEG,3,113947,171.8483,113.5271,66.9843,unique,no_automated_flags,False,
515,515.jpg,1171,886,JPEG,3,114577,184.5019,141.9797,66.0102,unique,no_automated_flags,False,
516,516.jpg,1168,883,JPEG,3,111803,313.9638,102.3522,46.7395,unique,no_automated_flags,False,
519,519.jpg,1168,883,JPEG,3,89211,547.282,119.6361,61.6687,similar_duplicate,flagged_for_review,True,similar_duplicate_of:1068.jpg;perceptual_distance:6
52,52.jpg,885,1167,JPEG,3,143573,177.6829,141.0666,71.5198,unique,no_automated_flags,False,
520,520.jpg,1171,886,JPEG,3,124982,205.7196,130.7005,60.9777,unique,no_automated_flags,False,
523,523.jpg,1168,883,JPEG,3,119335,407.5414,124.9326,58.2794,unique,no_automated_flags,False,
524,524.jpg,1168,883,JPEG,3,126019,503.2461,107.8101,62.598,unique,no_automated_flags,False,
526,526.jpg,1171,886,JPEG,3,167999,212.7121,118.1096,70.4032,unique,no_automated_flags,False,
527,527.jpg,1171,886,JPEG,3,148470,209.8059,148.8914,54.6733,unique,no_automated_flags,False,
528,528.jpg,1168,883,JPEG,3,121476,479.3412,156.5122,68.534,unique,no_automated_flags,False,
529,529.jpg,1168,883,JPEG,3,130905,380.6171,130.9285,60.566,unique,no_automated_flags,False,
532,532.jpg,1171,886,JPEG,3,130310,190.5759,133.9412,65.392,unique,no_automated_flags,False,
534,534.jpg,1168,883,JPEG,3,123806,466.7747,136.669,60.5437,unique,no_automated_flags,False,
536,536.jpg,661,767,JPEG,3,36589,12.4759,82.0882,36.2972,unique,flagged_for_review,True,low_sharpness_signal
538,538.jpg,795,953,JPEG,3,122347,31.7294,95.4195,35.488,unique,no_automated_flags,False,
540,540.jpg,1110,793,JPEG,3,115275,26.5256,105.5359,41.4648,unique,no_automated_flags,False,
541,541.jpg,818,1011,JPEG,3,114056,17.3586,115.7822,42.076,unique,flagged_for_review,True,low_sharpness_signal
543,543.jpg,625,859,JPEG,3,73743,253.9373,132.0335,51.9534,unique,no_automated_flags,False,
546,546.jpg,820,1068,JPEG,3,72928,5.1155,73.145,26.9254,unique,flagged_for_review,True,low_sharpness_signal
547,547.jpg,851,1090,JPEG,3,55705,10.9643,80.0098,28.2536,unique,flagged_for_review,True,low_sharpness_signal
548,548.jpg,1106,767,JPEG,3,110571,20.443,106.271,49.1077,unique,no_automated_flags,False,
552,552.jpg,921,807,JPEG,3,76372,28.2298,119.4312,54.4321,unique,no_automated_flags,False,
553,553.jpg,1171,886,JPEG,3,109111,186.7139,116.3284,61.3588,unique,no_automated_flags,False,
555,555.jpg,1051,838,JPEG,3,121966,28.0347,144.699,62.5027,unique,no_automated_flags,False,
557,557.jpg,1066,794,JPEG,3,93550,24.5282,89.2603,53.9928,unique,no_automated_flags,False,
56,56.jpg,1168,883,JPEG,3,106487,537.3926,144.8168,69.7589,unique,no_automated_flags,False,
560,560.jpg,785,1077,JPEG,3,109069,36.8377,106.0293,50.9863,unique,no_automated_flags,False,
561,561.jpg,1144,847,JPEG,3,140211,64.0929,151.3353,53.7655,unique,no_automated_flags,False,
562,562.jpg,870,1122,JPEG,3,182106,225.0902,127.283,55.7016,unique,no_automated_flags,False,
563,563.jpg,885,1131,JPEG,3,132560,171.3775,144.4304,79.0409,similar_duplicate,flagged_for_review,True,similar_duplicate_of:3.jpg;perceptual_distance:2
564,564.jpg,885,1167,JPEG,3,129832,180.2886,146.369,79.7159,similar_duplicate,flagged_for_review,True,similar_duplicate_of:3.jpg;perceptual_distance:0
565,565.jpg,1132,858,JPEG,3,121417,39.0068,134.4006,58.4701,unique,no_automated_flags,False,
566,566.jpg,1168,883,JPEG,3,116502,437.3515,126.7173,58.3392,unique,no_automated_flags,False,
568,568.jpg,886,1171,JPEG,3,122993,157.4196,148.3703,62.2123,unique,no_automated_flags,False,
569,569.jpg,885,1167,JPEG,3,121258,176.8777,146.0271,74.6468,unique,no_automated_flags,False,
57,57.jpg,885,1167,JPEG,3,119060,176.1147,144.4106,80.6071,unique,no_automated_flags,False,
571,571.jpg,1168,883,JPEG,3,110426,413.799,153.9291,65.489,unique,no_automated_flags,False,
572,572.jpg,885,1167,JPEG,3,108429,163.4864,126.2978,72.7152,unique,no_automated_flags,False,
573,573.jpg,1097,883,JPEG,3,125925,195.9267,110.0702,69.8738,unique,no_automated_flags,False,
576,576.jpg,1168,883,JPEG,3,142130,511.9943,150.075,62.2796,unique,no_automated_flags,False,
577,577.jpg,1171,886,JPEG,3,133990,193.0528,126.9587,67.9383,unique,no_automated_flags,False,
578,578.jpg,549,885,JPEG,3,70246,58.6828,154.7829,54.7524,unique,no_automated_flags,False,
58,58.jpg,1168,883,JPEG,3,194497,585.6887,125.5865,62.2233,unique,no_automated_flags,False,
581,581.jpg,885,1167,JPEG,3,72358,154.9881,128.7825,69.8182,unique,no_automated_flags,False,
585,585.jpg,818,1167,JPEG,3,110438,173.0685,125.2837,64.4405,unique,no_automated_flags,False,
588,588.jpg,835,1132,JPEG,3,105010,17.8499,79.2931,37.3452,unique,flagged_for_review,True,low_sharpness_signal
589,589.jpg,776,1134,JPEG,3,159493,75.2045,114.966,50.4648,unique,no_automated_flags,False,
59,59.jpg,1171,886,JPEG,3,189412,226.6497,134.1635,59.5765,unique,no_automated_flags,False,
592,592.jpg,1115,741,JPEG,3,98722,23.615,86.5149,44.6012,similar_duplicate,flagged_for_review,True,similar_duplicate_of:577.jpg;perceptual_distance:6
593,593.jpg,885,1167,JPEG,3,114528,177.2509,122.9462,58.8535,unique,no_automated_flags,False,
596,596.jpg,1171,886,JPEG,3,118006,194.4367,126.8985,53.2604,unique,no_automated_flags,False,
598,598.jpg,1075,886,JPEG,3,95196,198.7341,106.8158,60.4051,unique,no_automated_flags,False,
599,599.jpg,1056,886,JPEG,3,118446,215.6563,110.7254,71.5838,unique,no_automated_flags,False,
60,60.jpg,1171,886,JPEG,3,128990,177.1952,120.7026,55.2824,unique,no_automated_flags,False,
604,604.jpg,1067,806,JPEG,3,113049,224.2374,145.3082,67.256,unique,no_automated_flags,False,
606,606.jpg,885,954,JPEG,3,139327,194.1994,136.8358,47.4488,unique,no_automated_flags,False,
607,607.jpg,1171,886,JPEG,3,119424,180.5825,142.674,64.4322,unique,no_automated_flags,False,
608,608.jpg,1061,883,JPEG,3,105649,480.1485,125.518,68.3259,unique,no_automated_flags,False,
612,612.jpg,824,1078,JPEG,3,91449,16.1612,73.4667,30.1821,unique,flagged_for_review,True,low_sharpness_signal
614,614.jpg,1168,883,JPEG,3,125344,433.5351,122.676,63.7454,unique,no_automated_flags,False,
615,615.jpg,860,1102,JPEG,3,125341,17.6335,72.7259,33.1713,unique,flagged_for_review,True,low_sharpness_signal
619,619.jpg,1171,886,JPEG,3,98278,180.9966,138.4885,56.0823,unique,no_automated_flags,False,
620,620.jpg,885,1167,JPEG,3,132514,201.9426,135.4781,66.8293,unique,no_automated_flags,False,
621,621.jpg,827,1106,JPEG,3,68674,8.1608,66.0769,30.8241,unique,flagged_for_review,True,low_sharpness_signal
623,623.jpg,1171,886,JPEG,3,138714,196.7125,134.6945,58.4936,unique,no_automated_flags,False,
625,625.jpg,1171,886,JPEG,3,134786,195.6852,152.0326,56.5621,unique,no_automated_flags,False,
627,627.jpg,810,1128,JPEG,3,124546,175.3426,102.6995,56.6361,unique,no_automated_flags,False,
629,629.jpg,885,1167,JPEG,3,113266,162.9165,169.038,65.4319,unique,no_automated_flags,False,
63,63.jpg,885,1167,JPEG,3,135145,167.0885,167.3146,53.6928,unique,no_automated_flags,False,
631,631.jpg,1171,886,JPEG,3,103118,192.891,116.1622,67.4162,unique,no_automated_flags,False,
635,635.jpg,885,1167,JPEG,3,150744,203.7284,149.5344,58.8897,unique,no_automated_flags,False,
636,636.jpg,1168,883,JPEG,3,117466,538.6257,104.4483,72.0186,unique,no_automated_flags,False,
637,637.jpg,821,1061,JPEG,3,104258,20.0965,86.7381,29.9886,unique,no_automated_flags,False,
638,638.jpg,1171,886,JPEG,3,126823,191.7078,149.2571,63.714,unique,no_automated_flags,False,
639,639.jpg,833,1087,JPEG,3,111099,15.932,83.9143,30.8555,unique,flagged_for_review,True,low_sharpness_signal
640,640.jpg,1168,886,JPEG,3,125213,190.623,140.3988,66.8712,unique,no_automated_flags,False,
645,645.jpg,1171,886,JPEG,3,76745,176.128,126.194,62.3393,unique,no_automated_flags,False,
646,646.jpg,1171,886,JPEG,3,122367,199.5902,116.959,58.4731,unique,no_automated_flags,False,
647,647.jpg,625,884,JPEG,3,89292,301.7886,173.7476,68.3535,similar_duplicate,flagged_for_review,True,similar_duplicate_of:334.jpg;perceptual_distance:6
649,649.jpg,1171,886,JPEG,3,119474,199.5161,124.1168,57.2274,unique,no_automated_flags,False,
650,650.jpg,885,1167,JPEG,3,96495,168.3419,134.7309,80.7833,unique,no_automated_flags,False,
651,651.jpg,627,882,JPEG,3,69593,277.81,147.0686,67.7638,unique,no_automated_flags,False,
652,652.jpg,915,886,JPEG,3,99298,227.1808,131.8655,69.1211,unique,no_automated_flags,False,
654,654.jpg,885,1167,JPEG,3,132875,173.8395,146.8159,75.814,unique,no_automated_flags,False,
658,658.jpg,886,1171,JPEG,3,119438,157.0933,139.6289,64.1509,unique,no_automated_flags,False,
659,659.jpg,1171,886,JPEG,3,116624,185.7439,143.4701,55.5152,unique,no_automated_flags,False,
661,661.jpg,885,1167,JPEG,3,116355,158.3313,130.2461,73.0506,unique,no_automated_flags,False,
662,662.jpg,885,1167,JPEG,3,116982,176.2959,142.0355,74.5375,unique,no_automated_flags,False,
665,665.jpg,813,886,JPEG,3,74908,34.0771,149.8589,55.4843,unique,no_automated_flags,False,
667,667.jpg,885,1167,JPEG,3,76038,157.839,147.5663,69.9956,unique,no_automated_flags,False,
669,669.jpg,1168,883,JPEG,3,143199,517.8959,151.8947,66.2717,unique,no_automated_flags,False,
67,67.jpg,1171,886,JPEG,3,103429,189.6179,93.4133,56.0912,unique,no_automated_flags,False,
670,670.jpg,841,1094,JPEG,3,94625,12.2395,74.6722,30.231,unique,flagged_for_review,True,low_sharpness_signal
671,671.jpg,797,1117,JPEG,3,111030,14.136,70.6027,27.3533,unique,flagged_for_review,True,low_sharpness_signal
673,673.jpg,1168,883,JPEG,3,115684,555.2324,133.6845,63.8308,unique,no_automated_flags,False,
674,674.jpg,1168,883,JPEG,3,129596,530.0459,154.8049,58.3578,unique,no_automated_flags,False,
678,678.jpg,1168,883,JPEG,3,126888,559.6476,136.1465,58.5417,unique,no_automated_flags,False,
679,679.jpg,885,1167,JPEG,3,109373,166.8133,129.6148,68.3428,unique,no_automated_flags,False,
680,680.jpg,1171,886,JPEG,3,128786,196.6103,144.4394,63.6245,unique,no_automated_flags,False,
685,685.jpg,935,886,JPEG,3,83380,41.1636,141.0622,57.1192,unique,no_automated_flags,False,
689,689.jpg,1171,886,JPEG,3,120364,194.5931,137.3571,66.1638,unique,no_automated_flags,False,
690,690.jpg,1168,886,JPEG,3,120674,173.3558,152.3407,64.3105,unique,no_automated_flags,False,
692,692.jpg,1009,880,JPEG,3,121993,215.622,120.8348,59.2385,unique,no_automated_flags,False,
696,696.jpg,885,1167,JPEG,3,145428,183.035,158.2443,61.0985,unique,no_automated_flags,False,
697,697.jpg,1168,883,JPEG,3,80699,456.2355,131.1557,67.459,unique,no_automated_flags,False,
698,698.jpg,1171,886,JPEG,3,125135,198.9658,115.14,55.4241,unique,no_automated_flags,False,
699,699.jpg,885,1167,JPEG,3,125612,176.0595,162.4116,74.9884,unique,no_automated_flags,False,
7,7.jpg,886,1171,JPEG,3,131490,179.9096,156.2566,66.9121,unique,no_automated_flags,False,
700,700.jpg,882,1167,JPEG,3,146497,185.3614,155.6147,71.1791,unique,no_automated_flags,False,
701,701.jpg,1105,886,JPEG,3,132574,204.8883,133.0096,64.8838,unique,no_automated_flags,False,
703,703.jpg,1171,886,JPEG,3,115921,196.6601,126.9347,63.3161,unique,no_automated_flags,False,
704,704.jpg,885,1167,JPEG,3,107462,188.7011,142.8103,70.2415,unique,no_automated_flags,False,
708,708.jpg,889,886,JPEG,3,91908,219.0523,145.3155,60.6493,unique,no_automated_flags,False,
709,709.jpg,1171,886,JPEG,3,135496,203.1671,148.8605,62.1263,unique,no_automated_flags,False,
712,712.jpg,1171,886,JPEG,3,80259,181.743,110.0973,67.8347,unique,no_automated_flags,False,
713,713.jpg,1168,886,JPEG,3,149872,218.7018,140.8731,62.7877,unique,no_automated_flags,False,
717,717.jpg,1168,886,JPEG,3,144078,180.0541,146.4727,59.1197,unique,no_automated_flags,False,
718,718.jpg,1168,886,JPEG,3,117779,172.6042,130.4488,61.8359,unique,no_automated_flags,False,
719,719.jpg,1168,883,JPEG,3,130459,573.7741,142.5084,63.9794,unique,no_automated_flags,False,
720,720.jpg,1171,886,JPEG,3,138661,201.4122,140.0598,63.2035,unique,no_automated_flags,False,
721,721.jpg,885,1167,JPEG,3,112140,170.9307,104.016,67.9451,unique,no_automated_flags,False,
722,722.jpg,1171,886,JPEG,3,126117,186.9022,137.6248,60.0105,unique,no_automated_flags,False,
723,723.jpg,1171,886,JPEG,3,114296,185.1392,150.8084,64.0731,unique,no_automated_flags,False,
725,725.jpg,627,882,JPEG,3,83655,260.7279,168.1414,52.882,unique,no_automated_flags,False,
726,726.jpg,1171,886,JPEG,3,116427,186.834,121.7307,66.0339,unique,no_automated_flags,False,
727,727.jpg,1171,886,JPEG,3,120459,192.1099,150.2884,65.2089,unique,no_automated_flags,False,
729,729.jpg,1069,886,JPEG,3,127943,203.3304,144.1824,60.4101,unique,no_automated_flags,False,
730,730.jpg,1171,886,JPEG,3,153977,202.0559,162.8052,61.048,unique,no_automated_flags,False,
731,731.jpg,1171,886,JPEG,3,132443,192.0106,136.8587,62.3161,unique,no_automated_flags,False,
732,732.jpg,885,1167,JPEG,3,149500,185.622,146.4897,63.1357,unique,no_automated_flags,False,
733,733.jpg,1171,886,JPEG,3,205722,190.9583,150.2985,65.219,unique,no_automated_flags,False,
734,734.jpg,1168,886,JPEG,3,111887,175.3169,118.7723,57.0171,unique,no_automated_flags,False,
735,735.jpg,1171,886,JPEG,3,125201,189.6379,149.8999,60.7618,unique,no_automated_flags,False,
738,738.jpg,627,882,JPEG,3,93545,302.9691,189.4031,55.5094,unique,no_automated_flags,False,
739,739.jpg,801,1092,JPEG,3,96762,11.0073,66.6031,25.7876,unique,flagged_for_review,True,low_sharpness_signal
742,742.jpg,1171,886,JPEG,3,132168,210.8679,106.5982,59.0032,unique,no_automated_flags,False,
743,743.jpg,1171,886,JPEG,3,120217,200.3822,112.8494,58.5788,unique,no_automated_flags,False,
745,745.jpg,1171,886,JPEG,3,162597,214.7103,129.9473,62.4169,unique,no_automated_flags,False,
746,746.jpg,885,1167,JPEG,3,175871,199.2403,130.5308,64.2432,unique,no_automated_flags,False,
747,747.jpg,1171,886,JPEG,3,108359,183.9634,136.8644,67.2497,unique,no_automated_flags,False,
749,749.jpg,1171,886,JPEG,3,116944,189.8399,119.819,62.1195,unique,no_automated_flags,False,
75,75.jpg,1171,886,JPEG,3,204038,234.3802,127.4058,63.0699,unique,no_automated_flags,False,
750,750.jpg,1171,886,JPEG,3,113134,197.8017,113.0823,70.658,unique,no_automated_flags,False,
751,751.jpg,886,1171,JPEG,3,142899,175.3535,143.8038,74.5084,unique,no_automated_flags,False,
753,753.jpg,886,1171,JPEG,3,92235,160.2341,97.6094,63.1097,unique,no_automated_flags,False,
755,755.jpg,1112,764,JPEG,3,101911,11.7076,78.0401,32.3949,unique,flagged_for_review,True,low_sharpness_signal
759,759.jpg,784,1057,JPEG,3,91790,11.2867,67.8823,27.1768,unique,flagged_for_review,True,low_sharpness_signal
76,76.jpg,886,1171,JPEG,3,156475,191.8224,146.0475,69.6649,unique,no_automated_flags,False,
761,761.jpg,1171,886,JPEG,3,130555,191.0582,120.49,59.5359,unique,no_automated_flags,False,
762,762.jpg,885,1167,JPEG,3,129302,177.8594,141.8854,69.1982,unique,no_automated_flags,False,
765,765.jpg,1035,749,JPEG,3,76394,10.3881,67.3369,25.6815,unique,flagged_for_review,True,low_sharpness_signal
767,767.jpg,1171,886,JPEG,3,189466,239.4162,136.1967,64.824,unique,no_automated_flags,False,
768,768.jpg,1171,886,JPEG,3,129631,196.4011,148.4442,60.1831,unique,no_automated_flags,False,
77,77.jpg,1171,886,JPEG,3,114248,191.9727,112.0798,62.0805,unique,no_automated_flags,False,
772,772.jpg,1171,886,JPEG,3,133208,198.9084,156.8339,67.143,unique,no_automated_flags,False,
773,773.jpg,747,1045,JPEG,3,63892,5.5488,74.1287,22.1457,unique,flagged_for_review,True,low_sharpness_signal
774,774.jpg,974,771,JPEG,3,75441,10.9928,60.7433,27.9545,unique,flagged_for_review,True,low_sharpness_signal
775,775.jpg,991,770,JPEG,3,83451,9.5883,68.5965,35.6938,unique,flagged_for_review,True,low_sharpness_signal
776,776.jpg,885,1167,JPEG,3,106436,153.8587,136.0693,71.926,unique,no_automated_flags,False,
777,777.jpg,885,1167,JPEG,3,98352,150.0895,141.3994,69.2641,unique,no_automated_flags,False,
787,787.jpg,1171,886,JPEG,3,153763,220.2232,136.1567,59.9039,unique,no_automated_flags,False,
789,789.jpg,885,1167,JPEG,3,124573,174.7009,147.7873,69.9027,unique,no_automated_flags,False,
79,79.jpg,885,1167,JPEG,3,108283,151.7607,114.6911,62.8204,unique,no_automated_flags,False,
791,791.jpg,1171,886,JPEG,3,144740,205.0626,144.2087,57.384,unique,no_automated_flags,False,
793,793.jpg,1171,886,JPEG,3,131742,188.7489,149.777,61.1688,unique,no_automated_flags,False,
794,794.jpg,1171,886,JPEG,3,157583,213.1732,132.2369,58.5647,unique,no_automated_flags,False,
795,795.jpg,885,1167,JPEG,3,154409,182.8265,148.1852,65.0197,unique,no_automated_flags,False,
796,796.jpg,1055,840,JPEG,3,79523,10.5946,71.4935,37.6499,unique,flagged_for_review,True,low_sharpness_signal
80,80.jpg,1171,886,JPEG,3,107331,183.8564,96.4821,53.9645,unique,no_automated_flags,False,
801,801.jpg,1114,787,JPEG,3,92045,8.5508,75.72,37.2167,unique,flagged_for_review,True,low_sharpness_signal
802,802.jpg,1030,776,JPEG,3,75760,11.9807,69.3496,26.1295,unique,flagged_for_review,True,low_sharpness_signal
803,803.jpg,721,1068,JPEG,3,49552,10.8569,70.1794,25.7664,unique,flagged_for_review,True,low_sharpness_signal
805,805.jpg,770,1033,JPEG,3,77142,12.6304,70.6394,29.8374,unique,flagged_for_review,True,low_sharpness_signal
806,806.jpg,1034,727,JPEG,3,72278,11.0722,72.6198,28.8085,unique,flagged_for_review,True,low_sharpness_signal
807,807.jpg,700,1072,JPEG,3,76109,193.5576,70.034,26.3093,unique,no_automated_flags,False,
809,809.jpg,794,1048,JPEG,3,80248,13.5976,69.5412,31.2202,unique,flagged_for_review,True,low_sharpness_signal
812,812.jpg,1171,886,JPEG,3,104487,190.6981,95.1746,62.492,unique,no_automated_flags,False,
815,815.jpg,769,1080,JPEG,3,93483,34.2931,68.6152,26.3604,unique,no_automated_flags,False,
818,818.jpg,641,1117,JPEG,3,79893,10.557,64.6664,23.8731,unique,flagged_for_review,True,low_sharpness_signal
82,82.jpg,885,1167,JPEG,3,142245,186.8698,159.7153,67.4827,unique,no_automated_flags,False,
820,820.jpg,742,1087,JPEG,3,92024,14.785,72.034,24.3053,unique,flagged_for_review,True,low_sharpness_signal
822,822.jpg,1067,787,JPEG,3,88293,13.4436,67.3756,32.2408,unique,flagged_for_review,True,low_sharpness_signal
823,823.jpg,794,1091,JPEG,3,96750,14.4925,64.2327,30.644,unique,flagged_for_review,True,low_sharpness_signal
824,824.jpg,797,1034,JPEG,3,94341,32.7691,71.9226,31.0027,unique,no_automated_flags,False,
827,827.jpg,1050,806,JPEG,3,90760,16.0747,75.6578,38.4054,unique,flagged_for_review,True,low_sharpness_signal
828,828.jpg,885,1167,JPEG,3,121465,172.4328,139.1597,64.8652,unique,no_automated_flags,False,
829,829.jpg,1168,886,JPEG,3,134203,172.337,123.0196,61.956,unique,no_automated_flags,False,
83,83.jpg,886,1171,JPEG,3,174511,198.6252,159.1351,59.025,unique,no_automated_flags,False,
830,830.jpg,1168,886,JPEG,3,134715,201.2802,118.3698,52.6889,unique,no_automated_flags,False,
831,831.jpg,1171,886,JPEG,3,139886,194.0245,132.9969,60.3279,unique,no_automated_flags,False,
832,832.jpg,782,1115,JPEG,3,109988,16.0262,73.0809,35.9739,unique,flagged_for_review,True,low_sharpness_signal
834,834.jpg,1047,799,JPEG,3,84521,10.3456,73.3434,34.9967,unique,flagged_for_review,True,low_sharpness_signal
835,835.jpg,708,1101,JPEG,3,60432,15.6561,59.5865,33.1132,unique,flagged_for_review,True,low_sharpness_signal
836,836.jpg,1006,848,JPEG,3,97863,15.3531,79.9876,43.82,unique,flagged_for_review,True,low_sharpness_signal
838,838.jpg,1171,886,JPEG,3,114242,173.3542,112.2468,53.1747,unique,no_automated_flags,False,
839,839.jpg,1171,886,JPEG,3,126982,201.6024,123.9282,67.2804,unique,no_automated_flags,False,
84,84.jpg,1168,883,JPEG,3,136286,552.1851,130.3118,66.2534,unique,no_automated_flags,False,
840,840.jpg,885,1167,JPEG,3,112603,176.8847,108.4294,57.6135,unique,no_automated_flags,False,
841,841.jpg,758,1062,JPEG,3,78792,10.9608,80.3565,26.0914,unique,flagged_for_review,True,low_sharpness_signal
842,842.jpg,802,1019,JPEG,3,81502,13.7014,71.9178,31.347,unique,flagged_for_review,True,low_sharpness_signal
843,843.jpg,762,1167,JPEG,3,113702,198.4084,118.3627,53.2303,unique,no_automated_flags,False,
844,844.jpg,1171,886,JPEG,3,123704,193.6108,117.0367,58.4391,unique,no_automated_flags,False,
845,845.jpg,1171,886,JPEG,3,143326,205.7208,129.2789,70.1078,unique,no_automated_flags,False,
847,847.jpg,816,1084,JPEG,3,131942,199.1751,126.7753,63.6125,unique,no_automated_flags,False,
848,848.jpg,758,1120,JPEG,3,121683,28.5734,98.9785,43.4983,unique,no_automated_flags,False,
849,849.jpg,775,1111,JPEG,3,132039,24.6752,78.5438,35.9302,unique,no_automated_flags,False,
85,85.jpg,1171,886,JPEG,3,153799,204.7672,121.514,56.6535,unique,no_automated_flags,False,
850,850.jpg,1168,883,JPEG,3,115427,387.0764,126.6762,62.6756,unique,no_automated_flags,False,
856,856.jpg,945,883,JPEG,3,93190,419.4974,138.4557,61.8578,unique,no_automated_flags,False,
857,857.jpg,1121,883,JPEG,3,107156,357.7874,145.9591,53.1475,unique,no_automated_flags,False,
858,858.jpg,1171,886,JPEG,3,117520,180.0861,138.2785,65.2872,unique,no_automated_flags,False,
86,86.jpg,1171,886,JPEG,3,91383,198.0061,129.5376,66.1131,unique,no_automated_flags,False,
860,860.jpg,885,1167,JPEG,3,138009,163.6073,140.0704,58.1939,unique,no_automated_flags,False,
861,861.jpg,1168,883,JPEG,3,135458,411.7384,126.5425,70.4062,unique,no_automated_flags,False,
862,862.jpg,886,1171,JPEG,3,106080,171.2432,121.5956,76.3025,unique,no_automated_flags,False,
863,863.jpg,886,1171,JPEG,3,114735,174.3151,151.2957,75.0895,unique,no_automated_flags,False,
865,865.jpg,885,1167,JPEG,3,140217,178.5678,141.5255,62.67,unique,no_automated_flags,False,
867,867.jpg,885,1167,JPEG,3,107432,185.0795,102.9193,58.8774,unique,no_automated_flags,False,
868,868.jpg,1168,883,JPEG,3,147252,425.0875,126.0968,51.8055,unique,no_automated_flags,False,
869,869.jpg,885,1167,JPEG,3,101130,181.8004,82.6527,58.8707,unique,no_automated_flags,False,
873,873.jpg,727,1167,JPEG,3,73650,37.0815,143.4982,67.1338,unique,no_automated_flags,False,
874,874.jpg,1171,886,JPEG,3,124226,201.4376,122.7618,67.2006,unique,no_automated_flags,False,
875,875.jpg,959,886,JPEG,3,101725,226.6098,90.6552,51.4482,unique,no_automated_flags,False,
877,877.jpg,1171,886,JPEG,3,116971,181.2906,135.6355,70.5454,unique,no_automated_flags,False,
879,879.jpg,1171,886,JPEG,3,126754,190.239,123.7025,52.2096,unique,no_automated_flags,False,
88,88.jpg,1171,886,JPEG,3,125716,179.3764,125.7542,66.3583,unique,no_automated_flags,False,
880,880.jpg,1171,886,JPEG,3,129588,190.5332,133.9421,65.3931,similar_duplicate,flagged_for_review,True,similar_duplicate_of:532.jpg;perceptual_distance:0
886,886.jpg,1171,886,JPEG,3,132088,198.5902,148.7306,65.0539,unique,no_automated_flags,False,
888,888.jpg,1095,886,JPEG,3,153735,213.2777,134.1431,63.8682,unique,no_automated_flags,False,
889,889.jpg,758,886,JPEG,3,97139,262.9509,130.9963,59.7377,unique,no_automated_flags,False,
897,897.jpg,1171,886,JPEG,3,128693,182.8285,133.052,64.099,unique,no_automated_flags,False,
898,898.jpg,1171,886,JPEG,3,143658,204.2426,122.7541,54.8023,unique,no_automated_flags,False,
9,9.jpg,885,1167,JPEG,3,128456,204.3837,161.2175,65.9993,similar_duplicate,flagged_for_review,True,similar_duplicate_of:569.jpg;perceptual_distance:4
90,90.jpg,886,1171,JPEG,3,106637,171.2511,117.1085,79.4387,unique,no_automated_flags,False,
900,900.jpg,1171,886,JPEG,3,161037,207.2039,139.6297,61.0486,unique,no_automated_flags,False,
901,901.jpg,1168,886,JPEG,3,142098,174.613,114.3994,61.5138,unique,no_automated_flags,False,
902,902.jpg,885,1167,JPEG,3,111170,165.2512,159.4513,66.8341,unique,no_automated_flags,False,
903,903.jpg,885,1167,JPEG,3,97061,151.1505,81.119,47.8375,unique,no_automated_flags,False,
905,905.jpg,1171,886,JPEG,3,153946,200.5879,134.3404,62.3244,unique,no_automated_flags,False,
91,91.jpg,1171,886,JPEG,3,130085,193.1737,114.4195,62.6282,unique,no_automated_flags,False,
910,910.jpg,1113,883,JPEG,3,114290,366.1036,133.0569,49.0452,unique,no_automated_flags,False,
912,912.jpg,1063,886,JPEG,3,134567,210.9848,136.532,51.1235,unique,no_automated_flags,False,
914,914.jpg,1171,886,JPEG,3,110615,191.1608,105.0787,53.6294,unique,no_automated_flags,False,
919,919.jpg,1171,886,JPEG,3,135941,186.6954,151.5134,53.1258,unique,no_automated_flags,False,
92,92.jpg,886,1171,JPEG,3,165114,196.8649,137.4047,63.5418,unique,no_automated_flags,False,
921,921.jpg,885,1167,JPEG,3,126131,180.909,152.0055,68.6682,unique,no_automated_flags,False,
922,922.jpg,885,1167,JPEG,3,141013,170.1812,159.0878,65.063,unique,no_automated_flags,False,
923,923.jpg,1171,886,JPEG,3,158813,202.0375,134.5995,58.0424,unique,no_automated_flags,False,
924,924.jpg,885,1167,JPEG,3,149053,214.3622,120.3543,67.3286,unique,no_automated_flags,False,
926,926.jpg,885,1167,JPEG,3,145772,175.6353,155.1213,76.7452,unique,no_automated_flags,False,
927,927.jpg,1171,886,JPEG,3,111728,199.112,139.8141,53.4589,unique,no_automated_flags,False,
933,933.jpg,1171,886,JPEG,3,119366,204.6497,125.9658,63.8401,unique,no_automated_flags,False,
937,937.jpg,1171,886,JPEG,3,153599,192.0434,133.4737,60.3164,unique,no_automated_flags,False,
94,94.jpg,1171,886,JPEG,3,147228,197.477,145.9473,62.962,unique,no_automated_flags,False,
940,940.jpg,1168,883,JPEG,3,141737,566.518,149.7803,62.9619,unique,no_automated_flags,False,
941,941.jpg,885,1167,JPEG,3,159706,194.3703,136.3732,65.5759,unique,no_automated_flags,False,
948,948.jpg,1171,886,JPEG,3,134144,191.3828,152.3729,61.4968,unique,no_automated_flags,False,
949,949.jpg,1168,883,JPEG,3,135252,475.8061,143.7024,59.4213,similar_duplicate,flagged_for_review,True,similar_duplicate_of:348.jpg;perceptual_distance:6
95,95.jpg,1168,886,JPEG,3,166595,194.7863,136.2977,62.0286,unique,no_automated_flags,False,
951,951.jpg,1171,886,JPEG,3,147403,187.2637,149.8162,59.1207,unique,no_automated_flags,False,
952,952.jpg,995,883,JPEG,3,118216,572.511,117.2995,63.5636,unique,no_automated_flags,False,
954,954.jpg,1171,886,JPEG,3,126506,191.4662,133.77,63.7601,unique,no_automated_flags,False,
955,955.jpg,1171,886,JPEG,3,137896,191.2937,138.434,60.608,unique,no_automated_flags,False,
956,956.jpg,1171,886,JPEG,3,158048,209.5917,126.8393,60.6101,unique,no_automated_flags,False,
959,959.jpg,885,1167,JPEG,3,135803,168.8797,132.0533,55.6353,unique,no_automated_flags,False,
96,96.jpg,1171,886,JPEG,3,158300,210.8912,100.5767,56.7107,unique,no_automated_flags,False,
960,960.jpg,1168,886,JPEG,3,104294,159.0611,108.5216,54.6476,unique,no_automated_flags,False,
962,962.jpg,885,1167,JPEG,3,144326,172.0769,150.9928,57.584,unique,no_automated_flags,False,
963,963.jpg,1171,886,JPEG,3,126005,188.3254,105.9161,51.5054,unique,no_automated_flags,False,
964,964.jpg,780,886,JPEG,3,59849,35.9779,115.9741,58.2682,unique,no_automated_flags,False,
966,966.jpg,1171,886,JPEG,3,132847,186.2255,113.8926,51.3819,unique,no_automated_flags,False,
967,967.jpg,1168,883,JPEG,3,122153,411.4819,96.4853,48.5654,unique,no_automated_flags,False,
968,968.jpg,1168,886,JPEG,3,126813,172.1819,159.0413,58.0465,unique,no_automated_flags,False,
969,969.jpg,1171,886,JPEG,3,144642,198.0993,151.4453,61.1471,unique,no_automated_flags,False,
97,97.jpg,885,1167,JPEG,3,130520,176.2739,135.4844,58.0469,unique,no_automated_flags,False,
970,970.jpg,1168,883,JPEG,3,120765,409.572,89.282,51.358,unique,no_automated_flags,False,
974,974.jpg,1171,886,JPEG,3,118335,185.5219,121.2665,61.4255,unique,no_automated_flags,False,
978,978.jpg,885,1167,JPEG,3,121475,173.0132,153.5393,70.4552,unique,no_automated_flags,False,
979,979.jpg,1170,883,JPEG,3,111797,185.0271,117.3146,63.4763,unique,no_automated_flags,False,
980,980.jpg,1168,883,JPEG,3,132457,549.715,155.1463,57.2872,unique,no_automated_flags,False,
981,981.jpg,1171,886,JPEG,3,117337,195.6686,120.2081,67.2377,unique,no_automated_flags,False,
982,982.jpg,885,1167,JPEG,3,169075,200.869,123.1612,56.433,unique,no_automated_flags,False,
983,983.jpg,1171,886,JPEG,3,117219,186.8823,122.1038,65.8091,unique,no_automated_flags,False,
986,986.jpg,1168,886,JPEG,3,139371,185.414,141.961,65.2688,unique,no_automated_flags,False,
987,987.jpg,1171,886,JPEG,3,137946,186.1949,145.7525,53.9601,unique,no_automated_flags,False,
99,99.jpg,1171,886,JPEG,3,123957,170.553,142.0395,64.7802,unique,no_automated_flags,False,
991,991.jpg,775,886,JPEG,3,78797,254.246,102.2171,49.5612,unique,no_automated_flags,False,
992,992.jpg,1171,886,JPEG,3,156397,199.5118,143.3711,51.9507,unique,no_automated_flags,False,
996,996.jpg,1168,883,JPEG,3,132543,541.0403,127.0601,57.0658,unique,no_automated_flags,False,
997,997.jpg,764,1171,JPEG,3,107287,44.2705,165.855,57.884,unique,no_automated_flags,False,
999,999.jpg,1168,883,JPEG,3,142559,545.5366,139.5963,48.8913,unique,no_automated_flags,False,
