classification,issue,method,threshold,hamming_distance,cross_partition,images,partitions,evidence_methods,left,right,supporting_evidence,partition,path,stable_image_id
probable_near_duplicate,,64-bit DCT pHash,Hamming distance <= 6,6,False,,,,"{""stable_image_id"": ""Training:1045"", ""source_path"": ""dataset/raw/1045.jpg"", ""official_partition"": ""Training"", ""perceptual_hash_64"": ""af12ef13ad9285b0""}","{""stable_image_id"": ""Training:1093"", ""source_path"": ""dataset/raw/1093.jpg"", ""official_partition"": ""Training"", ""perceptual_hash_64"": ""af13ef10ad9a8594""}","{""normalized_thumbnail_mae"": 0.06969352811574936, ""thumbnail_pearson_correlation"": 0.9154295772235186}",,,
probable_near_duplicate,,64-bit DCT pHash,Hamming distance <= 6,6,True,,,,"{""stable_image_id"": ""Training:1254"", ""source_path"": ""dataset/raw/1254.jpg"", ""official_partition"": ""Training"", ""perceptual_hash_64"": ""fff3ba0aa8139091""}","{""stable_image_id"": ""Testing:1258"", ""source_path"": ""DenPAR Radiographs Dataset/Dataset/Images/1258.jpg"", ""official_partition"": ""Testing"", ""perceptual_hash_64"": ""fef7ba02b9119091""}","{""normalized_thumbnail_mae"": 0.09915340691804886, ""thumbnail_pearson_correlation"": 0.8378446094606414}",,,
probable_near_duplicate,,64-bit DCT pHash,Hamming distance <= 6,6,True,,,,"{""stable_image_id"": ""Training:214"", ""source_path"": ""dataset/raw/214.jpg"", ""official_partition"": ""Training"", ""perceptual_hash_64"": ""ae446b32afb8bc88""}","{""stable_image_id"": ""Testing:1241"", ""source_path"": ""DenPAR Radiographs Dataset/Dataset/Images/1241.jpg"", ""official_partition"": ""Testing"", ""perceptual_hash_64"": ""be486b32adb0bc8a""}","{""normalized_thumbnail_mae"": 0.15267620980739594, ""thumbnail_pearson_correlation"": 0.770532336654934}",,,
probable_near_duplicate,,64-bit DCT pHash,Hamming distance <= 6,4,False,,,,"{""stable_image_id"": ""Training:3"", ""source_path"": ""dataset/raw/3.jpg"", ""official_partition"": ""Training"", ""perceptual_hash_64"": ""aaf97b04ea1daf00""}","{""stable_image_id"": ""Training:563"", ""source_path"": ""dataset/raw/563.jpg"", ""official_partition"": ""Training"", ""perceptual_hash_64"": ""baf97b047a15af00""}","{""normalized_thumbnail_mae"": 0.02887609228491783, ""thumbnail_pearson_correlation"": 0.9509750137504722}",,,
probable_near_duplicate,,64-bit DCT pHash,Hamming distance <= 6,0,False,,,,"{""stable_image_id"": ""Training:3"", ""source_path"": ""dataset/raw/3.jpg"", ""official_partition"": ""Training"", ""perceptual_hash_64"": ""aaf97b04ea1daf00""}","{""stable_image_id"": ""Training:564"", ""source_path"": ""dataset/raw/564.jpg"", ""official_partition"": ""Training"", ""perceptual_hash_64"": ""aaf97b04ea1daf00""}","{""normalized_thumbnail_mae"": 2.7046951800002716e-05, ""thumbnail_pearson_correlation"": 0.9999994447954553}",,,
probable_near_duplicate,,64-bit DCT pHash,Hamming distance <= 6,4,False,,,,"{""stable_image_id"": ""Training:348"", ""source_path"": ""dataset/raw/348.jpg"", ""official_partition"": ""Training"", ""perceptual_hash_64"": ""ae0fea3eaab48c84""}","{""stable_image_id"": ""Training:949"", ""source_path"": ""dataset/raw/949.jpg"", ""official_partition"": ""Training"", ""perceptual_hash_64"": ""af0f6a3eaab48494""}","{""normalized_thumbnail_mae"": 0.168659046292305, ""thumbnail_pearson_correlation"": 0.7358131841363535}",,,
probable_near_duplicate,,64-bit DCT pHash,Hamming distance <= 6,0,False,,,,"{""stable_image_id"": ""Training:532"", ""source_path"": ""dataset/raw/532.jpg"", ""official_partition"": ""Training"", ""perceptual_hash_64"": ""a9573e0aef90b0b1""}","{""stable_image_id"": ""Training:880"", ""source_path"": ""dataset/raw/880.jpg"", ""official_partition"": ""Training"", ""perceptual_hash_64"": ""a9573e0aef90b0b1""}","{""normalized_thumbnail_mae"": 2.680759826034773e-05, ""thumbnail_pearson_correlation"": 0.9999991751387837}",,,
probable_near_duplicate,,64-bit DCT pHash,Hamming distance <= 6,4,False,,,,"{""stable_image_id"": ""Training:563"", ""source_path"": ""dataset/raw/563.jpg"", ""official_partition"": ""Training"", ""perceptual_hash_64"": ""baf97b047a15af00""}","{""stable_image_id"": ""Training:564"", ""source_path"": ""dataset/raw/564.jpg"", ""official_partition"": ""Training"", ""perceptual_hash_64"": ""aaf97b04ea1daf00""}","{""normalized_thumbnail_mae"": 0.028879202902317047, ""thumbnail_pearson_correlation"": 0.9509620039791099}",,,
probable_near_duplicate,,64-bit DCT pHash,Hamming distance <= 6,6,False,,,,"{""stable_image_id"": ""Training:569"", ""source_path"": ""dataset/raw/569.jpg"", ""official_partition"": ""Training"", ""perceptual_hash_64"": ""eba52ad0bf40fa05""}","{""stable_image_id"": ""Training:9"", ""source_path"": ""dataset/raw/9.jpg"", ""official_partition"": ""Training"", ""perceptual_hash_64"": ""e9a52ad4af48be05""}","{""normalized_thumbnail_mae"": 0.1321590691804886, ""thumbnail_pearson_correlation"": 0.7930294148216422}",,,
probable_near_duplicate,,64-bit DCT pHash,Hamming distance <= 6,0,False,,,,"{""stable_image_id"": ""Validation:1002"", ""source_path"": ""DenPAR Radiographs Dataset/Dataset/Validation/Images/1002.jpg"", ""official_partition"": ""Validation"", ""perceptual_hash_64"": ""eac0ad85aa8b8e9d""}","{""stable_image_id"": ""Validation:113"", ""source_path"": ""DenPAR Radiographs Dataset/Dataset/Validation/Images/113.jpg"", ""official_partition"": ""Validation"", ""perceptual_hash_64"": ""eac0ad85aa8b8e9d""}","{""normalized_thumbnail_mae"": 2.2259881006903015e-05, ""thumbnail_pearson_correlation"": 0.9999991790810634}",,,
probable_near_duplicate,,64-bit DCT pHash,Hamming distance <= 6,0,True,,,,"{""stable_image_id"": ""Validation:853"", ""source_path"": ""DenPAR Radiographs Dataset/Dataset/Validation/Images/853.jpg"", ""official_partition"": ""Validation"", ""perceptual_hash_64"": ""bb6a7a98aad0ea60""}","{""stable_image_id"": ""Testing:852"", ""source_path"": ""DenPAR Radiographs Dataset/Dataset/Images/852.jpg"", ""official_partition"": ""Testing"", ""perceptual_hash_64"": ""bb6a7a98aad0ea60""}","{""normalized_thumbnail_mae"": 7.348154031205922e-05, ""thumbnail_pearson_correlation"": 0.9999649907738114}",,,
confirmed_leakage,,,,,True,"[""Training:1029"", ""Validation:1028""]","[""Training"", ""Validation""]","[{""method"": ""identical_file_sha256"", ""hash"": ""68f82ad2c9e5d67a681a6e8766de696e45e880bea635d8dd687f00a6b4b757db""}, {""method"": ""identical_normalized_pixels"", ""hash"": ""480b4273188663e25b894598914ea17eff8ca273ed74443cb29f1c9346631148""}]",,,,,,
exact_duplicate,,,,,False,"[""Training:1099"", ""Training:1100""]","[""Training""]","[{""method"": ""identical_file_sha256"", ""hash"": ""6897351d4cf48cf4973704179439ec27c2b36d9082c76d8c4d80747886854136""}, {""method"": ""identical_normalized_pixels"", ""hash"": ""31a3d48a88f8745c71298496a1eacba7732f310a8e0069e5396e381b84aa1c86""}]",,,,,,
exact_duplicate,,,,,False,"[""Training:1198"", ""Training:1217""]","[""Training""]","[{""method"": ""identical_file_sha256"", ""hash"": ""1ed3cddd4de8d3c0f7fb2f8812de07c936b2125cda910d0a02e92272c69b243a""}, {""method"": ""identical_normalized_pixels"", ""hash"": ""b222de2be41ad5416155b2e1872dc1c82c5f5ba62f0bd630c10a54a11b745a4b""}]",,,,,,
exact_duplicate,,,,,False,"[""Training:1256"", ""Training:1257""]","[""Training""]","[{""method"": ""identical_file_sha256"", ""hash"": ""075a2d7035b9bd68fd72ff4e2bcd66dd2b02b2d4bfc750030f499f39b063027c""}, {""method"": ""identical_normalized_pixels"", ""hash"": ""56f33927a32bf60b1a2bec8b712141f563915abecd9569cfd8a149467783b2a8""}]",,,,,,
confirmed_leakage,,,,,True,"[""Testing:166"", ""Training:164""]","[""Testing"", ""Training""]","[{""method"": ""identical_file_sha256"", ""hash"": ""5082c0fd922b4117c5d420229dbfd187d72e0b6ffddc0bfcbcee966bd59bc21e""}, {""method"": ""identical_normalized_pixels"", ""hash"": ""5343bdfcc316c646bc9c501941968e165a06ce670b003a1e64744857664a2040""}]",,,,,,
exact_duplicate,,,,,False,"[""Training:2"", ""Training:4""]","[""Training""]","[{""method"": ""identical_file_sha256"", ""hash"": ""83c034edc3bc35523d35af10daaca6fd1f0f628fe43b870bb6eefb11d7cf0d7d""}, {""method"": ""identical_normalized_pixels"", ""hash"": ""ac2d90b46726fb40457f0b4002021e57befd75ee5d690e06ad4d1a198acde388""}]",,,,,,
confirmed_leakage,,,,,True,"[""Training:29"", ""Validation:158""]","[""Training"", ""Validation""]","[{""method"": ""identical_file_sha256"", ""hash"": ""e8599081ed505aafe7d971cc4cf3310861100cdbbc7b6fa30d75890460fe4798""}, {""method"": ""identical_normalized_pixels"", ""hash"": ""3f249d6a53c4531bfb998834680b8c9d72f26404ed36fc382b03f1ab04d6ebdb""}]",,,,,,
exact_duplicate,,,,,False,"[""Training:314"", ""Training:315""]","[""Training""]","[{""method"": ""identical_file_sha256"", ""hash"": ""9ea4308030215363d9d3a4298e9b54914434cb1aafbb030d1957652b861c0229""}, {""method"": ""identical_normalized_pixels"", ""hash"": ""04ce82580838ce58f2411e19c3fbfdd9882a38a3ae735886e7fe8494bed6f3a0""}]",,,,,,
confirmed_leakage,,,,,True,"[""Training:903"", ""Validation:899""]","[""Training"", ""Validation""]","[{""method"": ""identical_file_sha256"", ""hash"": ""cb395d31abdc40d24f29175362ad0d2e21aa3202f699b7597c53fd83763bd1fd""}, {""method"": ""identical_normalized_pixels"", ""hash"": ""6593327dca4763a785f8d45d47af426b069ed4fa77dcb3c50216b12dd04168d0""}]",,,,,,
provenance_unverified,patient_level_grouping_unavailable,,,,,,,,,,,,,
