classification,method,threshold,hamming_distance,relative_aspect_difference,cross_partition,left,right,supporting_evidence,interpretation
probable_near_duplicate,64-bit DCT pHash,Hamming distance <= 6,6,0.0,False,"{""stable_image_id"": ""Training:1045"", ""source_path"": ""dataset/raw/1045.jpg"", ""official_partition"": ""Training"", ""perceptual_hash_64"": ""af12ef13ad9285b0""}","{""stable_image_id"": ""Training:1093"", ""source_path"": ""dataset/raw/1093.jpg"", ""official_partition"": ""Training"", ""perceptual_hash_64"": ""af13ef10ad9a8594""}","{""normalized_thumbnail_mae"": 0.06969352811574936, ""thumbnail_pearson_correlation"": 0.9154295772235186}",candidate_for_manual_review_not_a_confirmed_duplicate
probable_near_duplicate,64-bit DCT pHash,Hamming distance <= 6,6,0.0,True,"{""stable_image_id"": ""Training:1254"", ""source_path"": ""dataset/raw/1254.jpg"", ""official_partition"": ""Training"", ""perceptual_hash_64"": ""fff3ba0aa8139091""}","{""stable_image_id"": ""Testing:1258"", ""source_path"": ""DenPAR Radiographs Dataset/Dataset/Images/1258.jpg"", ""official_partition"": ""Testing"", ""perceptual_hash_64"": ""fef7ba02b9119091""}","{""normalized_thumbnail_mae"": 0.09915340691804886, ""thumbnail_pearson_correlation"": 0.8378446094606414}",candidate_for_manual_review_not_a_confirmed_duplicate
probable_near_duplicate,64-bit DCT pHash,Hamming distance <= 6,6,0.0008262082933919694,True,"{""stable_image_id"": ""Training:214"", ""source_path"": ""dataset/raw/214.jpg"", ""official_partition"": ""Training"", ""perceptual_hash_64"": ""ae446b32afb8bc88""}","{""stable_image_id"": ""Testing:1241"", ""source_path"": ""DenPAR Radiographs Dataset/Dataset/Images/1241.jpg"", ""official_partition"": ""Testing"", ""perceptual_hash_64"": ""be486b32adb0bc8a""}","{""normalized_thumbnail_mae"": 0.15267620980739594, ""thumbnail_pearson_correlation"": 0.770532336654934}",candidate_for_manual_review_not_a_confirmed_duplicate
probable_near_duplicate,64-bit DCT pHash,Hamming distance <= 6,4,0.030848329048843055,False,"{""stable_image_id"": ""Training:3"", ""source_path"": ""dataset/raw/3.jpg"", ""official_partition"": ""Training"", ""perceptual_hash_64"": ""aaf97b04ea1daf00""}","{""stable_image_id"": ""Training:563"", ""source_path"": ""dataset/raw/563.jpg"", ""official_partition"": ""Training"", ""perceptual_hash_64"": ""baf97b047a15af00""}","{""normalized_thumbnail_mae"": 0.02887609228491783, ""thumbnail_pearson_correlation"": 0.9509750137504722}",candidate_for_manual_review_not_a_confirmed_duplicate
probable_near_duplicate,64-bit DCT pHash,Hamming distance <= 6,0,0.0,False,"{""stable_image_id"": ""Training:3"", ""source_path"": ""dataset/raw/3.jpg"", ""official_partition"": ""Training"", ""perceptual_hash_64"": ""aaf97b04ea1daf00""}","{""stable_image_id"": ""Training:564"", ""source_path"": ""dataset/raw/564.jpg"", ""official_partition"": ""Training"", ""perceptual_hash_64"": ""aaf97b04ea1daf00""}","{""normalized_thumbnail_mae"": 2.7046951800002716e-05, ""thumbnail_pearson_correlation"": 0.9999994447954553}",candidate_for_manual_review_not_a_confirmed_duplicate
probable_near_duplicate,64-bit DCT pHash,Hamming distance <= 6,4,0.0033860045146728215,False,"{""stable_image_id"": ""Training:348"", ""source_path"": ""dataset/raw/348.jpg"", ""official_partition"": ""Training"", ""perceptual_hash_64"": ""ae0fea3eaab48c84""}","{""stable_image_id"": ""Training:949"", ""source_path"": ""dataset/raw/949.jpg"", ""official_partition"": ""Training"", ""perceptual_hash_64"": ""af0f6a3eaab48494""}","{""normalized_thumbnail_mae"": 0.168659046292305, ""thumbnail_pearson_correlation"": 0.7358131841363535}",candidate_for_manual_review_not_a_confirmed_duplicate
probable_near_duplicate,64-bit DCT pHash,Hamming distance <= 6,0,0.0,False,"{""stable_image_id"": ""Training:532"", ""source_path"": ""dataset/raw/532.jpg"", ""official_partition"": ""Training"", ""perceptual_hash_64"": ""a9573e0aef90b0b1""}","{""stable_image_id"": ""Training:880"", ""source_path"": ""dataset/raw/880.jpg"", ""official_partition"": ""Training"", ""perceptual_hash_64"": ""a9573e0aef90b0b1""}","{""normalized_thumbnail_mae"": 2.680759826034773e-05, ""thumbnail_pearson_correlation"": 0.9999991751387837}",candidate_for_manual_review_not_a_confirmed_duplicate
probable_near_duplicate,64-bit DCT pHash,Hamming distance <= 6,4,0.030848329048843055,False,"{""stable_image_id"": ""Training:563"", ""source_path"": ""dataset/raw/563.jpg"", ""official_partition"": ""Training"", ""perceptual_hash_64"": ""baf97b047a15af00""}","{""stable_image_id"": ""Training:564"", ""source_path"": ""dataset/raw/564.jpg"", ""official_partition"": ""Training"", ""perceptual_hash_64"": ""aaf97b04ea1daf00""}","{""normalized_thumbnail_mae"": 0.028879202902317047, ""thumbnail_pearson_correlation"": 0.9509620039791099}",candidate_for_manual_review_not_a_confirmed_duplicate
probable_near_duplicate,64-bit DCT pHash,Hamming distance <= 6,6,0.0,False,"{""stable_image_id"": ""Training:569"", ""source_path"": ""dataset/raw/569.jpg"", ""official_partition"": ""Training"", ""perceptual_hash_64"": ""eba52ad0bf40fa05""}","{""stable_image_id"": ""Training:9"", ""source_path"": ""dataset/raw/9.jpg"", ""official_partition"": ""Training"", ""perceptual_hash_64"": ""e9a52ad4af48be05""}","{""normalized_thumbnail_mae"": 0.1321590691804886, ""thumbnail_pearson_correlation"": 0.7930294148216422}",candidate_for_manual_review_not_a_confirmed_duplicate
probable_near_duplicate,64-bit DCT pHash,Hamming distance <= 6,0,0.0,False,"{""stable_image_id"": ""Validation:1002"", ""source_path"": ""DenPAR Radiographs Dataset/Dataset/Validation/Images/1002.jpg"", ""official_partition"": ""Validation"", ""perceptual_hash_64"": ""eac0ad85aa8b8e9d""}","{""stable_image_id"": ""Validation:113"", ""source_path"": ""DenPAR Radiographs Dataset/Dataset/Validation/Images/113.jpg"", ""official_partition"": ""Validation"", ""perceptual_hash_64"": ""eac0ad85aa8b8e9d""}","{""normalized_thumbnail_mae"": 2.2259881006903015e-05, ""thumbnail_pearson_correlation"": 0.9999991790810634}",candidate_for_manual_review_not_a_confirmed_duplicate
probable_near_duplicate,64-bit DCT pHash,Hamming distance <= 6,0,0.0,True,"{""stable_image_id"": ""Validation:853"", ""source_path"": ""DenPAR Radiographs Dataset/Dataset/Validation/Images/853.jpg"", ""official_partition"": ""Validation"", ""perceptual_hash_64"": ""bb6a7a98aad0ea60""}","{""stable_image_id"": ""Testing:852"", ""source_path"": ""DenPAR Radiographs Dataset/Dataset/Images/852.jpg"", ""official_partition"": ""Testing"", ""perceptual_hash_64"": ""bb6a7a98aad0ea60""}","{""normalized_thumbnail_mae"": 7.348154031205922e-05, ""thumbnail_pearson_correlation"": 0.9999649907738114}",candidate_for_manual_review_not_a_confirmed_duplicate
