File name,Age,Gender,Bone resorption,Bone resorption Age,Level,Number of missing teeth,Implant,Residual root,Functional tooth logarithm
patient_image_000001_07f48740.jpg,18,1,0,0,1,0,0,0,14
patient_image_000002_4bb31c71.jpg,18,1,0.223684211,1.242690058,3,4,0,0,12
patient_image_000003_2b2e7506.jpg,19,1,0.270834291,1.425443638,3,0,0,0,14
patient_image_000004_ba49da4c.jpg,19,1,0.182891628,0.962587517,2,0,0,0,14
patient_image_000005_89a2810f.jpg,19,1,0,0,1,0,0,0,14
patient_image_000006_4aa37c68.jpg,19,1,0,0,1,0,0,0,14
patient_image_000007_833861b5.jpg,19,1,0.217948718,1.147098516,3,0,0,0,14
patient_image_000008_fdfc183f.jpg,20,1,0.183477706,0.917388532,2,1,0,1,12
patient_image_000009_ea22106e.jpg,20,1,0.159300892,0.796504462,2,0,0,0,14
patient_image_000010_5ed86d8c.jpg,20,1,0,0,1,0,0,0,14
patient_image_000011_f63684cb.jpg,20,1,0,0,1,0,0,0,14
patient_image_000012_86f50079.jpg,20,1,0.141423139,0.707115696,2,1,0,1,12
patient_image_000013_306b0a74.jpg,20,1,0.252808989,1.264044944,3,0,0,0,14
patient_image_000014_5e758ad3.jpg,20,1,0,0,1,0,0,0,14
patient_image_000015_17fab6ee.jpg,20,1,0,0,1,0,0,0,14
patient_image_000016_ab713879.jpg,20,1,0.162864349,0.814321744,2,0,0,0,14
patient_image_000017_ca4081d6.jpg,20,1,0.167229485,0.836147427,2,0,0,0,14
patient_image_000018_38bd4f5d.jpg,21,1,0.152777778,0.727513228,2,0,0,0,14
patient_image_000019_23caeef3.jpg,21,1,0.248279494,1.182283307,3,0,0,0,14
patient_image_000020_353539ca.jpg,21,1,0,0,1,0,0,0,14
patient_image_000021_1f767ab9.jpg,21,1,0.218043877,1.038304178,3,0,0,1,13
patient_image_000022_4eb9fa52.jpg,21,1,0,0,1,0,0,0,14
patient_image_000041_3419cc4a.jpg,22,1,0,0,1,0,0,0,14
patient_image_000042_d3a22881.jpg,22,1,0,0,1,0,0,0,14
patient_image_000043_7dfff7e3.jpg,22,1,0,0,1,0,0,0,14
patient_image_000044_069a1491.jpg,22,1,0.290598291,1.320901321,3,0,0,0,14
patient_image_000045_0bb8bfd1.jpg,22,1,0.193048726,0.877494208,2,0,0,0,14
patient_image_000046_7bb08579.jpg,22,1,0.237288136,1.078582435,3,1,0,0,13
patient_image_000047_689da8a4.jpg,22,1,0.235191807,1.069053667,3,0,0,0,14
patient_image_000048_8f55577f.jpg,22,1,0.133790389,0.60813813,2,0,0,0,14
patient_image_000049_157393ab.jpg,22,1,0,0,1,1,1,0,14
patient_image_000050_8035801c.jpg,22,1,0.229087873,1.041308515,3,0,0,0,14
patient_image_000051_004f2f5d.jpg,23,1,0.140399702,0.610433488,2,0,0,0,14
patient_image_000052_bb58bec5.jpg,23,1,0.188100405,0.81782785,2,1,0,0,13
patient_image_000053_78f8d04f.jpg,23,1,0.255128855,1.109255893,3,0,0,0,14
patient_image_000054_83210bea.jpg,23,1,0,0,1,0,0,0,14
patient_image_000055_084cf9be.jpg,23,1,0,0,1,0,0,0,14
patient_image_000056_f606ecd4.jpg,23,1,0,0,1,0,0,0,14
patient_image_000057_5e79eb68.jpg,23,1,0,0,1,0,0,0,14
patient_image_000058_0d2690d1.jpg,23,1,0.216201272,0.940005529,2,0,0,0,14
patient_image_000059_473456db.jpg,23,1,0.328571429,1.428571429,3,0,0,0,14
patient_image_000060_4c42195d.jpg,23,1,0.236063407,1.026362638,3,0,0,0,14
patient_image_000061_2d347679.jpg,23,1,0,0,1,0,0,0,14
patient_image_000062_dd049995.jpg,23,1,0.276905882,1.203938619,3,0,0,0,14
patient_image_000063_d9146af9.jpg,23,1,0.248910144,1.082218016,3,0,0,0,14
patient_image_000064_5e3832ed.jpg,23,1,0,0,1,0,0,0,14
patient_image_000065_f269e0d0.jpg,24,1,0,0,1,0,0,0,14
patient_image_000066_d46c9785.jpg,24,1,0.173913043,0.724637681,2,0,0,0,14
patient_image_000067_0aab16a7.jpg,24,1,0.198757764,0.82815735,2,0,0,0,14
patient_image_000068_ba92024d.jpg,24,1,0.21400168,0.891673668,2,0,0,0,14
patient_image_000069_03441373.jpg,24,1,0.377300735,1.572086394,3,0,0,0,14
patient_image_000070_5c483f70.jpg,24,1,0,0,1,0,0,0,14
patient_image_000071_7ff3fd0c.jpg,24,1,0.320610687,1.335877863,3,0,0,0,14
patient_image_000072_24a7ca89.jpg,24,1,0.200583039,0.835762662,2,0,0,0,14
patient_image_000073_f9f52225.jpg,24,1,0.266679697,1.111165404,3,0,0,2,12
patient_image_000074_0c02a5f3.jpg,24,1,0.249943584,1.041431601,3,0,0,0,14
patient_image_000075_3ce079b5.jpg,24,1,0,0,1,0,0,0,14
patient_image_000076_bfd1d96f.jpg,24,1,0,0,1,0,0,0,14
patient_image_000077_b5ed5649.jpg,25,1,0.426626446,1.706505786,3,0,0,0,14
patient_image_000078_888484a1.jpg,25,1,0.24807136,0.992285439,2,1,0,0,13
patient_image_000079_466ed8fb.jpg,25,1,0.215882714,0.863530857,2,4,0,0,12
patient_image_000080_62c2ce97.jpg,25,1,0.333333333,1.333333333,3,0,0,0,14
patient_image_000081_4a2a97ba.jpg,25,1,0.403409091,1.613636364,3,0,0,0,14
patient_image_000082_1573cc84.jpg,25,1,0.263157895,1.052631579,3,0,0,0,14
patient_image_000083_69520d04.jpg,25,1,0.223183604,0.892734415,2,1,0,0,13
patient_image_000084_e135816e.jpg,25,1,0.138297872,0.553191489,2,0,0,0,14
patient_image_000085_23bbfd21.jpg,25,1,0.177847522,0.711390088,2,0,0,0,14
patient_image_000086_d4dee6ca.jpg,25,1,0.157044951,0.628179803,2,0,0,0,14
patient_image_000087_ed410d35.jpg,25,1,0,0,1,0,0,0,14
patient_image_000088_515f171a.jpg,25,1,0.328125,1.3125,3,1,0,0,13
patient_image_000089_cb76aaf2.jpg,25,1,0.298369167,1.193476667,3,0,0,0,14
patient_image_000090_296273f5.jpg,25,1,0.228707916,0.914831663,2,0,0,0,14
patient_image_000091_402cb864.jpg,25,1,0.147010566,0.588042266,2,0,0,0,14
patient_image_000092_3c5a3b75.jpg,25,1,0.252244771,1.008979085,3,0,0,0,14
patient_image_000093_c5658ef3.jpg,25,1,0.184188387,0.736753549,2,0,0,0,14
patient_image_000094_7b1f8dd3.jpg,25,1,0.225645281,0.902581125,2,0,0,0,14
patient_image_000095_72dd2f18.jpg,25,1,0,0,1,0,0,0,14
patient_image_000096_9aff477c.jpg,25,1,0.350751548,1.403006192,3,4,0,0,12
patient_image_000097_ca98b862.jpg,25,1,0.232036366,0.928145464,2,0,0,0,14
patient_image_000098_998fc38b.jpg,25,1,0.173844907,0.695379628,2,0,0,0,14
patient_image_000099_5a285290.jpg,26,1,0.15318664,0.589179385,2,0,0,0,14
patient_image_000100_759b168c.jpg,26,1,0.159671456,0.614120985,2,0,0,0,14
patient_image_000101_b9058bd6.jpg,26,1,0.471479994,1.813384592,3,0,0,1,13
patient_image_000102_faca9771.jpg,26,1,0.243093923,0.934976626,2,0,0,0,14
patient_image_000103_a4980122.jpg,26,1,0.239520958,0.921234454,2,0,0,0,14
patient_image_000104_412f98d8.jpg,26,1,0.336804502,1.295401931,3,0,0,0,14
patient_image_000105_1b343ea2.jpg,26,1,0,0,1,0,0,0,14
patient_image_000106_c185522d.jpg,26,1,0,0,1,0,0,0,14
patient_image_000107_3ad8506d.jpg,26,1,0.2,0.769230769,2,1,0,0,13
patient_image_000108_58d95f86.jpg,26,1,0.317273263,1.22028178,3,4,0,0,12
patient_image_000109_d5af1e8d.jpg,26,1,0.485690762,1.868041393,3,0,0,0,14
patient_image_000110_d2b43f3e.jpg,26,1,0,0,1,0,0,0,14
patient_image_000111_3f5d902f.jpg,26,1,0.20053624,0.771293229,2,0,0,0,14
patient_image_000112_fa49a120.jpg,26,1,0.545983216,2.099935448,3,0,0,0,14
patient_image_000113_8dc0b8b0.jpg,26,1,0.317038237,1.219377833,3,0,0,0,14
patient_image_000114_531bba93.jpg,26,1,0.170177686,0.65452956,2,0,0,0,14
patient_image_000115_42f04a2c.jpg,26,1,0.486031403,1.869351551,3,4,0,0,10
patient_image_000116_83ae40ec.jpg,26,1,0,0,1,0,0,0,14
patient_image_000117_da187e7e.jpg,26,1,0.152129817,0.585114682,2,0,0,0,14
patient_image_000118_dddc8ac1.jpg,26,1,0.133371214,0.512966208,2,0,0,0,14
patient_image_000119_d5a73178.jpg,26,1,0.263861785,1.014853018,3,0,0,0,14
patient_image_000120_0070a102.jpg,27,1,0.129476913,0.479544123,2,0,0,0,14
patient_image_000121_c77f2c83.jpg,27,1,0.167110233,0.618926787,2,3,0,0,11
patient_image_000122_36a9e7b6.jpg,27,1,0.198257092,0.734285527,2,0,0,0,14
patient_image_000123_1ebadac8.jpg,27,1,0.321059419,1.18910896,3,0,0,0,14
patient_image_000124_33072be7.jpg,27,1,0.222497148,0.824063509,2,1,1,0,13
patient_image_000125_179d73b8.jpg,27,1,0.127920071,0.473778039,2,0,0,0,14
patient_image_000126_476f739a.jpg,27,1,0.227811989,0.843748109,2,0,0,0,14
patient_image_000127_924013a0.jpg,27,1,0.147792863,0.547380975,2,4,0,0,12
patient_image_000128_955b9373.jpg,27,1,0.203953988,0.755385141,2,0,0,0,14
patient_image_000129_a876f783.jpg,27,1,0.204739178,0.758293253,2,0,0,0,14
patient_image_000130_ac295d3a.jpg,27,1,0.198946323,0.736838233,2,0,0,0,14
patient_image_000131_5174739a.jpg,27,1,0.336841599,1.247561478,3,0,0,0,14
patient_image_000132_5034156b.jpg,27,1,0.185766617,0.688024508,2,0,0,0,14
patient_image_000133_8269774b.jpg,27,1,0.29958793,1.109584926,3,4,0,0,10
patient_image_000134_1642341c.jpg,27,1,0.275926136,1.021948652,3,0,0,0,14
patient_image_000135_32f01435.jpg,27,1,0.256255149,0.949093145,2,0,0,0,14
patient_image_000136_13ff14b0.jpg,27,1,0.117762953,0.436159084,2,0,0,0,14
patient_image_000137_4a92164f.jpg,27,1,0.181980436,0.674001616,2,0,0,0,14
patient_image_000138_41b8c01e.jpg,27,1,0.388801963,1.440007271,3,2,0,0,12
patient_image_000139_a575ce99.jpg,27,1,0.246651515,0.91352413,2,0,0,0,14
patient_image_000140_d7d0ac07.jpg,27,1,0.310679612,1.150665228,3,0,0,0,14
patient_image_000141_bf14d4a9.jpg,27,1,0.169719349,0.628590183,2,0,0,0,14
patient_image_000142_8a91e5a8.jpg,27,1,0.203911427,0.755227507,2,0,0,0,14
patient_image_000143_e047c499.jpg,27,1,0.524078425,1.941031205,3,0,0,0,14
patient_image_000144_6fa8e9da.jpg,28,1,0.287634018,1.027264351,3,0,0,0,14
patient_image_000145_2f22d13c.jpg,28,1,0.353256079,1.261628853,3,0,0,0,14
patient_image_000146_23d86546.jpg,28,1,0.416666667,1.488095238,3,1,0,0,13
patient_image_000147_0f29426c.jpg,28,1,0.362416107,1.294343241,3,0,0,0,14
patient_image_000148_f7015263.jpg,28,1,0,0,1,0,0,0,14
patient_image_000149_330df8e6.jpg,28,1,0.175910098,0.628250348,2,0,0,0,14
patient_image_000150_602e20ca.jpg,28,1,0.124034854,0.442981621,2,1,0,0,13
patient_image_000151_5b6399fb.jpg,28,1,0.243226951,0.868667683,2,1,0,0,13
patient_image_000152_2fac999b.jpg,28,1,0,0,1,0,0,0,14
patient_image_000153_9b3a1259.jpg,28,1,0.183622741,0.655795505,2,0,0,0,14
patient_image_000154_72770c6b.jpg,28,1,0,0,1,0,0,0,14
patient_image_000155_0feacd58.jpg,28,1,0.195465087,0.698089598,2,0,0,0,14
patient_image_000156_f850dcfc.jpg,28,1,0.317241379,1.133004926,3,0,0,0,14
patient_image_000157_47aabf62.jpg,28,1,0,0,1,0,0,0,14
patient_image_000158_1a300db2.jpg,28,1,0,0,1,0,0,0,14
patient_image_000159_59b14016.jpg,28,1,0.23889416,0.853193429,2,0,0,0,14
patient_image_000160_6683539a.jpg,28,1,0.235678399,0.841708567,2,0,0,0,14
patient_image_000161_2c258c0e.jpg,28,1,0.204349837,0.729820847,2,0,0,0,14
patient_image_000162_e8668d74.jpg,28,1,0.141312391,0.504687112,2,0,0,0,14
patient_image_000163_a7b2d449.jpg,29,1,0.35483871,1.223581758,3,0,0,0,14
patient_image_000164_d523bc1b.jpg,29,1,0.216656757,0.747092266,2,0,0,0,14
patient_image_000165_e2aac68a.jpg,29,1,0.225502093,0.777593425,2,4,0,0,12
patient_image_000166_d03ae694.jpg,29,1,0,0,1,0,0,0,14
patient_image_000167_670b1b48.jpg,29,1,0.239520958,0.825934338,2,0,0,0,14
patient_image_000168_476709d0.jpg,29,1,0.2,0.689655172,2,0,0,0,14
patient_image_000169_5b675efb.jpg,29,1,0,0,1,0,0,0,14
patient_image_000170_8e2eded9.jpg,29,1,0.52818865,1.821340172,3,0,0,0,14
patient_image_000171_3755b3d8.jpg,29,1,0.220922868,0.761802995,2,0,0,0,14
patient_image_000172_fed06c65.jpg,29,1,0.255238461,0.880132625,2,0,0,0,14
patient_image_000173_bdd537f7.jpg,29,1,0.215193042,0.742044973,2,0,0,0,14
patient_image_000174_d07c1ecc.jpg,29,1,0.208552693,0.719147218,2,0,0,0,14
patient_image_000175_ee6df398.jpg,29,1,0,0,1,0,0,0,14
patient_image_000176_5bd8841b.jpg,29,1,0.227311987,0.783834436,2,0,0,0,14
patient_image_000177_95a9a504.jpg,29,1,0,0,1,0,0,0,14
patient_image_000178_589dfb90.jpg,29,1,0.261060978,0.90021027,2,0,0,0,14
patient_image_000179_8a1c8c22.jpg,29,1,0.244897959,0.844475721,2,2,0,0,13
patient_image_000180_37c4646e.jpg,29,1,0.261627907,0.902165196,2,0,0,0,14
patient_image_000181_aea20064.jpg,29,1,0.309090909,1.065830721,3,0,0,0,14
patient_image_000182_c4b93c62.jpg,29,1,0.211542178,0.729455787,2,0,0,0,14
patient_image_000183_ed724976.jpg,30,1,0.308795488,1.029318293,3,2,0,0,12
patient_image_000184_8ce19f36.jpg,30,1,0.329708643,1.099028811,3,0,0,0,14
patient_image_000185_7612c8a3.jpg,30,1,0.274802527,0.916008424,2,1,1,0,14
patient_image_000186_7c3fbae5.jpg,30,1,0,0,1,1,0,0,13
patient_image_000187_3a99cef5.jpg,30,1,0.274898136,0.91632712,2,0,0,0,14
patient_image_000188_a18e833b.jpg,30,1,0.145340035,0.484466784,2,0,0,0,14
patient_image_000189_2b1f297a.jpg,30,1,0.431818182,1.439393939,3,3,0,1,12
patient_image_000190_371b9288.jpg,30,1,0.2003383,0.667794334,2,1,0,0,13
patient_image_000191_b8777160.jpg,30,1,0.332964706,1.109882353,3,0,0,0,14
patient_image_000192_ff419a8a.jpg,31,1,0,0,1,0,0,0,14
patient_image_000193_846072ee.jpg,31,1,0.277255395,0.894372243,2,0,0,0,14
patient_image_000194_fde52b01.jpg,31,1,0,0,1,0,0,0,14
patient_image_000195_99b7c83c.jpg,31,1,0,0,1,0,0,0,14
patient_image_000196_8989b7dd.jpg,31,1,0.212804042,0.686464652,2,0,0,0,14
patient_image_000197_82c160be.jpg,31,1,0.236656457,0.763407925,2,0,0,0,14
patient_image_000198_3ae3120f.jpg,31,1,0.222225403,0.71685614,2,1,0,0,13
patient_image_000199_9a8179b4.jpg,31,1,0.284035138,0.91624238,2,0,0,0,14
patient_image_000200_c9ae0753.jpg,31,1,0.326750383,1.054033492,3,1,0,0,13
patient_image_000201_68fcfc13.jpg,31,1,0.354330709,1.143002286,3,0,0,0,14
patient_image_000202_4e744692.jpg,31,1,0.25974026,0.837871806,2,3,3,0,14
patient_image_000203_71f4669d.jpg,31,1,0.290187952,0.936090168,2,0,0,0,14
patient_image_000204_721f7bac.jpg,31,1,0.358980989,1.15800319,3,0,0,0,14
patient_image_000205_eadd10df.jpg,32,1,0.876767766,2.739899268,3,3,0,0,11
patient_image_000206_872ca56e.jpg,32,1,0.237607295,0.742522795,2,0,0,0,14
patient_image_000207_83423773.jpg,32,1,0.285714286,0.892857143,2,0,0,0,14
patient_image_000208_e445f5b2.jpg,32,1,0.323291968,1.010287401,3,1,0,0,13
patient_image_000209_8863e974.jpg,32,1,0.274509804,0.857843137,2,0,0,0,14
patient_image_000210_3357c2d7.jpg,32,1,0.2917217,0.911630313,2,0,0,0,14
patient_image_000211_60d9b3f8.jpg,32,1,0.205080494,0.640876544,2,0,0,0,14
patient_image_000212_a5293eb5.jpg,32,1,0.267437681,0.835742753,2,0,0,0,14
patient_image_000213_93d7e0f0.jpg,32,1,0.300421191,0.93881622,2,0,0,0,14
patient_image_000214_ea26e5ea.jpg,32,1,0.316769625,0.989905078,2,0,0,0,14
patient_image_000215_77fd33bd.jpg,32,1,0.297474698,0.929608433,2,1,1,0,14
patient_image_000216_cc3ec1c0.jpg,32,1,0.195286698,0.610270932,2,0,0,0,14
patient_image_000217_60a9142d.jpg,32,1,0.269633982,0.842606194,2,4,0,0,11
patient_image_000218_9c50babc.jpg,32,1,0.25312473,0.791014781,2,0,0,0,14
patient_image_000219_9770f2b9.jpg,32,1,0.278742888,0.871071526,2,0,0,1,13
patient_image_000220_1fc8f48e.jpg,32,1,0.297075669,0.928361467,2,0,0,0,14
patient_image_000221_e7d95fd5.jpg,32,1,0.242537101,0.75792844,2,0,0,0,14
patient_image_000222_159b7de2.jpg,32,1,0.300312093,0.938475292,2,0,0,0,14
patient_image_000223_4ebeaf32.jpg,33,1,0.327128281,0.991297821,2,4,0,0,12
patient_image_000224_654a73ca.jpg,33,1,0.351820195,1.066121803,3,0,0,0,14
patient_image_000225_f73fd9c3.jpg,33,1,0.257572199,0.780521814,2,0,0,0,14
patient_image_000226_e281f557.jpg,33,1,0,0,1,0,0,0,14
patient_image_000227_55be1c29.jpg,33,1,0,0,1,0,0,0,14
patient_image_000228_5a0ce58e.jpg,33,1,0.304164143,0.921709525,2,0,0,0,14
patient_image_000229_2b0fefdd.jpg,33,1,0.129812604,0.393371529,2,0,0,0,14
patient_image_000230_261d0b66.jpg,33,1,0.389528735,1.180390105,3,1,0,0,13
patient_image_000231_40fdec91.jpg,33,1,0.311962068,0.945339599,2,0,0,0,14
patient_image_000232_72ef87ca.jpg,33,1,0.45431143,1.376701304,3,4,0,0,12
patient_image_000233_7ead2232.jpg,33,1,0.290147735,0.879235562,2,0,0,0,14
patient_image_000234_b8b952f4.jpg,33,1,0.255133666,0.773132322,2,0,0,0,14
patient_image_000235_8db22773.jpg,33,1,0.261600572,0.792729006,2,0,0,0,14
patient_image_000236_7889c27a.jpg,33,1,0.228004251,0.690921972,2,0,0,0,14
patient_image_000237_fd5a157f.jpg,34,1,0.438702923,1.290302716,3,0,0,0,14
patient_image_000238_80d8ba1c.jpg,34,1,0.206658986,0.607820548,2,0,0,0,14
patient_image_000239_4735ff8e.jpg,34,1,0.292164719,0.859307997,2,0,0,0,14
patient_image_000240_a69cb320.jpg,34,1,0.27781711,0.817109148,2,0,0,0,14
patient_image_000241_14c1c28a.jpg,34,1,0.345454545,1.016042781,3,4,0,0,12
patient_image_000242_f0ec8ed0.jpg,34,1,0.482051282,1.417797888,3,0,0,0,14
patient_image_000243_def696e9.jpg,34,1,0.581818182,1.711229947,3,0,0,0,14
patient_image_000244_76e6928c.jpg,34,1,0.433159443,1.273998361,3,0,0,0,14
patient_image_000245_706582cc.jpg,34,1,0.190918244,0.561524246,2,0,0,0,14
patient_image_000246_944095f6.jpg,34,1,0.219070302,0.644324417,2,0,0,0,14
patient_image_000247_f89a6d0e.jpg,34,1,0.186333299,0.548039116,2,0,0,0,14
patient_image_000248_43ee171f.jpg,35,1,0.313749506,0.89642716,2,0,0,0,14
patient_image_000249_e95ef28e.jpg,35,1,0.3,0.857142857,2,0,0,0,14
patient_image_000250_3155741c.jpg,35,1,0.238475533,0.681358664,2,1,0,0,13
patient_image_000251_9a6c936d.jpg,35,1,0.308823529,0.882352941,2,1,0,0,14
patient_image_000252_d3ec3446.jpg,35,1,0.262295082,0.74941452,2,0,0,0,14
patient_image_000253_a9b3e1fd.jpg,35,1,0.251612903,0.718894009,2,0,0,0,14
patient_image_000254_540b96da.jpg,35,1,0.209564903,0.598756865,2,0,0,0,14
patient_image_000255_0b31e8f3.jpg,35,1,0.375,1.071428571,3,0,0,0,14
patient_image_000256_21bccf92.jpg,35,1,0.180633381,0.516095374,2,4,0,0,10
patient_image_000257_752a3001.jpg,35,1,0.564146856,1.611848161,3,0,0,0,14
patient_image_000258_a183ff3d.jpg,35,1,0.296667098,0.847620281,2,0,0,1,13
patient_image_000259_3ec141ee.jpg,35,1,0.193714929,0.553471225,2,0,0,0,14
patient_image_000260_3a2e7767.jpg,35,1,0.291666667,0.833333333,2,0,0,0,14
patient_image_000261_4ba3dd44.jpg,35,1,0.350964265,1.002755041,3,0,0,0,14
patient_image_000262_1c2d0dfb.jpg,35,1,0.52045821,1.487023458,3,0,0,0,14
patient_image_000263_6173bb33.jpg,36,1,0.543381647,1.509393463,3,1,0,0,14
patient_image_000264_6689da5e.jpg,36,1,0.389638703,1.08232973,3,1,1,0,14
patient_image_000265_e3791f4c.jpg,36,1,0.392231181,1.089531058,3,1,0,0,13
patient_image_000266_095cc35f.jpg,36,1,0.320880246,0.891334016,2,0,0,0,14
patient_image_000267_1cfc5a2c.jpg,36,1,0.280193237,0.778314546,2,0,0,0,14
patient_image_000268_1ebfd026.jpg,36,1,0.201631313,0.560086981,2,0,0,0,14
patient_image_000269_36d706fb.jpg,36,1,0.521357053,1.448214036,3,0,0,0,14
patient_image_000270_b8e4c66b.jpg,36,1,0.236842105,0.657894737,2,1,1,0,13
patient_image_000271_90118e15.jpg,36,1,0.362149031,1.005969531,3,0,0,0,14
patient_image_000272_139c54f3.jpg,36,1,0.250064348,0.694623188,2,0,0,0,14
patient_image_000273_1ae96b1a.jpg,36,1,0.156726868,0.435352412,2,0,0,1,13
patient_image_000274_7e795166.jpg,37,1,0.234146608,0.632828671,2,0,0,0,14
patient_image_000275_0950d787.jpg,37,1,0.490196078,1.324854266,3,1,1,0,13
patient_image_000276_1016ea11.jpg,37,1,0.207676829,0.561288728,2,2,0,0,12
patient_image_000277_b34d42a3.jpg,37,1,0.328639352,0.888214464,2,0,0,0,14
patient_image_000278_62c2735f.jpg,37,1,0.402986567,1.089152883,3,1,0,0,13
patient_image_000279_ba5256ba.jpg,37,1,0.174261281,0.470976435,2,0,0,0,14
patient_image_000280_3bf91b05.jpg,37,1,0.333011824,0.900031956,2,0,0,0,14
patient_image_000281_51c027da.jpg,38,1,0.41509434,1.092353525,3,2,0,0,12
patient_image_000282_227457dd.jpg,38,1,0.279216638,0.734780625,2,1,0,0,13
patient_image_000283_51ed5d16.jpg,38,1,0.242937593,0.639309455,2,3,3,0,12
patient_image_000284_d7c3117f.jpg,38,1,0.520060161,1.368579372,3,4,0,0,12
patient_image_000285_5b563bf0.jpg,38,1,0.292983628,0.771009548,2,0,0,0,14
patient_image_000286_083cb465.jpg,38,1,0.161340366,0.424579911,2,0,0,0,14
patient_image_000287_f3effd41.jpg,38,1,0.383962598,1.01042789,3,0,0,0,14
patient_image_000288_0677c108.jpg,38,1,0.348623853,0.917431193,2,0,0,0,14
patient_image_000289_03c1de08.jpg,38,1,0.268965517,0.707803993,2,0,0,0,14
patient_image_000290_e2c5528b.jpg,38,1,0.245196236,0.645253254,2,0,0,0,14
patient_image_000291_c574c48e.jpg,39,1,0.196629213,0.50417747,2,0,0,0,14
patient_image_000292_c286f867.jpg,39,1,0.331509721,0.850024926,2,4,0,0,12
patient_image_000293_c43ad7c2.jpg,39,1,0.192182229,0.492774946,2,2,2,0,14
patient_image_000294_1c448f4a.jpg,39,1,0.393875482,1.009937135,3,1,0,1,12
patient_image_000295_b2f59efb.jpg,39,1,0.556521739,1.426978818,3,0,0,0,14
patient_image_000296_ed406614.jpg,39,1,0.235897436,0.60486522,2,2,2,0,14
patient_image_000297_b08a4fab.jpg,39,1,0.310734463,0.796755034,2,3,0,0,12
patient_image_000298_177b7f04.jpg,39,1,0.195937663,0.502404265,2,0,0,0,14
patient_image_000299_0081b06c.jpg,39,1,0.214608666,0.550278632,2,0,0,0,14
patient_image_000300_865c8039.jpg,39,1,0.492063492,1.261701262,3,0,0,0,14
patient_image_000301_f014d2ea.jpg,39,1,0.224573976,0.575830707,2,0,0,0,14
patient_image_000302_b4bb1333.jpg,39,1,0.2572137,0.659522309,2,1,0,0,13
patient_image_000303_356953ef.jpg,40,1,0.230041383,0.575103457,2,2,2,0,14
patient_image_000304_229e35a3.jpg,40,1,0.49428167,1.235704175,3,0,0,0,14
patient_image_000305_ef876e53.jpg,40,1,0.4279766,1.069941499,3,0,0,0,14
patient_image_000306_0a26e446.jpg,40,1,0.52038685,1.300967126,3,4,0,0,12
patient_image_000307_9c424853.jpg,40,1,0.467009561,1.167523903,3,1,0,0,13
patient_image_000308_7b1e9629.jpg,40,1,0.325714286,0.814285714,2,0,0,0,14
patient_image_000309_077fbe7a.jpg,40,1,0.17481509,0.437037726,2,0,0,0,14
patient_image_000310_8f919521.jpg,40,1,0.338235294,0.845588235,2,0,0,0,14
patient_image_000311_f6e9d930.jpg,40,1,0.346203222,0.865508055,2,0,0,1,13
patient_image_000312_c2c8c3dc.jpg,40,1,0.227515722,0.568789306,2,0,0,0,14
patient_image_000313_3503b411.jpg,40,1,0.242041371,0.605103426,2,4,0,0,12
patient_image_000314_68da0c82.jpg,41,1,0.377070699,0.919684632,2,3,0,0,11
patient_image_000315_381896f8.jpg,41,1,0.296296296,0.722673893,2,1,1,0,14
patient_image_000316_e5edcd41.jpg,41,1,0.257438043,0.627897666,2,0,0,0,14
patient_image_000317_4794d92a.jpg,41,1,0.260410815,0.635148329,2,0,0,0,14
patient_image_000318_9ff0fd8a.jpg,41,1,0.276422764,0.674201864,2,0,0,0,14
patient_image_000319_070a158d.jpg,41,1,0.270676692,0.660187053,2,1,1,0,14
patient_image_000320_9f8cb638.jpg,42,1,0.243956727,0.58084935,2,0,0,1,13
patient_image_000321_ff9618f9.jpg,42,1,0.374743243,0.892245817,2,0,0,0,14
patient_image_000322_c0e78be1.jpg,42,1,0.364285714,0.867346939,2,2,0,0,14
patient_image_000323_b4b4b90e.jpg,42,1,0.293478261,0.698757764,2,0,0,0,14
patient_image_000324_5a573d29.jpg,42,1,0.250768215,0.597067178,2,0,0,0,14
patient_image_000325_6743f950.jpg,42,1,0.284200208,0.676667163,2,0,0,0,14
patient_image_000326_c8a8772c.jpg,42,1,0.626012615,1.490506226,3,3,0,0,11
patient_image_000327_9d2da8d3.jpg,42,1,0.266060193,0.633476649,2,1,1,0,13
patient_image_000328_8a2d91fc.jpg,43,1,0.564430769,1.312629696,3,2,0,0,13
patient_image_000329_d32c41f2.jpg,43,1,0.766423358,1.782379902,3,0,0,0,14
patient_image_000330_8bc84559.jpg,43,1,0.518796992,1.206504634,3,0,0,0,14
patient_image_000331_e16f26da.jpg,43,1,0.397350993,0.924072078,2,0,0,0,14
patient_image_000332_9600a8d5.jpg,43,1,0.343995295,0.799989058,2,0,0,0,14
patient_image_000333_93372893.jpg,43,1,0.420857446,0.978738247,2,1,0,0,14
patient_image_000334_aff5a788.jpg,43,1,0.250274159,0.582032929,2,0,0,0,14
patient_image_000335_36dd9d92.jpg,43,1,0.174203188,0.405123693,2,0,0,0,14
patient_image_000336_95eb29bb.jpg,43,1,0.203757106,0.473853736,2,0,0,0,14
patient_image_000337_6249ba0a.jpg,44,1,0.640767982,1.456290867,3,3,0,0,12
patient_image_000338_936ade8e.jpg,44,1,0.254658385,0.578769057,2,2,2,0,14
patient_image_000339_6167966f.jpg,44,1,0.34654412,0.787600273,2,0,0,0,14
patient_image_000340_f7dd06e5.jpg,44,1,0.513089005,1.166111376,3,0,0,0,14
patient_image_000341_47f0ea2d.jpg,45,1,0.269876397,0.599725326,2,0,2,0,14
patient_image_000342_0ff62192.jpg,45,1,0.296551724,0.659003831,2,0,0,0,14
patient_image_000343_613303bc.jpg,45,1,0.220505647,0.490012549,2,1,0,0,13
patient_image_000344_be19a86f.jpg,45,1,0.406976744,0.904392765,2,0,0,0,14
patient_image_000345_dbef47f1.jpg,45,1,0.325842697,0.724094881,2,0,0,0,14
patient_image_000346_2c491bdf.jpg,45,1,0.255504432,0.567787628,2,1,1,0,13
patient_image_000347_94090e46.jpg,45,1,0.299831169,0.666291486,2,1,1,0,14
patient_image_000348_a440ef40.jpg,46,1,0.485458899,1.055345432,3,0,0,0,14
patient_image_000349_3074f911.jpg,46,1,0.364119766,0.791564709,2,1,0,0,13
patient_image_000350_b70017ca.jpg,46,1,0.292517007,0.635906537,2,1,1,0,13
patient_image_000351_eea127ac.jpg,46,1,0.862992521,1.876070698,3,2,0,0,12
patient_image_000352_2cb283b7.jpg,46,1,0.223697521,0.486298958,2,0,0,0,14
patient_image_000353_4f1e829c.jpg,46,1,0.271816421,0.590905263,2,0,0,0,14
patient_image_000354_dc59da00.jpg,47,1,0.259328223,0.551762178,2,0,0,0,14
patient_image_000355_0d059ce2.jpg,47,1,0.229117904,0.487484903,2,0,1,0,14
patient_image_000356_02609c16.jpg,47,1,0.671641791,1.429025087,3,1,0,0,14
patient_image_000357_dadd1a7f.jpg,47,1,0.422978378,0.899953995,2,1,1,0,14
patient_image_000358_284e4ef8.jpg,47,1,0.369343405,0.785837032,2,0,0,0,14
patient_image_000359_1df9d941.jpg,47,1,0.333333333,0.709219858,2,0,0,0,14
patient_image_000360_e286df23.jpg,47,1,0.625201776,1.330216545,3,8,4,0,12
patient_image_000361_06ea70b2.jpg,47,1,0.323656783,0.688631453,2,0,0,0,14
patient_image_000362_37ddc399.jpg,47,1,0.590163934,1.255667946,3,0,0,0,14
patient_image_000363_49d557bd.jpg,47,1,0.385714286,0.820668693,2,0,0,0,14
patient_image_000364_84b8ea56.jpg,48,1,0.249769723,0.520353589,2,5,0,0,12
patient_image_000365_bb7d18c2.jpg,48,1,0.444444444,0.925925926,2,0,0,0,14
patient_image_000366_bd7a0db4.jpg,48,1,0.346153846,0.721153846,2,0,0,0,14
patient_image_000367_348bf0ed.jpg,48,1,0.375,0.78125,2,0,0,0,14
patient_image_000368_7f651dcc.jpg,48,1,0.32438075,0.675793229,2,5,0,1,12
patient_image_000369_3ad2d68e.jpg,48,1,0.26070122,0.543127541,2,0,0,0,14
patient_image_000370_ffbf9936.jpg,48,1,0.825503356,1.719798658,3,2,0,0,12
patient_image_000371_e6ac24e9.jpg,48,1,0.306057906,0.637620638,2,2,2,0,13
patient_image_000372_5cfc0a21.jpg,48,1,0.657841396,1.370502907,3,0,0,0,14
patient_image_000373_5b50e5ce.jpg,48,1,0.135695435,0.282698823,2,0,0,0,14
patient_image_000374_771f2f5f.jpg,49,1,0.451301399,0.921023263,2,0,0,1,13
patient_image_000375_36cfc84e.jpg,49,1,0.356164384,0.726866089,2,0,0,0,14
patient_image_000376_85573db8.jpg,51,1,0.272502122,0.534317886,2,0,0,0,14
patient_image_000377_32ca1cbf.jpg,51,1,0.495498685,0.971566048,2,0,0,0,14
patient_image_000378_603f4d5f.jpg,51,1,0.508373245,0.996810284,2,6,4,0,13
patient_image_000379_70dc1258.jpg,51,1,0.364285714,0.714285714,2,2,0,0,12
patient_image_000380_7d3d41ec.jpg,51,1,0.335796494,0.658424498,2,1,1,0,13
patient_image_000381_9c27535d.jpg,52,1,0.38,0.730769231,2,0,0,0,14
patient_image_000382_934a0214.jpg,52,1,0.489795918,0.941915228,2,0,0,0,14
patient_image_000383_d609c8e7.jpg,52,1,0.26865707,0.516648211,2,2,0,0,12
patient_image_000384_d6d2deea.jpg,52,1,0.162921348,0.313310285,2,2,0,2,11
patient_image_000385_c98d53b0.jpg,52,1,0.331428571,0.637362637,2,4,2,5,9
patient_image_000386_245dcbc1.jpg,52,1,0.251291576,0.48325303,2,0,0,0,14
patient_image_000387_6615ec0a.jpg,52,1,0.310293148,0.596717593,2,5,3,0,13
patient_image_000388_198d0e64.jpg,52,1,0.528409091,1.016171329,3,0,0,0,14
patient_image_000389_14d151f2.jpg,53,1,0.620176923,1.170145138,3,8,6,0,13
patient_image_000390_7959b203.jpg,53,1,0.194229188,0.366470165,2,6,0,0,12
patient_image_000391_3111495d.jpg,53,1,0.431146741,0.813484417,2,1,0,4,11
patient_image_000392_6d723203.jpg,53,1,0.239909546,0.452659522,2,1,0,0,13
patient_image_000393_3dca0ae8.jpg,53,1,0.406877796,0.767693955,2,0,0,0,14
patient_image_000394_17e14aac.jpg,54,1,0.346456693,0.641586468,2,1,0,0,14
patient_image_000395_428e3307.jpg,54,1,0.454545455,0.841750842,2,0,0,0,14
patient_image_000396_24360320.jpg,54,1,0.581818182,1.077441077,3,7,4,0,14
patient_image_000397_05ddedc7.jpg,54,1,0.374233129,0.693024313,2,0,0,0,14
patient_image_000398_61f8b447.jpg,54,1,0.236266388,0.437530349,2,0,0,0,14
patient_image_000399_05c48a2a.jpg,54,1,0.219832706,0.407097604,2,1,0,0,13
patient_image_000400_6eafcc29.jpg,54,1,0.314473883,0.582359042,2,1,0,0,13
patient_image_000401_e90e8248.jpg,54,1,0.333000691,0.616667947,2,0,0,0,14
patient_image_000402_74196900.jpg,55,1,0.394476764,0.717230479,2,13,0,1,6
patient_image_000403_282b7e3d.jpg,55,1,0.636363636,1.157024793,3,0,0,1,13
patient_image_000404_75ee2612.jpg,55,1,0.248484848,0.451790634,2,0,0,0,14
patient_image_000405_2e1fcb72.jpg,56,1,0.429577465,0.767102616,2,1,0,0,13
patient_image_000406_20b82889.jpg,56,1,0.373333333,0.666666667,2,1,0,0,14
patient_image_000407_5adfb2c1.jpg,56,1,0.366091645,0.65373508,2,3,0,3,10
patient_image_000408_8dc2c8f0.jpg,56,1,0.4,0.714285714,2,0,0,0,14
patient_image_000409_6e6b2725.jpg,56,1,0.464730469,0.829875837,2,2,0,0,13
patient_image_000410_9dc54632.jpg,56,1,0.293229368,0.523623871,2,4,0,0,10
patient_image_000411_fffe8d95.jpg,56,1,0.533539639,0.952749355,2,15,0,0,1
patient_image_000412_d9e46289.jpg,57,1,0.406656284,0.713432076,2,0,0,0,14
patient_image_000413_d10de40a.jpg,57,1,0.463466372,0.813098898,2,6,3,0,10
patient_image_000414_ab919b7f.jpg,57,1,0.314614467,0.551955204,2,0,0,0,14
patient_image_000415_fb82a215.jpg,57,1,0.291442618,0.511302838,2,4,0,0,12
patient_image_000416_8c0322d5.jpg,57,1,0.408535802,0.716729478,2,6,2,0,14
patient_image_000417_1167174f.jpg,57,1,0.407248535,0.714471113,2,0,0,3,12
patient_image_000418_112e5c74.jpg,58,1,0.361549991,0.623362054,2,8,0,3,9
patient_image_000419_59039767.jpg,58,1,0.285991844,0.493089387,2,3,1,0,14
patient_image_000420_abc75010.jpg,58,1,0.270693915,0.466713646,2,0,0,0,14
patient_image_000421_c1094673.jpg,58,1,0.600390538,1.035156099,3,0,0,0,14
patient_image_000422_d787e943.jpg,59,1,0.327683616,0.555395959,2,6,3,0,10
patient_image_000423_e4c6ad66.jpg,59,1,0.596491228,1.011002081,3,1,0,1,12
patient_image_000424_072c4aa2.jpg,59,1,0.397942071,0.674478087,2,3,3,0,12
patient_image_000425_0ee856b5.jpg,59,1,0.436637678,0.740063862,2,9,4,0,14
patient_image_000426_0fc4fb73.jpg,59,1,0.542786926,0.919977841,2,3,0,2,11
patient_image_000427_03b8de7d.jpg,60,1,0.322799599,0.537999331,2,0,0,0,14
patient_image_000428_ced31832.jpg,60,1,0.37254902,0.620915033,2,1,0,5,11
patient_image_000429_84fc8ed9.jpg,60,1,0.868269261,1.447115436,3,2,0,1,11
patient_image_000430_ded8a948.jpg,60,1,0.336208087,0.560346812,2,0,0,0,14
patient_image_000431_fe5bebe4.jpg,60,1,0.413601876,0.68933646,2,10,0,0,5
patient_image_000432_08bb0fd2.jpg,60,1,0.495360507,0.825600845,2,3,0,3,9
patient_image_000433_88b215ce.jpg,60,1,0.4,0.666666667,2,3,0,0,13
patient_image_000434_e0719487.jpg,60,1,0.298245614,0.497076023,2,5,3,0,14
patient_image_000435_86430e90.jpg,60,1,0.625,1.041666667,3,2,0,0,12
patient_image_000436_e64554d7.jpg,61,1,0.702531646,1.151691222,3,1,0,0,1
patient_image_000437_756effbb.jpg,61,1,0.780931165,1.280215025,3,19,0,0,0
patient_image_000438_21354760.jpg,61,1,0.666666667,1.092896175,3,2,0,0,12
patient_image_000439_edffeaa6.jpg,61,1,0.674796748,1.106224177,3,2,0,0,12
patient_image_000440_10521983.jpg,61,1,0.736703649,1.207710901,3,3,0,0,11
patient_image_000441_6a673d62.jpg,62,1,0.310344828,0.500556174,2,3,0,0,11
patient_image_000442_fa5b3c29.jpg,62,1,0.314814815,0.50776583,2,1,0,6,8
patient_image_000443_0a8e215c.jpg,62,1,0.285714286,0.460829493,2,3,1,0,12
patient_image_000444_4592f458.jpg,63,1,0.003018412,0.004791131,1,1,0,1,12
patient_image_000445_b05230cf.jpg,63,1,0.417943551,0.663402462,2,7,0,3,9
patient_image_000446_c227b530.jpg,63,1,0.426038104,0.676250959,2,2,2,0,14
patient_image_000447_b27cf611.jpg,63,1,0.364103114,0.57794145,2,1,0,2,11
patient_image_000448_fe6c87b3.jpg,64,1,0.273972603,0.428082192,2,7,0,0,9
patient_image_000449_b4de43e4.jpg,64,1,0.531552488,0.830550762,2,2,1,0,13
patient_image_000450_a610a63b.jpg,64,1,0.546875,0.854492188,2,1,0,2,12
patient_image_000451_0d40c3ec.jpg,64,1,0.371637774,0.580684022,2,4,0,2,10
patient_image_000452_6bae26b1.jpg,65,1,0.376538841,0.579290524,2,2,0,0,12
patient_image_000453_b3b406ed.jpg,65,1,0.794013408,1.221559089,3,7,0,1,8
patient_image_000454_eb31f2c2.jpg,65,1,0.598537168,0.920826413,2,5,0,0,9
patient_image_000455_299b7862.jpg,65,1,0.424920418,0.653723721,2,4,2,0,14
patient_image_000456_9c8de752.jpg,66,1,0.383106825,0.580464886,2,0,0,0,14
patient_image_000457_e8f4aa9a.jpg,66,1,0.561195767,0.850296617,2,12,0,0,7
patient_image_000458_22bdeefa.jpg,66,1,0.417264571,0.632219046,2,2,1,0,14
patient_image_000459_c4fed7f8.jpg,67,1,0.445865476,0.66547086,2,0,0,0,14
patient_image_000460_02d60eef.jpg,67,1,0.215745043,0.322007527,2,2,0,5,10
patient_image_000461_9ba7f723.jpg,68,1,0.164062989,0.241269101,1,1,0,0,13
patient_image_000462_3e19cc2a.jpg,68,1,0.465277778,0.684232026,2,2,0,1,12
patient_image_000463_869cd086.jpg,68,1,0.83125,1.222426471,3,0,0,0,14
patient_image_000464_7b8d7f1d.jpg,68,1,0.217550921,0.319927824,2,8,0,0,11
patient_image_000465_983a2516.jpg,69,1,0.038626609,0.055980593,1,0,0,0,14
patient_image_000466_7f588bd3.jpg,69,1,0.405405405,0.587544066,2,16,0,0,13
patient_image_000467_3d336f5b.jpg,69,1,0.736842105,1.067887109,3,6,0,0,10
patient_image_000468_61c7af51.jpg,69,1,0.794647865,1.151663572,3,0,0,0,14
patient_image_000469_e0144b78.jpg,69,1,0.343539986,0.497884037,2,1,0,0,13
patient_image_000470_027102b5.jpg,69,1,0.351693381,0.509700552,2,1,0,0,13
patient_image_000471_92a5e5d6.jpg,69,1,0.245718358,0.356113562,2,5,0,0,14
patient_image_000472_4834a115.jpg,70,1,0.382352941,0.546218487,2,7,0,1,8
patient_image_000473_e215ecc9.jpg,70,1,0.565529384,0.80789912,2,18,0,2,5
patient_image_000474_d4b38b87.jpg,70,1,0.401162791,0.573089701,2,18,0,0,0
patient_image_000475_b193cd84.jpg,70,1,0.327876207,0.468394581,2,6,0,0,10
patient_image_000476_2949122a.jpg,70,1,0.525337764,0.75048252,2,8,5,0,12
patient_image_000477_73435014.jpg,71,1,0.482404769,0.679443336,2,2,0,8,8
patient_image_000478_59734b1a.jpg,71,1,0.56097561,0.790106493,2,1,0,0,14
patient_image_000479_5e4b8a54.jpg,71,1,0.341423515,0.48087819,2,0,0,5,11
patient_image_000480_cda242fd.jpg,71,1,0.573653822,0.807963129,2,9,0,1,6
patient_image_000481_cf7c2117.jpg,71,1,0.625398954,0.880843598,2,3,0,0,12
patient_image_000482_6f5e3a79.jpg,71,1,0.213719124,0.30101285,2,11,5,0,12
patient_image_000483_36296dc7.jpg,72,1,0.428201656,0.594724522,2,0,0,0,14
patient_image_000484_f7f90022.jpg,72,1,0.315,0.4375,2,1,0,1,12
patient_image_000485_04acf008.jpg,72,1,0.368,0.511111111,2,1,0,0,13
patient_image_000486_02dafd6a.jpg,72,1,0.425,0.590277778,2,3,0,0,11
patient_image_000487_14e01941.jpg,72,1,0.415612559,0.577239666,2,14,0,2,2
patient_image_000488_48c416a4.jpg,72,1,0.436546871,0.606315099,2,8,0,1,8
patient_image_000489_11f098ef.jpg,73,1,0.327996352,0.449310071,2,18,0,2,0
patient_image_000490_e72e1fbc.jpg,73,1,0.23255814,0.318572794,2,2,0,0,14
patient_image_000491_ad2915bf.jpg,73,1,0.395786991,0.542173961,2,2,0,4,9
patient_image_000492_bee4fa3c.jpg,73,1,0.464385989,0.63614519,2,12,0,0,6
patient_image_000493_099f245f.jpg,73,1,0.328069638,0.449410463,2,19,0,0,2
patient_image_000494_fe2e35fa.jpg,74,1,0.513513514,0.69393718,2,1,0,0,14
patient_image_000495_e3410abd.jpg,74,1,0.467809805,0.632175412,2,18,0,0,2
patient_image_000496_da4b430a.jpg,74,1,0.345614056,0.467046021,2,5,0,0,9
patient_image_000497_5ef9d338.jpg,74,1,0.741660108,1.002243389,3,15,0,1,6
patient_image_000498_e5c9b07d.jpg,74,1,0.333571091,0.450771744,2,5,0,0,9
patient_image_000499_89f93a7f.jpg,75,1,0.389696767,0.51959569,2,22,0,6,1
patient_image_000500_de8912d8.jpg,75,1,0.100686336,0.134248448,1,18,0,0,0
patient_image_000501_20a9db96.jpg,75,1,0.785714286,1.047619048,3,0,0,0,14
patient_image_000502_3f2d3d1c.jpg,75,1,0.52076573,0.694354307,2,12,0,0,5
patient_image_000503_970b1839.jpg,75,1,0.614098298,0.818797731,2,10,0,0,13
patient_image_000504_3c7f34ec.jpg,18,0,0,0,1,0,0,0,14
patient_image_000505_dc092d23.jpg,18,0,0,0,1,0,0,0,14
patient_image_000506_72f20d08.jpg,18,0,0,0,1,2,0,0,12
patient_image_000507_a221a13c.jpg,18,0,0,0,1,0,0,0,14
patient_image_000508_f7a15f6f.jpg,18,0,0,0,1,0,0,0,14
patient_image_000509_04857e03.jpg,19,0,0.201928416,1.062781139,3,0,0,0,14
patient_image_000511_9eb4c057.jpg,19,0,0,0,1,1,1,0,14
patient_image_000512_3394ba22.jpg,19,0,0,0,1,0,0,0,14
patient_image_000513_5c47cd25.jpg,19,0,0,0,1,0,0,0,14
patient_image_000514_06f1ec85.jpg,20,0,0,0,1,0,0,0,14
patient_image_000515_62943aaa.jpg,20,0,0,0,1,0,0,0,14
patient_image_000516_912d996b.jpg,20,0,0.045,0.225,1,0,0,0,14
patient_image_000517_8727624b.jpg,21,0,0,0,1,0,0,0,14
patient_image_000518_5e5e9237.jpg,21,0,0.132501631,0.630960147,2,0,0,0,14
patient_image_000519_099c1627.jpg,21,0,0,0,1,0,0,1,13
patient_image_000520_7753c29b.jpg,22,0,0,0,1,0,0,0,14
patient_image_000521_17a61742.jpg,22,0,0,0,1,0,0,0,14
patient_image_000522_1d00aca9.jpg,22,0,0,0,1,0,0,0,14
patient_image_000523_b1f5b10f.jpg,22,0,0,0,1,0,0,0,14
patient_image_000524_16efeae5.jpg,22,0,0.054,0.245454545,1,0,0,0,14
patient_image_000525_b84f8771.jpg,22,0,0.109679672,0.498543962,2,0,0,0,14
patient_image_000526_401bc35c.jpg,22,0,0,0,1,0,0,0,14
patient_image_000527_007f9c5e.jpg,23,0,0.121,0.526086957,2,0,0,0,14
patient_image_000528_55eaf23d.jpg,23,0,0,0,1,0,0,0,14
patient_image_000529_dc5b599e.jpg,23,0,0,0,1,0,0,0,14
patient_image_000530_fdc9b991.jpg,23,0,0,0,1,0,0,0,14
patient_image_000531_cd6d4f9c.jpg,23,0,0,0,1,0,0,0,14
patient_image_000532_af62c840.jpg,23,0,0,0,1,0,0,0,14
patient_image_000533_91bc5b53.jpg,23,0,0,0,1,0,0,0,14
patient_image_000534_005e53f2.jpg,24,0,0,0,1,0,0,0,14
patient_image_000535_44b5a8c9.jpg,24,0,0,0,1,0,0,0,14
patient_image_000536_f7e8a5a5.jpg,24,0,0,0,1,0,0,0,14
patient_image_000537_fe1e9818.jpg,24,0,0,0,1,0,0,0,14
patient_image_000538_48d00143.jpg,24,0,0,0,1,0,0,0,14
patient_image_000539_b6cf1f5b.jpg,24,0,0.213,0.8875,2,0,0,0,14
patient_image_000540_f3a19119.jpg,24,0,0,0,1,1,0,0,13
patient_image_000542_0180d986.jpg,24,0,0,0,1,0,0,0,14
patient_image_000543_652f86bc.jpg,24,0,0.368984411,1.537435044,3,0,0,0,14
patient_image_000544_b0afee2d.jpg,24,0,0.156,0.65,2,0,0,0,14
patient_image_000545_5a44bfb4.jpg,24,0,0.233,0.970833333,2,0,0,0,14
patient_image_000546_cca0b6a6.jpg,24,0,0,0,1,2,0,0,14
patient_image_000547_d171b028.jpg,24,0,0.244843283,1.020180346,3,1,1,0,13
patient_image_000548_ee055987.jpg,24,0,0,0,1,0,0,0,14
patient_image_000549_9432a4fa.jpg,24,0,0.339,1.4125,3,0,0,0,14
patient_image_000550_490d2eea.jpg,24,0,0,0,1,0,0,0,14
patient_image_000551_53b8f0cc.jpg,25,0,0,0,1,0,0,0,14
patient_image_000552_c0574f20.jpg,25,0,0.153,0.612,2,0,0,0,14
patient_image_000553_f8c87a59.jpg,25,0,0.132,0.528,2,4,0,1,9
patient_image_000554_de5f4e2a.jpg,25,0,0,0,1,0,0,0,14
patient_image_000555_565ba784.jpg,25,0,0.043,0.172,1,1,0,0,13
patient_image_000556_92578943.jpg,25,0,0.165,0.66,2,0,0,0,14
patient_image_000557_ef03aa7a.jpg,25,0,0,0,1,0,0,0,14
patient_image_000558_fdcf2492.jpg,25,0,0,0,1,0,0,0,14
patient_image_000559_a0f01261.jpg,25,0,0,0,1,0,0,0,14
patient_image_000560_adc72499.jpg,25,0,0.161,0.644,2,0,0,0,14
patient_image_000561_87f73eef.jpg,25,0,0.123,0.492,2,0,0,0,14
patient_image_000562_a3567674.jpg,25,0,0,0,1,0,0,0,14
patient_image_000563_df925935.jpg,25,0,0.741,2.964,3,1,0,0,13
patient_image_000564_9f752e56.jpg,25,0,0,0,1,0,0,0,14
patient_image_000565_563d2976.jpg,25,0,0,0,1,0,0,0,14
patient_image_000566_f080062c.jpg,25,0,0.212,0.848,2,0,0,0,14
patient_image_000567_3197d455.jpg,25,0,0.206931493,0.827725973,2,4,0,0,12
patient_image_000568_30da5428.jpg,26,0,0.18108121,0.696466192,2,0,0,0,14
patient_image_000569_1acf7257.jpg,26,0,0,0,1,1,0,0,14
patient_image_000570_3514f729.jpg,26,0,0,0,1,0,0,0,14
patient_image_000571_5c273975.jpg,26,0,0,0,1,0,0,0,14
patient_image_000572_6d137e21.jpg,26,0,0,0,1,1,1,0,14
patient_image_000573_1c1c7d5d.jpg,26,0,0.219,0.842307692,2,1,0,0,13
patient_image_000574_002b0d0a.jpg,26,0,0.288,1.107692308,3,2,0,2,12
patient_image_000575_2b2e4cc4.jpg,26,0,0,0,1,0,0,0,14
patient_image_000576_0fbbd20d.jpg,26,0,0.201,0.773076923,2,0,0,0,14
patient_image_000577_bc5aace6.jpg,26,0,0.039,0.15,1,0,0,0,16
patient_image_000578_8fab947f.jpg,26,0,0,0,1,0,0,0,14
patient_image_000579_51b396db.jpg,26,0,0.268021052,1.030850199,3,0,0,0,14
patient_image_000580_fb58b578.jpg,26,0,0,0,1,0,0,0,14
patient_image_000581_e6a68c10.jpg,26,0,0,0,1,0,0,0,14
patient_image_000582_492951ef.jpg,26,0,0,0,1,0,0,0,14
patient_image_000583_dfceb69f.jpg,26,0,0.229,0.880769231,2,0,0,0,14
patient_image_000584_388e239a.jpg,26,0,0.815,3.134615385,3,3,0,0,11
patient_image_000585_bdca74e0.jpg,26,0,0,0,1,0,0,0,14
patient_image_000586_3d2038f8.jpg,26,0,0.255993887,0.984591872,2,0,0,0,14
patient_image_000587_cea1c4ba.jpg,26,0,0,0,1,0,0,0,14
patient_image_000588_11ba2a39.jpg,27,0,0.351,1.3,3,0,0,1,13
patient_image_000589_28416cf6.jpg,27,0,0,0,1,0,0,0,14
patient_image_000590_10f9bc33.jpg,27,0,0.144,0.533333333,2,0,0,0,14
patient_image_000591_e32569e0.jpg,27,0,0.181,0.67037037,2,0,0,2,12
patient_image_000592_b37ad52e.jpg,27,0,0,0,1,0,0,0,14
patient_image_000593_14b206e2.jpg,27,0,0,0,1,0,0,0,14
patient_image_000594_edff5861.jpg,27,0,0.155,0.574074074,2,0,0,0,14
patient_image_000595_83f35693.jpg,27,0,0.622776693,2.306580345,3,0,0,0,14
patient_image_000596_4eae4178.jpg,27,0,0.347,1.285185185,3,0,0,0,14
patient_image_000597_f2544888.jpg,27,0,0.226,0.837037037,2,0,0,0,14
patient_image_000598_38fac96c.jpg,27,0,0.105,0.388888889,2,0,0,0,14
patient_image_000599_f9a4c92e.jpg,27,0,0.133,0.492592593,2,0,0,0,14
patient_image_000600_c839e11e.jpg,27,0,0,0,1,0,0,0,14
patient_image_000601_cd1e4b37.jpg,27,0,0.210351603,0.779080011,2,0,0,0,14
patient_image_000602_2b495970.jpg,27,0,0,0,1,0,0,0,14
patient_image_000603_ceccbfb6.jpg,27,0,0,0,1,0,0,0,14
patient_image_000604_85a044c8.jpg,27,0,0.231,0.855555556,2,0,0,0,14
patient_image_000605_1246abbb.jpg,27,0,0,0,1,0,0,0,14
patient_image_000606_99298aed.jpg,28,0,0.134,0.478571429,2,0,0,1,13
patient_image_000607_35725f57.jpg,28,0,0.316,1.128571429,3,0,0,0,14
patient_image_000608_32c07746.jpg,28,0,0.066,0.235714286,1,0,0,0,14
patient_image_000609_b45d7ffd.jpg,28,0,1,3.571428571,3,1,0,0,13
patient_image_000610_ee46a35a.jpg,28,0,0,0,1,0,0,0,14
patient_image_000611_cda27acf.jpg,28,0,0.22,0.785714286,2,0,0,0,14
patient_image_000612_dfaa6d06.jpg,28,0,0,0,1,0,0,0,14
patient_image_000613_020562fc.jpg,28,0,0,0,1,0,0,0,14
patient_image_000614_f2439032.jpg,28,0,0,0,1,0,0,0,14
patient_image_000615_e0ec9749.jpg,29,0,0,0,1,0,0,0,14
patient_image_000616_37f0bf15.jpg,29,0,0,0,1,0,0,0,14
patient_image_000617_3cde53b6.jpg,29,0,0.072,0.248275862,1,0,0,0,14
patient_image_000618_96b0588c.jpg,29,0,0,0,1,0,0,0,14
patient_image_000619_6ea1b33e.jpg,29,0,0.653,2.251724138,3,1,0,0,13
patient_image_000620_e9c656ad.jpg,29,0,0,0,1,0,0,0,14
patient_image_000621_f3897caa.jpg,29,0,0.68976891,2.378513482,3,0,0,0,14
patient_image_000622_070cc0b5.jpg,29,0,0,0,1,0,0,0,14
patient_image_000623_f3ab1371.jpg,29,0,0.289,0.996551724,2,0,0,0,14
patient_image_000624_fb2faa84.jpg,29,0,0.186,0.64137931,2,0,0,0,14
patient_image_000625_0adf8250.jpg,29,0,0.306316571,1.056264038,3,1,0,0,13
patient_image_000626_297e8e85.jpg,29,0,0.263064706,0.907119675,2,0,0,0,14
patient_image_000627_a087afec.jpg,29,0,0.255537074,0.881162325,2,0,0,0,14
patient_image_000628_c2a12bc1.jpg,29,0,0,0,1,0,0,0,14
patient_image_000629_37e2f34d.jpg,30,0,0.338,1.126666667,3,0,0,0,14
patient_image_000630_c4a6d96b.jpg,30,0,0,0,1,0,0,0,14
patient_image_000631_9ca7c541.jpg,30,0,0.294,0.98,2,0,0,0,14
patient_image_000632_e4c45dbd.jpg,30,0,0,0,1,0,0,0,16
patient_image_000633_8794676f.jpg,30,0,0,0,1,0,0,0,14
patient_image_000634_6aa38a90.jpg,30,0,0.247,0.823333333,2,0,0,0,14
patient_image_000635_d24404f4.jpg,30,0,0.09,0.3,2,0,0,0,14
patient_image_000636_8d28a642.jpg,30,0,0.137,0.456666667,2,0,0,0,14
patient_image_000637_f11f3ab0.jpg,30,0,0,0,1,1,0,0,14
patient_image_000638_8c410f94.jpg,30,0,0,0,1,2,0,0,12
patient_image_000639_1b622c1a.jpg,30,0,0.721,2.403333333,3,0,0,0,14
patient_image_000640_5666cfc5.jpg,30,0,0,0,1,0,0,0,14
patient_image_000641_a2ba316a.jpg,30,0,0.262,0.873333333,2,2,1,0,13
patient_image_000642_c3ea74ba.jpg,31,0,0.354,1.141935484,3,1,0,0,13
patient_image_000643_5abd7d83.jpg,31,0,0.242,0.780645161,2,0,0,0,14
patient_image_000644_676cdf6d.jpg,31,0,0.156,0.503225806,2,4,0,0,12
patient_image_000645_9c4dcbff.jpg,31,0,0,0,1,0,0,0,14
patient_image_000646_632e9dbf.jpg,31,0,0.238,0.767741935,2,0,0,0,14
patient_image_000647_262f9013.jpg,31,0,0,0,1,0,0,0,14
patient_image_000648_fc0e7a10.jpg,31,0,0.193676692,0.624763522,2,0,0,0,14
patient_image_000649_5669f77d.jpg,31,0,0.301,0.970967742,2,0,0,3,11
patient_image_000650_ca4dd45d.jpg,31,0,0.511,1.648387097,3,0,0,0,12
patient_image_000651_4dc31d8d.jpg,31,0,0,0,1,0,0,0,14
patient_image_000652_d9996c5f.jpg,31,0,0.302,0.974193548,2,0,0,0,14
patient_image_000653_6030e552.jpg,31,0,0.189,0.609677419,2,0,0,0,14
patient_image_000654_d7798fef.jpg,31,0,0.523,1.687096774,3,0,0,0,14
patient_image_000655_1f764a63.jpg,31,0,0.448,1.44516129,3,0,0,0,14
patient_image_000656_2ab2ef4e.jpg,31,0,0.383,1.235483871,3,0,0,0,14
patient_image_000657_e471eef1.jpg,31,0,0,0,1,0,0,0,14
patient_image_000658_f79dd5c7.jpg,31,0,0,0,1,0,0,0,14
patient_image_000659_01848364.jpg,32,0,0.211,0.659375,2,0,0,0,16
patient_image_000660_d4b75c89.jpg,32,0,0.406,1.26875,3,0,0,0,14
patient_image_000661_1feca3dd.jpg,32,0,0.152,0.475,2,0,0,0,14
patient_image_000662_d6cdb3d8.jpg,32,0,0,0,1,0,0,0,14
patient_image_000663_faa17871.jpg,32,0,0,0,1,0,0,0,14
patient_image_000664_63d67e36.jpg,32,0,0.215,0.671875,2,0,0,0,14
patient_image_000665_9d6ed479.jpg,32,0,0.108,0.3375,2,0,0,0,14
patient_image_000666_675dce47.jpg,32,0,0,0,1,1,1,0,14
patient_image_000667_dfa0686b.jpg,32,0,0,0,1,0,0,0,14
patient_image_000668_603e4b18.jpg,32,0,0.318,0.99375,2,3,1,0,12
patient_image_000669_1a4563d6.jpg,32,0,0.241,0.753125,2,0,0,0,14
patient_image_000670_22bd318a.jpg,32,0,0.255,0.796875,2,0,0,0,14
patient_image_000671_a66b5d48.jpg,32,0,0.256,0.8,2,0,0,0,14
patient_image_000672_cffddbca.jpg,32,0,0,0,1,0,0,0,14
patient_image_000673_38bfe5d5.jpg,32,0,0,0,1,0,0,0,14
patient_image_000674_59a55935.jpg,33,0,0,0,1,0,0,0,14
patient_image_000675_d0dba229.jpg,33,0,0.312,0.945454545,2,0,0,0,14
patient_image_000676_2be85690.jpg,33,0,0,0,1,0,0,0,14
patient_image_000677_e5bbd8df.jpg,33,0,0.219,0.663636364,2,0,0,0,14
patient_image_000678_6c9e5415.jpg,33,0,0.274,0.83030303,2,0,0,0,14
patient_image_000679_c8b50fad.jpg,33,0,0.616,1.866666667,3,0,0,0,14
patient_image_000680_d1fc230b.jpg,33,0,0.206,0.624242424,2,0,0,0,14
patient_image_000681_92937f51.jpg,33,0,0.268,0.812121212,2,0,0,0,14
patient_image_000682_2c28be4a.jpg,33,0,0,0,1,0,0,0,14
patient_image_000683_ab596b35.jpg,34,0,0.302,0.888235294,2,0,0,0,14
patient_image_000684_5ed81f6a.jpg,34,0,0.193,0.567647059,2,0,0,0,14
patient_image_000685_3ea9fe53.jpg,34,0,0.25,0.735294118,2,1,1,0,14
patient_image_000686_fd5f5f8e.jpg,34,0,0,0,1,0,0,0,14
patient_image_000687_78a93597.jpg,34,0,0.328,0.964705882,2,0,0,0,16
patient_image_000688_b31e25b2.jpg,34,0,0.988,2.905882353,3,1,0,0,13
patient_image_000689_8cbb459f.jpg,34,0,0.262,0.770588235,2,0,0,0,14
patient_image_000690_a5efc744.jpg,34,0,0.169,0.497058824,2,0,0,0,14
patient_image_000691_ed307561.jpg,34,0,0.884288639,2.600848937,3,2,0,1,12
patient_image_000692_7b9f3fd0.jpg,34,0,0.249,0.732352941,2,0,0,0,14
patient_image_000693_c97d9581.jpg,34,0,0.165,0.485294118,2,1,1,0,13
patient_image_000694_2f073e81.jpg,34,0,0.269,0.791176471,2,5,0,0,11
patient_image_000695_36a72067.jpg,34,0,0.202,0.594117647,2,0,0,0,14
patient_image_000696_e1a9ed11.jpg,34,0,0.665,1.955882353,3,1,0,0,13
patient_image_000697_98097f1b.jpg,34,0,0.277060814,0.814884747,2,0,0,0,14
patient_image_000698_b617e21d.jpg,34,0,0.585488649,1.722025438,3,0,0,0,14
patient_image_000699_c177b5d0.jpg,34,0,0.075,0.220588235,1,0,0,0,14
patient_image_000700_6b17c979.jpg,34,0,0.403243477,1.186010228,3,0,0,0,14
patient_image_000701_56f982f7.jpg,34,0,1,2.941176471,3,0,0,0,14
patient_image_000702_93e8265e.jpg,34,0,0.289,0.85,2,0,0,0,14
patient_image_000703_b50c05bd.jpg,34,0,0,0,1,0,0,0,14
patient_image_000704_8811aa89.jpg,35,0,0.311,0.888571429,2,0,0,0,14
patient_image_000705_2420ddd4.jpg,35,0,0.341,0.974285714,2,0,0,0,14
patient_image_000706_1e9b97f2.jpg,35,0,0.523,1.494285714,3,0,0,0,14
patient_image_000707_57dded03.jpg,35,0,0,0,1,0,0,0,14
patient_image_000708_6eab34a4.jpg,35,0,0.306,0.874285714,2,0,0,1,13
patient_image_000709_c49f5de7.jpg,35,0,0,0,1,0,0,0,14
patient_image_000710_487579a1.jpg,35,0,0.291,0.831428571,2,0,0,0,14
patient_image_000711_09ede04a.jpg,35,0,0.275,0.785714286,2,0,0,0,15
patient_image_000712_f74901b1.jpg,35,0,0.119,0.34,2,0,0,0,14
patient_image_000713_278198c0.jpg,35,0,0.346,0.988571429,2,0,0,0,14
patient_image_000714_2a0bebba.jpg,35,0,0.469095012,1.340271462,3,1,1,0,14
patient_image_000715_04dfe2d5.jpg,36,0,0.686,1.905555556,3,1,0,0,13
patient_image_000716_5aeb574b.jpg,36,0,0,0,1,0,0,0,14
patient_image_000717_d2755dfc.jpg,36,0,0.278,0.772222222,2,0,0,0,14
patient_image_000718_bd47a97f.jpg,36,0,0.341,0.947222222,2,0,0,0,14
patient_image_000719_5f79abc8.jpg,36,0,0.465,1.291666667,3,0,0,0,14
patient_image_000720_50c76c73.jpg,36,0,0.242,0.672222222,2,0,0,0,14
patient_image_000721_ee5c13d1.jpg,36,0,0.283,0.786111111,2,0,0,0,14
patient_image_000722_09368cb5.jpg,36,0,0.692,1.922222222,3,0,0,2,12
patient_image_000723_95b5e27c.jpg,36,0,0.085,0.236111111,1,0,0,0,14
patient_image_000724_7100cffe.jpg,36,0,0.263,0.730555556,2,0,0,0,14
patient_image_000725_859e2484.jpg,36,0,1,2.777777778,3,0,0,0,14
patient_image_000726_2f3a2acb.jpg,36,0,0.252,0.7,2,0,0,0,14
patient_image_000727_83039a94.jpg,36,0,0.375,1.041666667,3,0,0,0,14
patient_image_000728_d17a54c4.jpg,36,0,0.128192271,0.356089642,2,0,0,0,14
patient_image_000729_fe499a1a.jpg,36,0,0.206,0.572222222,2,0,0,0,14
patient_image_000730_9741f72e.jpg,36,0,0.216,0.6,2,0,0,0,14
patient_image_000731_0c941f5d.jpg,37,0,0,0,1,0,0,0,14
patient_image_000732_4e661c5a.jpg,37,0,0.787,2.127027027,3,2,0,0,12
patient_image_000733_39457b8c.jpg,37,0,0.284,0.767567568,2,0,0,0,14
patient_image_000734_49373ac3.jpg,37,0,0.255,0.689189189,2,2,0,0,12
patient_image_000735_4c06fd9d.jpg,37,0,0.152,0.410810811,2,2,0,0,13
patient_image_000736_b6b6cc9b.jpg,37,0,0.197,0.532432432,2,0,0,0,14
patient_image_000737_5bb84a20.jpg,37,0,0.246,0.664864865,2,0,0,5,10
patient_image_000738_5f7ed924.jpg,37,0,0.309,0.835135135,2,1,0,0,13
patient_image_000739_0dd0bdeb.jpg,37,0,1,2.702702703,3,0,0,0,14
patient_image_000740_debbb81a.jpg,37,0,0.532,1.437837838,3,2,0,0,12
patient_image_000741_c2d8c781.jpg,37,0,0.277,0.748648649,2,0,0,0,14
patient_image_000742_673fbbc2.jpg,37,0,0.317163702,0.857199193,2,0,0,0,14
patient_image_000743_18258df1.jpg,37,0,0,0,1,0,0,0,14
patient_image_000744_3d81cbef.jpg,38,0,0.287120974,0.75558151,2,0,0,0,14
patient_image_000745_d898a6cb.jpg,38,0,0.434,1.142105263,3,2,0,0,12
patient_image_000746_9af78966.jpg,38,0,0.915,2.407894737,3,7,0,0,7
patient_image_000747_e008788e.jpg,38,0,0.268440107,0.706421335,2,0,0,0,14
patient_image_000748_ba114015.jpg,38,0,0.206,0.542105263,2,1,1,0,14
patient_image_000749_10f541bd.jpg,38,0,0.211,0.555263158,2,0,0,0,14
patient_image_000750_1ba51eb5.jpg,38,0,0.501,1.318421053,3,3,0,0,11
patient_image_000751_2ec70b07.jpg,38,0,0.181,0.476315789,2,0,0,0,14
patient_image_000752_c1b45b8a.jpg,38,0,0.307,0.807894737,2,0,0,1,13
patient_image_000753_af43a7c5.jpg,38,0,0.414,1.089473684,3,1,0,0,13
patient_image_000754_959252bf.jpg,38,0,0.412,1.084210526,3,0,0,0,14
patient_image_000755_52d07050.jpg,38,0,0.341,0.897368421,2,0,0,0,14
patient_image_000756_5c31e47b.jpg,38,0,0.419,1.102631579,3,1,0,0,13
patient_image_000757_477335d5.jpg,38,0,0,0,1,1,1,0,14
patient_image_000758_82023b9e.jpg,38,0,0.335,0.881578947,2,0,0,0,14
patient_image_000759_e1218872.jpg,38,0,0.081,0.213157895,1,0,0,0,14
patient_image_000760_2cccafd9.jpg,38,0,0.942,2.478947368,3,0,0,0,14
patient_image_000761_de5dc0c0.jpg,38,0,0.162,0.426315789,2,0,0,0,14
patient_image_000762_98c37c92.jpg,38,0,0.342390555,0.901027777,2,0,0,0,14
patient_image_000763_21c07b11.jpg,39,0,0.444,1.138461538,3,0,0,0,14
patient_image_000764_c2491b27.jpg,39,0,0.309,0.792307692,2,0,0,1,13
patient_image_000765_7af1e16c.jpg,39,0,0.301,0.771794872,2,0,0,0,14
patient_image_000766_4738d8ec.jpg,39,0,0.225987823,0.579455957,2,0,0,0,14
patient_image_000767_585542a6.jpg,39,0,0.257,0.658974359,2,0,0,4,11
patient_image_000768_94ae0e55.jpg,39,0,0.38,0.974358974,2,0,0,0,14
patient_image_000769_a862a9c7.jpg,39,0,0.325,0.833333333,2,0,0,0,14
patient_image_000770_7375fe3e.jpg,39,0,0,0,1,0,0,0,14
patient_image_000771_f666f8d9.jpg,39,0,0.182385199,0.467654358,2,0,0,0,14
patient_image_000772_babbfc8b.jpg,40,0,0.306,0.765,2,1,1,0,13
patient_image_000773_638b0558.jpg,40,0,0.205,0.5125,2,0,0,0,14
patient_image_000774_e26d228d.jpg,40,0,0.305,0.7625,2,2,2,0,12
patient_image_000775_656a6578.jpg,40,0,0.089,0.2225,1,0,0,0,14
patient_image_000776_bb326787.jpg,40,0,0.299,0.7475,2,0,0,0,14
patient_image_000777_9462e536.jpg,40,0,0.198,0.495,2,0,0,0,14
patient_image_000778_ddc2800e.jpg,40,0,0,0,1,0,0,0,14
patient_image_000779_3e8dcf4c.jpg,40,0,0.077,0.1925,1,0,0,0,14
patient_image_000780_7404e85c.jpg,40,0,0.397,0.9925,2,1,1,0,14
patient_image_000781_4658f1b9.jpg,40,0,0.318,0.795,2,2,0,0,12
patient_image_000782_fe4c6b59.jpg,40,0,0.786,1.965,3,2,0,0,12
patient_image_000783_c6b9df72.jpg,40,0,0.688,1.72,3,2,0,0,12
patient_image_000784_b669de59.jpg,41,0,0.311403723,0.759521275,2,0,0,0,14
patient_image_000785_ae6c1f79.jpg,41,0,0.289088855,0.705094769,2,0,0,0,14
patient_image_000786_2d07f4a7.jpg,41,0,0.442,1.07804878,3,0,0,0,14
patient_image_000787_cbf5e397.jpg,41,0,0.093,0.226829268,1,1,0,0,14
patient_image_000788_ec38f839.jpg,41,0,0.298,0.726829268,2,0,0,0,14
patient_image_000789_7be9cfb3.jpg,41,0,0.093,0.226829268,1,0,0,0,14
patient_image_000790_dc67a190.jpg,41,0,0.155,0.37804878,2,2,0,0,12
patient_image_000791_436decf6.jpg,41,0,0.819,1.997560976,3,2,0,0,13
patient_image_000792_da93de87.jpg,41,0,0.458143075,1.117422133,3,0,0,0,14
patient_image_000793_39966297.jpg,41,0,0.32631995,0.795902318,2,1,0,0,13
patient_image_000794_db2f0b45.jpg,41,0,0.229,0.558536585,2,0,0,0,14
patient_image_000795_b452d6f6.jpg,42,0,0.396,0.942857143,2,2,0,0,12
patient_image_000796_c6a24843.jpg,42,0,0.293,0.697619048,2,1,1,0,14
patient_image_000797_d21f4490.jpg,42,0,0.101,0.24047619,1,0,0,0,14
patient_image_000798_1636fbe6.jpg,42,0,0.259,0.616666667,2,0,0,1,13
patient_image_000799_806467b4.jpg,42,0,0.352,0.838095238,2,0,0,0,14
patient_image_000800_c80d84c5.jpg,42,0,0.628,1.495238095,3,0,0,0,14
patient_image_000801_701e7a57.jpg,42,0,0.327,0.778571429,2,2,2,0,13
patient_image_000802_babf562c.jpg,42,0,0.779,1.854761905,3,4,0,0,10
patient_image_000803_09145696.jpg,42,0,0.102,0.242857143,1,0,0,0,14
patient_image_000804_e1a775f6.jpg,42,0,0.506,1.204761905,3,3,1,0,12
patient_image_000805_a6285cd0.jpg,42,0,0.209,0.497619048,2,0,0,0,14
patient_image_000806_a933040b.jpg,42,0,0.326752573,0.777982316,2,1,0,0,13
patient_image_000807_f91c023c.jpg,42,0,0.352,0.838095238,2,1,0,0,14
patient_image_000808_fe172a13.jpg,42,0,0.237007996,0.564304753,2,0,0,0,14
patient_image_000809_3789ffc4.jpg,42,0,0.337,0.802380952,2,0,0,0,14
patient_image_000810_4aa8287f.jpg,42,0,1,2.380952381,3,4,0,0,14
patient_image_000811_f5895c67.jpg,42,0,0.63,1.5,3,1,1,0,14
patient_image_000812_d7636574.jpg,43,0,0.313,0.727906977,2,2,2,0,14
patient_image_000813_ad646fe1.jpg,43,0,1,2.325581395,3,0,0,0,14
patient_image_000814_6a9c112c.jpg,43,0,0.239,0.555813953,2,0,0,0,14
patient_image_000815_f279cd7d.jpg,43,0,0.168,0.390697674,2,1,1,0,13
patient_image_000816_313b09d7.jpg,43,0,0.696,1.618604651,3,3,0,0,13
patient_image_000817_09e72457.jpg,43,0,0.231,0.537209302,2,0,0,0,14
patient_image_000818_165888a3.jpg,43,0,0.325,0.755813953,2,0,0,2,12
patient_image_000819_3da46232.jpg,43,0,0.107,0.248837209,1,3,0,0,13
patient_image_000820_982b50b1.jpg,43,0,0.231,0.537209302,2,0,0,0,14
patient_image_000821_2b12cd2f.jpg,43,0,0.506,1.176744186,3,0,0,0,14
patient_image_000822_a875a6d8.jpg,43,0,0.153,0.355813953,2,2,0,0,13
patient_image_000823_2a992066.jpg,43,0,0.292,0.679069767,2,0,0,0,14
patient_image_000824_e391c351.jpg,43,0,0.384522773,0.894239008,2,2,0,0,12
patient_image_000825_5ac921b0.jpg,43,0,0.186066581,0.432712979,2,0,0,0,14
patient_image_000826_d4f2e623.jpg,43,0,0.418038278,0.972182043,2,0,0,0,14
patient_image_000827_b540e187.jpg,43,0,0.392,0.911627907,2,2,0,0,14
patient_image_000828_fafe0387.jpg,43,0,0.103,0.239534884,1,0,0,0,14
patient_image_000829_8ad07052.jpg,44,0,0.404,0.918181818,2,0,0,0,14
patient_image_000830_6e3bc5bc.jpg,44,0,0.268,0.609090909,2,0,0,0,14
patient_image_000831_da537e9a.jpg,44,0,0.175,0.397727273,2,0,0,0,14
patient_image_000832_ba3025d2.jpg,44,0,0.244,0.554545455,2,0,0,0,14
patient_image_000833_c50b941e.jpg,44,0,0.160211943,0.364118053,2,0,0,0,14
patient_image_000834_a35b19b1.jpg,44,0,0.222,0.504545455,2,1,0,0,13
patient_image_000835_5a9a8c42.jpg,45,0,0.247,0.548888889,2,0,0,0,14
patient_image_000836_e3727918.jpg,45,0,0.337,0.748888889,2,1,0,0,13
patient_image_000837_3e3f5ce9.jpg,45,0,0.233,0.517777778,2,0,0,0,14
patient_image_000838_c2ebf9f3.jpg,45,0,0.287110674,0.638023721,2,2,0,0,12
patient_image_000839_90e477c1.jpg,45,0,0.356,0.791111111,2,0,0,0,14
patient_image_000840_75542550.jpg,45,0,0.534,1.186666667,3,0,0,2,12
patient_image_000841_893fdde5.jpg,45,0,0.569,1.264444444,3,0,0,3,11
patient_image_000842_f001cd9e.jpg,45,0,0.449,0.997777778,2,1,0,0,13
patient_image_000843_db317bc4.jpg,45,0,0.143605029,0.319122286,2,1,0,0,13
patient_image_000844_da3a8385.jpg,46,0,0.308,0.669565217,2,0,0,0,14
patient_image_000845_a53d6d29.jpg,46,0,0.101,0.219565217,1,2,2,0,13
patient_image_000846_77f2956f.jpg,46,0,0.348,0.756521739,2,0,0,0,14
patient_image_000847_0de63e7a.jpg,46,0,0.272,0.591304348,2,1,0,0,13
patient_image_000848_8cf56b98.jpg,46,0,0.570525468,1.240272756,3,0,0,0,14
patient_image_000849_25f88a65.jpg,46,0,0.331,0.719565217,2,0,0,0,14
patient_image_000850_4194fb35.jpg,46,0,0.299,0.65,2,1,0,0,13
patient_image_000851_0979f2bc.jpg,46,0,0.278,0.604347826,2,0,0,0,14
patient_image_000852_74a5a273.jpg,47,0,0.839,1.785106383,3,0,0,0,14
patient_image_000853_4a999514.jpg,47,0,0.329,0.7,2,2,0,0,12
patient_image_000854_3a1d5798.jpg,47,0,0.297,0.631914894,2,0,0,0,14
patient_image_000855_16657812.jpg,47,0,0.214,0.455319149,2,0,0,0,14
patient_image_000856_d5957e5e.jpg,47,0,0.222,0.472340426,2,0,0,0,14
patient_image_000857_9e6c029e.jpg,47,0,0.337,0.717021277,2,0,0,0,14
patient_image_000858_f3bfe969.jpg,47,0,0.697,1.482978723,3,0,2,0,13
patient_image_000859_72022976.jpg,47,0,0.282,0.6,2,2,0,0,12
patient_image_000860_8e2c267e.jpg,47,0,0.31,0.659574468,2,3,0,0,11
patient_image_000861_aabc76f1.jpg,47,0,0.109,0.231914894,1,0,0,1,13
patient_image_000862_9baaaf10.jpg,47,0,0.481,1.023404255,3,1,0,0,13
patient_image_000863_5ae729c9.jpg,47,0,0.416,0.885106383,2,1,0,0,14
patient_image_000864_341d6da3.jpg,47,0,0.385,0.819148936,2,0,0,0,14
patient_image_000865_4b0dc78d.jpg,48,0,0.416547693,0.867807693,2,0,0,0,14
patient_image_000866_1423c747.jpg,48,0,0.553,1.152083333,3,2,0,1,11
patient_image_000867_8b9e11bb.jpg,48,0,0.343,0.714583333,2,0,0,0,14
patient_image_000868_0dc83ef9.jpg,48,0,1,2.083333333,3,2,0,0,12
patient_image_000869_b1fe361e.jpg,48,0,0.162,0.3375,2,0,0,0,14
patient_image_000870_642f835a.jpg,48,0,0.278,0.579166667,2,0,0,0,14
patient_image_000871_f381b0ff.jpg,48,0,0.348,0.725,2,1,1,0,14
patient_image_000872_e7b5ae4d.jpg,48,0,0.604,1.258333333,3,0,0,0,14
patient_image_000873_d1d7765c.jpg,48,0,0.297,0.61875,2,2,1,0,12
patient_image_000874_5284b7ef.jpg,48,0,0.170894006,0.356029179,2,0,0,0,14
patient_image_000875_2bb035cf.jpg,48,0,0.821938694,1.712372278,3,5,0,3,6
patient_image_000876_8bff4438.jpg,48,0,0.318927752,0.664432816,2,0,0,0,14
patient_image_000877_b1ceecdc.jpg,49,0,1,2.040816327,3,3,2,0,13
patient_image_000878_875e2e77.jpg,49,0,0.42,0.857142857,2,0,0,0,14
patient_image_000879_36664244.jpg,49,0,0.953,1.944897959,3,2,0,0,12
patient_image_000880_2ca612b6.jpg,49,0,0.456349449,0.931325407,2,27,12,0,0
patient_image_000881_146cdfad.jpg,50,0,0.375,0.75,2,0,0,0,14
patient_image_000882_b7d0c270.jpg,50,0,0.636,1.272,3,2,0,0,12
patient_image_000883_27fe38a5.jpg,50,0,0.839,1.678,3,6,2,0,8
patient_image_000884_7c004ba1.jpg,50,0,0.389,0.778,2,1,0,0,14
patient_image_000885_948ef462.jpg,50,0,0.553,1.106,3,5,0,0,11
patient_image_000886_0c0d306d.jpg,50,0,0.509,1.018,3,0,0,0,14
patient_image_000887_be059b53.jpg,51,0,0.762,1.494117647,3,1,0,0,13
patient_image_000888_b8bb68c6.jpg,51,0,0.378,0.741176471,2,0,0,0,14
patient_image_000889_874fa821.jpg,51,0,0.36,0.705882353,2,0,0,0,14
patient_image_000890_713ba732.jpg,51,0,1,1.960784314,3,0,0,1,13
patient_image_000891_45af6884.jpg,51,0,0.601,1.178431373,3,2,0,0,12
patient_image_000892_e5a9e87b.jpg,51,0,0.873543373,1.712830142,3,19,0,1,1
patient_image_000893_ccf31a18.jpg,51,0,1,1.960784314,3,0,0,0,14
patient_image_000894_c6d2f032.jpg,51,0,0.211,0.41372549,2,1,0,0,14
patient_image_000895_020d42b5.jpg,52,0,0.516,0.992307692,2,3,0,0,13
patient_image_000896_324b8843.jpg,52,0,0.358,0.688461538,2,0,0,0,14
patient_image_000897_546c2ab0.jpg,52,0,0.37605243,0.72317775,2,0,0,0,14
patient_image_000898_413e81cb.jpg,53,0,0.124,0.233962264,1,1,1,0,14
patient_image_000899_4252589f.jpg,53,0,0.883,1.666037736,3,0,0,0,14
patient_image_000900_1f174f64.jpg,53,0,0.129,0.243396226,1,0,0,0,14
patient_image_000901_858abd3d.jpg,53,0,0.435,0.820754717,2,2,0,0,12
patient_image_000902_8fe039b3.jpg,53,0,0.852,1.60754717,3,9,0,2,6
patient_image_000903_f7742c28.jpg,53,0,0.976,1.841509434,3,6,3,0,13
patient_image_000904_89d0531b.jpg,53,0,0.61,1.150943396,3,1,0,0,14
patient_image_000905_aa2ae462.jpg,53,0,0.823,1.552830189,3,2,0,1,11
patient_image_000906_05b770d1.jpg,53,0,0.575,1.08490566,3,2,0,2,10
patient_image_000907_ae7c6e8e.jpg,53,0,0.564003943,1.064158382,3,0,0,0,14
patient_image_000908_766c56d1.jpg,54,0,0.679,1.257407407,3,6,0,0,9
patient_image_000909_a765f5e9.jpg,54,0,0.457,0.846296296,2,1,0,0,13
patient_image_000910_204d5bd8.jpg,54,0,0.346,0.640740741,2,4,0,0,12
patient_image_000911_3bd02bd3.jpg,54,0,0.275,0.509259259,2,2,0,3,9
patient_image_000912_1e375f49.jpg,54,0,0.383,0.709259259,2,2,1,0,14
patient_image_000913_095ba72f.jpg,54,0,1,1.851851852,3,4,0,0,10
patient_image_000914_ad63dc7c.jpg,55,0,0.32398827,0.589069583,2,0,0,0,14
patient_image_000915_08d9efeb.jpg,55,0,0.785,1.427272727,3,2,0,1,11
patient_image_000916_30aa6d22.jpg,56,0,0.276301503,0.493395542,2,0,0,0,14
patient_image_000917_b23de782.jpg,56,0,0.432461226,0.772252189,2,5,0,0,9
patient_image_000918_7fe4102e.jpg,56,0,0.905,1.616071429,3,2,0,0,12
patient_image_000919_6041eb11.jpg,56,0,0.642,1.146428571,3,6,4,0,13
patient_image_000920_27b10293.jpg,56,0,0.714,1.275,3,4,0,4,6
patient_image_000921_3ef89be2.jpg,57,0,0.825,1.447368421,3,1,0,0,13
patient_image_000922_8b62597b.jpg,57,0,0.266,0.466666667,2,2,0,4,9
patient_image_000923_06d8f7f4.jpg,57,0,0.735,1.289473684,3,5,2,0,9
patient_image_000924_f91b651d.jpg,57,0,0.248,0.435087719,2,3,2,0,13
patient_image_000925_a86ca7cd.jpg,57,0,0.802,1.407017544,3,0,0,0,14
patient_image_000926_3d3023d0.jpg,57,0,0.861,1.510526316,3,8,0,0,8
patient_image_000927_f25a03f1.jpg,57,0,1,1.754385965,3,28,0,0,0
patient_image_000928_729777d4.jpg,57,0,0.395,0.692982456,2,0,0,0,14
patient_image_000929_b456167d.jpg,57,0,0.757,1.328070175,3,4,0,0,12
patient_image_000930_14111415.jpg,58,0,0.467,0.805172414,2,6,0,3,11
patient_image_000931_01bf68c2.jpg,59,0,0.265,0.449152542,2,0,0,0,14
patient_image_000932_0552ad9c.jpg,59,0,0.864,1.46440678,3,0,0,0,14
patient_image_000933_d33b6121.jpg,60,0,0.25,0.416666667,2,1,1,0,14
patient_image_000934_34fc5702.jpg,60,0,0.645,1.075,3,1,0,3,10
patient_image_000935_3ac31c34.jpg,60,0,0.397,0.661666667,2,0,0,0,14
patient_image_000936_75644305.jpg,60,0,0.905,1.508333333,3,3,0,1,13
patient_image_000937_11903f79.jpg,60,0,0.647,1.078333333,3,11,0,4,5
patient_image_000938_93f271fb.jpg,60,0,0.369,0.615,2,0,0,1,13
patient_image_000939_16426d51.jpg,60,0,0.598378062,0.99729677,2,0,0,1,13
patient_image_000940_198a6c6c.jpg,60,0,0.653,1.088333333,3,4,0,6,7
patient_image_000941_d3154c55.jpg,61,0,0.506,0.829508197,2,2,1,1,13
patient_image_000942_c3c3e895.jpg,61,0,0.905,1.483606557,3,4,0,0,12
patient_image_000943_2b5ab9e7.jpg,61,0,0.848884782,1.391614397,3,4,0,0,10
patient_image_000944_a3249312.jpg,61,0,0.823,1.349180328,3,12,0,9,2
patient_image_000945_21f7d851.jpg,61,0,0.729,1.195081967,3,8,0,3,5
patient_image_000946_cdaa5ec8.jpg,61,0,0.746,1.22295082,3,6,4,0,9
patient_image_000947_2a160f96.jpg,61,0,0.831,1.362295082,3,0,0,0,14
patient_image_000948_a1272c0e.jpg,61,0,0.306,0.501639344,2,0,0,1,13
patient_image_000949_33548461.jpg,61,0,0.432,0.708196721,2,4,3,0,12
patient_image_000950_2dcd0736.jpg,61,0,0.323,0.529508197,2,0,0,0,14
patient_image_000951_4cd21fcb.jpg,62,0,0.617,0.99516129,2,3,2,0,13
patient_image_000952_2540af2c.jpg,62,0,0.219,0.353225806,2,0,0,0,14
patient_image_000953_280dea9c.jpg,62,0,0.653,1.053225806,3,0,0,0,16
patient_image_000954_3f49f532.jpg,62,0,1,1.612903226,3,7,0,3,6
patient_image_000955_5537ffe3.jpg,62,0,0.256,0.412903226,2,8,7,0,8
patient_image_000956_44fc0f54.jpg,63,0,1,1.587301587,3,9,0,6,4
patient_image_000957_7529424b.jpg,63,0,0.373,0.592063492,2,0,0,0,14
patient_image_000958_567fd642.jpg,63,0,0.653,1.036507937,3,26,13,0,0
patient_image_000959_5b25236e.jpg,63,0,0.744280946,1.181398328,3,9,7,0,7
patient_image_000960_c07b9ae8.jpg,64,0,0.825,1.2890625,3,3,0,0,11
patient_image_000961_8e8fba7e.jpg,64,0,0.656,1.025,3,5,0,0,9
patient_image_000962_e08a6c00.jpg,64,0,0.815,1.2734375,3,15,0,2,0
patient_image_000963_ab22a961.jpg,65,0,0.653,1.004615385,3,16,7,3,11
patient_image_000964_b93724df.jpg,65,0,0.82,1.261538462,3,21,7,0,14
patient_image_000965_e6cf2b34.jpg,65,0,0.257,0.395384615,2,3,0,0,11
patient_image_000966_6c11540b.jpg,65,0,0.664,1.021538462,3,11,0,0,8
patient_image_000967_0883ffcd.jpg,66,0,0.556,0.842424242,2,2,0,0,12
patient_image_000968_4abfef05.jpg,66,0,0.737,1.116666667,3,6,0,0,10
patient_image_000969_55482bfd.jpg,66,0,0.555,0.840909091,2,6,0,7,4
patient_image_000970_8ce3e7bf.jpg,66,0,0.635,0.962121212,2,10,0,0,6
patient_image_000971_2549da02.jpg,66,0,0.676,1.024242424,3,1,0,4,11
patient_image_000972_36b41d7a.jpg,67,0,0.264,0.394029851,2,4,4,0,13
patient_image_000973_32bcd5ac.jpg,67,0,0.752,1.12238806,3,9,0,4,5
patient_image_000974_e48a0909.jpg,67,0,0.151,0.225373134,1,1,1,0,14
patient_image_000975_01461997.jpg,67,0,0.892,1.331343284,3,1,0,0,13
patient_image_000976_fedf47e3.jpg,67,0,0.467,0.697014925,2,4,2,0,12
patient_image_000977_47673eae.jpg,67,0,1,1.492537313,3,2,2,0,14
patient_image_000978_b7639c55.jpg,67,0,0.641,0.956716418,2,16,0,0,1
patient_image_000979_83788988.jpg,67,0,1,1.492537313,3,6,0,1,8
patient_image_000980_e117f479.jpg,68,0,0.503,0.739705882,2,0,0,0,14
patient_image_000981_4b6907de.jpg,68,0,0.712,1.047058824,3,7,2,0,11
patient_image_000982_191afad0.jpg,68,0,0.477,0.701470588,2,1,0,1,13
patient_image_000983_2d374442.jpg,68,0,0.801,1.177941176,3,13,0,3,1
patient_image_000984_2be05c0e.jpg,68,0,1,1.470588235,3,5,4,0,14
patient_image_000985_4d559869.jpg,69,0,0.172,0.249275362,1,0,0,0,14
patient_image_000986_28690d2c.jpg,69,0,0.669,0.969565217,2,5,0,0,10
patient_image_000987_486374cb.jpg,70,0,0.398,0.568571429,2,3,0,2,11
patient_image_000988_d61573a7.jpg,70,0,0.547,0.781428571,2,10,0,0,7
patient_image_000989_b25b9cdb.jpg,70,0,0.366,0.522857143,2,0,0,0,14
patient_image_000990_308204dc.jpg,70,0,0.526,0.751428571,2,1,0,0,13
patient_image_000991_f7b251fe.jpg,70,0,0.766,1.094285714,3,14,0,0,7
patient_image_000992_57c05974.jpg,70,0,0.419057388,0.598653411,2,3,1,0,13
patient_image_000993_da7460f6.jpg,70,0,0.597147705,0.853068151,2,13,0,0,5
patient_image_000994_46087cfd.jpg,71,0,0.271,0.381690141,2,5,3,0,14
patient_image_000995_44258a3c.jpg,72,0,0.465,0.645833333,2,3,0,0,12
patient_image_000996_62c829da.jpg,72,0,0.662,0.919444444,2,9,0,5,4
patient_image_000997_d2bb8686.jpg,72,0,0.375,0.520833333,2,2,0,0,14
patient_image_000998_f7bedb65.jpg,72,0,0.883,1.226388889,3,15,0,1,2
patient_image_000999_0f12d6fc.jpg,73,0,0.547,0.749315068,2,12,0,0,5
patient_image_001000_8e54f250.jpg,73,0,0.566,0.775342466,2,3,0,0,11
patient_image_001001_5a3ad0a5.jpg,74,0,0.476,0.643243243,2,4,0,4,8
patient_image_001002_1ab89507.jpg,74,0,0.802,1.083783784,3,18,0,7,0
patient_image_001003_c2ff7e8b.jpg,74,0,0.281,0.37972973,2,4,2,1,11
patient_image_001004_d0129a16.jpg,74,0,0.741,1.001351351,3,3,0,2,10
patient_image_001005_8a2d932c.jpg,74,0,0.678,0.916216216,2,8,0,0,9
patient_image_001006_a96c349d.jpg,75,0,0.765,1.02,3,3,1,0,13
patient_image_001007_78fcccb8.jpg,75,0,0.458,0.610666667,2,1,0,1,13
patient_image_001008_ddf73045.jpg,75,0,0.638,0.850666667,2,10,0,4,2
