image_id,split,case_id,image_path,source_dimensions,transform,segmentation_status,localization_boxes,landmark_status,bone_line_status
1002,unsplit,,images/unsplit/1002.jpg,"[1171, 886]","{""operation"": ""identity"", ""source_size"": [1171, 886], ""output_size"": [1171, 886], ""scale_x"": 1.0, ""scale_y"": 1.0}",available,4,excluded_unconfirmed,excluded_unconfirmed
1004,unsplit,,images/unsplit/1004.jpg,"[1168, 883]","{""operation"": ""identity"", ""source_size"": [1168, 883], ""output_size"": [1168, 883], ""scale_x"": 1.0, ""scale_y"": 1.0}",available,3,excluded_unconfirmed,excluded_unconfirmed
1006,unsplit,,images/unsplit/1006.jpg,"[1170, 883]","{""operation"": ""identity"", ""source_size"": [1170, 883], ""output_size"": [1170, 883], ""scale_x"": 1.0, ""scale_y"": 1.0}",available,4,excluded_unconfirmed,excluded_unconfirmed
102,unsplit,,images/unsplit/102.jpg,"[1171, 886]","{""operation"": ""identity"", ""source_size"": [1171, 886], ""output_size"": [1171, 886], ""scale_x"": 1.0, ""scale_y"": 1.0}",available,2,excluded_unconfirmed,excluded_unconfirmed
1021,unsplit,,images/unsplit/1021.jpg,"[1168, 883]","{""operation"": ""identity"", ""source_size"": [1168, 883], ""output_size"": [1168, 883], ""scale_x"": 1.0, ""scale_y"": 1.0}",available,4,excluded_unconfirmed,excluded_unconfirmed
1026,unsplit,,images/unsplit/1026.jpg,"[885, 1167]","{""operation"": ""identity"", ""source_size"": [885, 1167], ""output_size"": [885, 1167], ""scale_x"": 1.0, ""scale_y"": 1.0}",available,5,excluded_unconfirmed,excluded_unconfirmed
1028,unsplit,,images/unsplit/1028.jpg,"[1168, 883]","{""operation"": ""identity"", ""source_size"": [1168, 883], ""output_size"": [1168, 883], ""scale_x"": 1.0, ""scale_y"": 1.0}",available,3,excluded_unconfirmed,excluded_unconfirmed
1054,unsplit,,images/unsplit/1054.jpg,"[1171, 886]","{""operation"": ""identity"", ""source_size"": [1171, 886], ""output_size"": [1171, 886], ""scale_x"": 1.0, ""scale_y"": 1.0}",available,5,excluded_unconfirmed,excluded_unconfirmed
1055,unsplit,,images/unsplit/1055.jpg,"[1171, 886]","{""operation"": ""identity"", ""source_size"": [1171, 886], ""output_size"": [1171, 886], ""scale_x"": 1.0, ""scale_y"": 1.0}",available,6,excluded_unconfirmed,excluded_unconfirmed
1062,unsplit,,images/unsplit/1062.jpg,"[1168, 886]","{""operation"": ""identity"", ""source_size"": [1168, 886], ""output_size"": [1168, 886], ""scale_x"": 1.0, ""scale_y"": 1.0}",available,4,excluded_unconfirmed,excluded_unconfirmed
1066,unsplit,,images/unsplit/1066.jpg,"[1167, 885]","{""operation"": ""identity"", ""source_size"": [1167, 885], ""output_size"": [1167, 885], ""scale_x"": 1.0, ""scale_y"": 1.0}",available,4,excluded_unconfirmed,excluded_unconfirmed
1080,unsplit,,images/unsplit/1080.jpg,"[1168, 883]","{""operation"": ""identity"", ""source_size"": [1168, 883], ""output_size"": [1168, 883], ""scale_x"": 1.0, ""scale_y"": 1.0}",available,3,excluded_unconfirmed,excluded_unconfirmed
1091,unsplit,,images/unsplit/1091.jpg,"[999, 886]","{""operation"": ""identity"", ""source_size"": [999, 886], ""output_size"": [999, 886], ""scale_x"": 1.0, ""scale_y"": 1.0}",available,4,excluded_unconfirmed,excluded_unconfirmed
1097,unsplit,,images/unsplit/1097.jpg,"[1168, 886]","{""operation"": ""identity"", ""source_size"": [1168, 886], ""output_size"": [1168, 886], ""scale_x"": 1.0, ""scale_y"": 1.0}",available,4,excluded_unconfirmed,excluded_unconfirmed
1103,unsplit,,images/unsplit/1103.jpg,"[1168, 883]","{""operation"": ""identity"", ""source_size"": [1168, 883], ""output_size"": [1168, 883], ""scale_x"": 1.0, ""scale_y"": 1.0}",available,6,excluded_unconfirmed,excluded_unconfirmed
111,unsplit,,images/unsplit/111.jpg,"[885, 1167]","{""operation"": ""identity"", ""source_size"": [885, 1167], ""output_size"": [885, 1167], ""scale_x"": 1.0, ""scale_y"": 1.0}",available,6,excluded_unconfirmed,excluded_unconfirmed
1124,unsplit,,images/unsplit/1124.jpg,"[1168, 883]","{""operation"": ""identity"", ""source_size"": [1168, 883], ""output_size"": [1168, 883], ""scale_x"": 1.0, ""scale_y"": 1.0}",available,4,excluded_unconfirmed,excluded_unconfirmed
113,unsplit,,images/unsplit/113.jpg,"[1171, 886]","{""operation"": ""identity"", ""source_size"": [1171, 886], ""output_size"": [1171, 886], ""scale_x"": 1.0, ""scale_y"": 1.0}",available,4,excluded_unconfirmed,excluded_unconfirmed
1148,unsplit,,images/unsplit/1148.jpg,"[1168, 886]","{""operation"": ""identity"", ""source_size"": [1168, 886], ""output_size"": [1168, 886], ""scale_x"": 1.0, ""scale_y"": 1.0}",available,3,excluded_unconfirmed,excluded_unconfirmed
1155,unsplit,,images/unsplit/1155.jpg,"[1168, 883]","{""operation"": ""identity"", ""source_size"": [1168, 883], ""output_size"": [1168, 883], ""scale_x"": 1.0, ""scale_y"": 1.0}",available,4,excluded_unconfirmed,excluded_unconfirmed
1162,unsplit,,images/unsplit/1162.jpg,"[1171, 886]","{""operation"": ""identity"", ""source_size"": [1171, 886], ""output_size"": [1171, 886], ""scale_x"": 1.0, ""scale_y"": 1.0}",available,3,excluded_unconfirmed,excluded_unconfirmed
1166,unsplit,,images/unsplit/1166.jpg,"[1170, 884]","{""operation"": ""identity"", ""source_size"": [1170, 884], ""output_size"": [1170, 884], ""scale_x"": 1.0, ""scale_y"": 1.0}",available,4,excluded_unconfirmed,excluded_unconfirmed
1174,unsplit,,images/unsplit/1174.jpg,"[627, 881]","{""operation"": ""identity"", ""source_size"": [627, 881], ""output_size"": [627, 881], ""scale_x"": 1.0, ""scale_y"": 1.0}",available,4,excluded_unconfirmed,excluded_unconfirmed
1180,unsplit,,images/unsplit/1180.jpg,"[1171, 886]","{""operation"": ""identity"", ""source_size"": [1171, 886], ""output_size"": [1171, 886], ""scale_x"": 1.0, ""scale_y"": 1.0}",available,2,excluded_unconfirmed,excluded_unconfirmed
1182,unsplit,,images/unsplit/1182.jpg,"[885, 1168]","{""operation"": ""identity"", ""source_size"": [885, 1168], ""output_size"": [885, 1168], ""scale_x"": 1.0, ""scale_y"": 1.0}",available,7,excluded_unconfirmed,excluded_unconfirmed
1205,unsplit,,images/unsplit/1205.jpg,"[1170, 884]","{""operation"": ""identity"", ""source_size"": [1170, 884], ""output_size"": [1170, 884], ""scale_x"": 1.0, ""scale_y"": 1.0}",available,4,excluded_unconfirmed,excluded_unconfirmed
1210,unsplit,,images/unsplit/1210.jpg,"[1171, 886]","{""operation"": ""identity"", ""source_size"": [1171, 886], ""output_size"": [1171, 886], ""scale_x"": 1.0, ""scale_y"": 1.0}",available,5,excluded_unconfirmed,excluded_unconfirmed
1216,unsplit,,images/unsplit/1216.jpg,"[886, 1171]","{""operation"": ""identity"", ""source_size"": [886, 1171], ""output_size"": [886, 1171], ""scale_x"": 1.0, ""scale_y"": 1.0}",available,5,excluded_unconfirmed,excluded_unconfirmed
1225,unsplit,,images/unsplit/1225.jpg,"[882, 1167]","{""operation"": ""identity"", ""source_size"": [882, 1167], ""output_size"": [882, 1167], ""scale_x"": 1.0, ""scale_y"": 1.0}",available,4,excluded_unconfirmed,excluded_unconfirmed
1226,unsplit,,images/unsplit/1226.jpg,"[1171, 886]","{""operation"": ""identity"", ""source_size"": [1171, 886], ""output_size"": [1171, 886], ""scale_x"": 1.0, ""scale_y"": 1.0}",available,7,excluded_unconfirmed,excluded_unconfirmed
1236,unsplit,,images/unsplit/1236.jpg,"[1171, 886]","{""operation"": ""identity"", ""source_size"": [1171, 886], ""output_size"": [1171, 886], ""scale_x"": 1.0, ""scale_y"": 1.0}",available,5,excluded_unconfirmed,excluded_unconfirmed
1245,unsplit,,images/unsplit/1245.jpg,"[1171, 886]","{""operation"": ""identity"", ""source_size"": [1171, 886], ""output_size"": [1171, 886], ""scale_x"": 1.0, ""scale_y"": 1.0}",available,4,excluded_unconfirmed,excluded_unconfirmed
1262,unsplit,,images/unsplit/1262.jpg,"[1171, 886]","{""operation"": ""identity"", ""source_size"": [1171, 886], ""output_size"": [1171, 886], ""scale_x"": 1.0, ""scale_y"": 1.0}",available,5,excluded_unconfirmed,excluded_unconfirmed
1265,unsplit,,images/unsplit/1265.jpg,"[1168, 883]","{""operation"": ""identity"", ""source_size"": [1168, 883], ""output_size"": [1168, 883], ""scale_x"": 1.0, ""scale_y"": 1.0}",available,3,excluded_unconfirmed,excluded_unconfirmed
1268,unsplit,,images/unsplit/1268.jpg,"[1171, 886]","{""operation"": ""identity"", ""source_size"": [1171, 886], ""output_size"": [1171, 886], ""scale_x"": 1.0, ""scale_y"": 1.0}",available,4,excluded_unconfirmed,excluded_unconfirmed
1275,unsplit,,images/unsplit/1275.jpg,"[1168, 883]","{""operation"": ""identity"", ""source_size"": [1168, 883], ""output_size"": [1168, 883], ""scale_x"": 1.0, ""scale_y"": 1.0}",available,5,excluded_unconfirmed,excluded_unconfirmed
1279,unsplit,,images/unsplit/1279.jpg,"[1171, 886]","{""operation"": ""identity"", ""source_size"": [1171, 886], ""output_size"": [1171, 886], ""scale_x"": 1.0, ""scale_y"": 1.0}",available,6,excluded_unconfirmed,excluded_unconfirmed
1280,unsplit,,images/unsplit/1280.jpg,"[1171, 886]","{""operation"": ""identity"", ""source_size"": [1171, 886], ""output_size"": [1171, 886], ""scale_x"": 1.0, ""scale_y"": 1.0}",available,5,excluded_unconfirmed,excluded_unconfirmed
1286,unsplit,,images/unsplit/1286.jpg,"[1171, 886]","{""operation"": ""identity"", ""source_size"": [1171, 886], ""output_size"": [1171, 886], ""scale_x"": 1.0, ""scale_y"": 1.0}",available,6,excluded_unconfirmed,excluded_unconfirmed
158,unsplit,,images/unsplit/158.jpg,"[1171, 886]","{""operation"": ""identity"", ""source_size"": [1171, 886], ""output_size"": [1171, 886], ""scale_x"": 1.0, ""scale_y"": 1.0}",available,3,excluded_unconfirmed,excluded_unconfirmed
16,unsplit,,images/unsplit/16.jpg,"[886, 1171]","{""operation"": ""identity"", ""source_size"": [886, 1171], ""output_size"": [886, 1171], ""scale_x"": 1.0, ""scale_y"": 1.0}",available,6,excluded_unconfirmed,excluded_unconfirmed
172,unsplit,,images/unsplit/172.jpg,"[1168, 883]","{""operation"": ""identity"", ""source_size"": [1168, 883], ""output_size"": [1168, 883], ""scale_x"": 1.0, ""scale_y"": 1.0}",available,2,excluded_unconfirmed,excluded_unconfirmed
176,unsplit,,images/unsplit/176.jpg,"[1168, 883]","{""operation"": ""identity"", ""source_size"": [1168, 883], ""output_size"": [1168, 883], ""scale_x"": 1.0, ""scale_y"": 1.0}",available,3,excluded_unconfirmed,excluded_unconfirmed
181,unsplit,,images/unsplit/181.jpg,"[1168, 883]","{""operation"": ""identity"", ""source_size"": [1168, 883], ""output_size"": [1168, 883], ""scale_x"": 1.0, ""scale_y"": 1.0}",available,2,excluded_unconfirmed,excluded_unconfirmed
187,unsplit,,images/unsplit/187.jpg,"[1171, 886]","{""operation"": ""identity"", ""source_size"": [1171, 886], ""output_size"": [1171, 886], ""scale_x"": 1.0, ""scale_y"": 1.0}",available,4,excluded_unconfirmed,excluded_unconfirmed
194,unsplit,,images/unsplit/194.jpg,"[1171, 886]","{""operation"": ""identity"", ""source_size"": [1171, 886], ""output_size"": [1171, 886], ""scale_x"": 1.0, ""scale_y"": 1.0}",available,3,excluded_unconfirmed,excluded_unconfirmed
195,unsplit,,images/unsplit/195.jpg,"[1171, 886]","{""operation"": ""identity"", ""source_size"": [1171, 886], ""output_size"": [1171, 886], ""scale_x"": 1.0, ""scale_y"": 1.0}",available,4,excluded_unconfirmed,excluded_unconfirmed
20,unsplit,,images/unsplit/20.jpg,"[1168, 883]","{""operation"": ""identity"", ""source_size"": [1168, 883], ""output_size"": [1168, 883], ""scale_x"": 1.0, ""scale_y"": 1.0}",available,4,excluded_unconfirmed,excluded_unconfirmed
205,unsplit,,images/unsplit/205.jpg,"[1170, 883]","{""operation"": ""identity"", ""source_size"": [1170, 883], ""output_size"": [1170, 883], ""scale_x"": 1.0, ""scale_y"": 1.0}",available,4,excluded_unconfirmed,excluded_unconfirmed
223,unsplit,,images/unsplit/223.jpg,"[885, 1167]","{""operation"": ""identity"", ""source_size"": [885, 1167], ""output_size"": [885, 1167], ""scale_x"": 1.0, ""scale_y"": 1.0}",available,7,excluded_unconfirmed,excluded_unconfirmed
234,unsplit,,images/unsplit/234.jpg,"[1171, 886]","{""operation"": ""identity"", ""source_size"": [1171, 886], ""output_size"": [1171, 886], ""scale_x"": 1.0, ""scale_y"": 1.0}",available,3,excluded_unconfirmed,excluded_unconfirmed
237,unsplit,,images/unsplit/237.jpg,"[1171, 886]","{""operation"": ""identity"", ""source_size"": [1171, 886], ""output_size"": [1171, 886], ""scale_x"": 1.0, ""scale_y"": 1.0}",available,4,excluded_unconfirmed,excluded_unconfirmed
239,unsplit,,images/unsplit/239.jpg,"[1171, 886]","{""operation"": ""identity"", ""source_size"": [1171, 886], ""output_size"": [1171, 886], ""scale_x"": 1.0, ""scale_y"": 1.0}",available,6,excluded_unconfirmed,excluded_unconfirmed
243,unsplit,,images/unsplit/243.jpg,"[1165, 883]","{""operation"": ""identity"", ""source_size"": [1165, 883], ""output_size"": [1165, 883], ""scale_x"": 1.0, ""scale_y"": 1.0}",available,4,excluded_unconfirmed,excluded_unconfirmed
249,unsplit,,images/unsplit/249.jpg,"[1171, 886]","{""operation"": ""identity"", ""source_size"": [1171, 886], ""output_size"": [1171, 886], ""scale_x"": 1.0, ""scale_y"": 1.0}",available,4,excluded_unconfirmed,excluded_unconfirmed
256,unsplit,,images/unsplit/256.jpg,"[885, 1167]","{""operation"": ""identity"", ""source_size"": [885, 1167], ""output_size"": [885, 1167], ""scale_x"": 1.0, ""scale_y"": 1.0}",available,5,excluded_unconfirmed,excluded_unconfirmed
27,unsplit,,images/unsplit/27.jpg,"[1171, 886]","{""operation"": ""identity"", ""source_size"": [1171, 886], ""output_size"": [1171, 886], ""scale_x"": 1.0, ""scale_y"": 1.0}",available,6,excluded_unconfirmed,excluded_unconfirmed
31,unsplit,,images/unsplit/31.jpg,"[1168, 886]","{""operation"": ""identity"", ""source_size"": [1168, 886], ""output_size"": [1168, 886], ""scale_x"": 1.0, ""scale_y"": 1.0}",available,5,excluded_unconfirmed,excluded_unconfirmed
329,unsplit,,images/unsplit/329.jpg,"[1168, 883]","{""operation"": ""identity"", ""source_size"": [1168, 883], ""output_size"": [1168, 883], ""scale_x"": 1.0, ""scale_y"": 1.0}",available,5,excluded_unconfirmed,excluded_unconfirmed
333,unsplit,,images/unsplit/333.jpg,"[1168, 886]","{""operation"": ""identity"", ""source_size"": [1168, 886], ""output_size"": [1168, 886], ""scale_x"": 1.0, ""scale_y"": 1.0}",available,4,excluded_unconfirmed,excluded_unconfirmed
339,unsplit,,images/unsplit/339.jpg,"[1171, 886]","{""operation"": ""identity"", ""source_size"": [1171, 886], ""output_size"": [1171, 886], ""scale_x"": 1.0, ""scale_y"": 1.0}",available,5,excluded_unconfirmed,excluded_unconfirmed
345,unsplit,,images/unsplit/345.jpg,"[1171, 886]","{""operation"": ""identity"", ""source_size"": [1171, 886], ""output_size"": [1171, 886], ""scale_x"": 1.0, ""scale_y"": 1.0}",available,3,excluded_unconfirmed,excluded_unconfirmed
349,unsplit,,images/unsplit/349.jpg,"[885, 1167]","{""operation"": ""identity"", ""source_size"": [885, 1167], ""output_size"": [885, 1167], ""scale_x"": 1.0, ""scale_y"": 1.0}",available,5,excluded_unconfirmed,excluded_unconfirmed
37,unsplit,,images/unsplit/37.jpg,"[1168, 883]","{""operation"": ""identity"", ""source_size"": [1168, 883], ""output_size"": [1168, 883], ""scale_x"": 1.0, ""scale_y"": 1.0}",available,5,excluded_unconfirmed,excluded_unconfirmed
390,unsplit,,images/unsplit/390.jpg,"[1168, 883]","{""operation"": ""identity"", ""source_size"": [1168, 883], ""output_size"": [1168, 883], ""scale_x"": 1.0, ""scale_y"": 1.0}",available,3,excluded_unconfirmed,excluded_unconfirmed
391,unsplit,,images/unsplit/391.jpg,"[1171, 886]","{""operation"": ""identity"", ""source_size"": [1171, 886], ""output_size"": [1171, 886], ""scale_x"": 1.0, ""scale_y"": 1.0}",available,3,excluded_unconfirmed,excluded_unconfirmed
407,unsplit,,images/unsplit/407.jpg,"[1168, 883]","{""operation"": ""identity"", ""source_size"": [1168, 883], ""output_size"": [1168, 883], ""scale_x"": 1.0, ""scale_y"": 1.0}",available,4,excluded_unconfirmed,excluded_unconfirmed
41,unsplit,,images/unsplit/41.jpg,"[1168, 886]","{""operation"": ""identity"", ""source_size"": [1168, 886], ""output_size"": [1168, 886], ""scale_x"": 1.0, ""scale_y"": 1.0}",available,3,excluded_unconfirmed,excluded_unconfirmed
418,unsplit,,images/unsplit/418.jpg,"[1168, 883]","{""operation"": ""identity"", ""source_size"": [1168, 883], ""output_size"": [1168, 883], ""scale_x"": 1.0, ""scale_y"": 1.0}",available,5,excluded_unconfirmed,excluded_unconfirmed
419,unsplit,,images/unsplit/419.jpg,"[1171, 886]","{""operation"": ""identity"", ""source_size"": [1171, 886], ""output_size"": [1171, 886], ""scale_x"": 1.0, ""scale_y"": 1.0}",available,3,excluded_unconfirmed,excluded_unconfirmed
424,unsplit,,images/unsplit/424.jpg,"[1171, 886]","{""operation"": ""identity"", ""source_size"": [1171, 886], ""output_size"": [1171, 886], ""scale_x"": 1.0, ""scale_y"": 1.0}",available,4,excluded_unconfirmed,excluded_unconfirmed
43,unsplit,,images/unsplit/43.jpg,"[886, 1171]","{""operation"": ""identity"", ""source_size"": [886, 1171], ""output_size"": [886, 1171], ""scale_x"": 1.0, ""scale_y"": 1.0}",available,6,excluded_unconfirmed,excluded_unconfirmed
464,unsplit,,images/unsplit/464.jpg,"[1171, 886]","{""operation"": ""identity"", ""source_size"": [1171, 886], ""output_size"": [1171, 886], ""scale_x"": 1.0, ""scale_y"": 1.0}",available,6,excluded_unconfirmed,excluded_unconfirmed
467,unsplit,,images/unsplit/467.jpg,"[1171, 886]","{""operation"": ""identity"", ""source_size"": [1171, 886], ""output_size"": [1171, 886], ""scale_x"": 1.0, ""scale_y"": 1.0}",available,5,excluded_unconfirmed,excluded_unconfirmed
475,unsplit,,images/unsplit/475.jpg,"[885, 1167]","{""operation"": ""identity"", ""source_size"": [885, 1167], ""output_size"": [885, 1167], ""scale_x"": 1.0, ""scale_y"": 1.0}",available,4,excluded_unconfirmed,excluded_unconfirmed
48,unsplit,,images/unsplit/48.jpg,"[885, 1167]","{""operation"": ""identity"", ""source_size"": [885, 1167], ""output_size"": [885, 1167], ""scale_x"": 1.0, ""scale_y"": 1.0}",available,7,excluded_unconfirmed,excluded_unconfirmed
488,unsplit,,images/unsplit/488.jpg,"[885, 1167]","{""operation"": ""identity"", ""source_size"": [885, 1167], ""output_size"": [885, 1167], ""scale_x"": 1.0, ""scale_y"": 1.0}",available,3,excluded_unconfirmed,excluded_unconfirmed
489,unsplit,,images/unsplit/489.jpg,"[885, 1167]","{""operation"": ""identity"", ""source_size"": [885, 1167], ""output_size"": [885, 1167], ""scale_x"": 1.0, ""scale_y"": 1.0}",available,3,excluded_unconfirmed,excluded_unconfirmed
493,unsplit,,images/unsplit/493.jpg,"[1168, 886]","{""operation"": ""identity"", ""source_size"": [1168, 886], ""output_size"": [1168, 886], ""scale_x"": 1.0, ""scale_y"": 1.0}",available,3,excluded_unconfirmed,excluded_unconfirmed
494,unsplit,,images/unsplit/494.jpg,"[1171, 886]","{""operation"": ""identity"", ""source_size"": [1171, 886], ""output_size"": [1171, 886], ""scale_x"": 1.0, ""scale_y"": 1.0}",available,4,excluded_unconfirmed,excluded_unconfirmed
496,unsplit,,images/unsplit/496.jpg,"[886, 1171]","{""operation"": ""identity"", ""source_size"": [886, 1171], ""output_size"": [886, 1171], ""scale_x"": 1.0, ""scale_y"": 1.0}",available,3,excluded_unconfirmed,excluded_unconfirmed
50,unsplit,,images/unsplit/50.jpg,"[885, 1167]","{""operation"": ""identity"", ""source_size"": [885, 1167], ""output_size"": [885, 1167], ""scale_x"": 1.0, ""scale_y"": 1.0}",available,6,excluded_unconfirmed,excluded_unconfirmed
500,unsplit,,images/unsplit/500.jpg,"[1366, 1533]","{""operation"": ""identity"", ""source_size"": [1366, 1533], ""output_size"": [1366, 1533], ""scale_x"": 1.0, ""scale_y"": 1.0}",available,5,excluded_unconfirmed,excluded_unconfirmed
506,unsplit,,images/unsplit/506.jpg,"[1171, 886]","{""operation"": ""identity"", ""source_size"": [1171, 886], ""output_size"": [1171, 886], ""scale_x"": 1.0, ""scale_y"": 1.0}",available,5,excluded_unconfirmed,excluded_unconfirmed
525,unsplit,,images/unsplit/525.jpg,"[1168, 883]","{""operation"": ""identity"", ""source_size"": [1168, 883], ""output_size"": [1168, 883], ""scale_x"": 1.0, ""scale_y"": 1.0}",available,5,excluded_unconfirmed,excluded_unconfirmed
533,unsplit,,images/unsplit/533.jpg,"[885, 1167]","{""operation"": ""identity"", ""source_size"": [885, 1167], ""output_size"": [885, 1167], ""scale_x"": 1.0, ""scale_y"": 1.0}",available,5,excluded_unconfirmed,excluded_unconfirmed
55,unsplit,,images/unsplit/55.jpg,"[886, 1171]","{""operation"": ""identity"", ""source_size"": [886, 1171], ""output_size"": [886, 1171], ""scale_x"": 1.0, ""scale_y"": 1.0}",available,5,excluded_unconfirmed,excluded_unconfirmed
550,unsplit,,images/unsplit/550.jpg,"[1050, 800]","{""operation"": ""identity"", ""source_size"": [1050, 800], ""output_size"": [1050, 800], ""scale_x"": 1.0, ""scale_y"": 1.0}",available,3,excluded_unconfirmed,excluded_unconfirmed
554,unsplit,,images/unsplit/554.jpg,"[1171, 886]","{""operation"": ""identity"", ""source_size"": [1171, 886], ""output_size"": [1171, 886], ""scale_x"": 1.0, ""scale_y"": 1.0}",available,3,excluded_unconfirmed,excluded_unconfirmed
556,unsplit,,images/unsplit/556.jpg,"[1041, 864]","{""operation"": ""identity"", ""source_size"": [1041, 864], ""output_size"": [1041, 864], ""scale_x"": 1.0, ""scale_y"": 1.0}",available,4,excluded_unconfirmed,excluded_unconfirmed
559,unsplit,,images/unsplit/559.jpg,"[1120, 753]","{""operation"": ""identity"", ""source_size"": [1120, 753], ""output_size"": [1120, 753], ""scale_x"": 1.0, ""scale_y"": 1.0}",available,3,excluded_unconfirmed,excluded_unconfirmed
574,unsplit,,images/unsplit/574.jpg,"[1122, 842]","{""operation"": ""identity"", ""source_size"": [1122, 842], ""output_size"": [1122, 842], ""scale_x"": 1.0, ""scale_y"": 1.0}",available,4,excluded_unconfirmed,excluded_unconfirmed
584,unsplit,,images/unsplit/584.jpg,"[1122, 794]","{""operation"": ""identity"", ""source_size"": [1122, 794], ""output_size"": [1122, 794], ""scale_x"": 1.0, ""scale_y"": 1.0}",available,5,excluded_unconfirmed,excluded_unconfirmed
586,unsplit,,images/unsplit/586.jpg,"[1171, 886]","{""operation"": ""identity"", ""source_size"": [1171, 886], ""output_size"": [1171, 886], ""scale_x"": 1.0, ""scale_y"": 1.0}",available,4,excluded_unconfirmed,excluded_unconfirmed
591,unsplit,,images/unsplit/591.jpg,"[851, 1134]","{""operation"": ""identity"", ""source_size"": [851, 1134], ""output_size"": [851, 1134], ""scale_x"": 1.0, ""scale_y"": 1.0}",available,5,excluded_unconfirmed,excluded_unconfirmed
601,unsplit,,images/unsplit/601.jpg,"[1171, 886]","{""operation"": ""identity"", ""source_size"": [1171, 886], ""output_size"": [1171, 886], ""scale_x"": 1.0, ""scale_y"": 1.0}",available,5,excluded_unconfirmed,excluded_unconfirmed
603,unsplit,,images/unsplit/603.jpg,"[1050, 851]","{""operation"": ""identity"", ""source_size"": [1050, 851], ""output_size"": [1050, 851], ""scale_x"": 1.0, ""scale_y"": 1.0}",available,4,excluded_unconfirmed,excluded_unconfirmed
609,unsplit,,images/unsplit/609.jpg,"[1168, 883]","{""operation"": ""identity"", ""source_size"": [1168, 883], ""output_size"": [1168, 883], ""scale_x"": 1.0, ""scale_y"": 1.0}",available,5,excluded_unconfirmed,excluded_unconfirmed
616,unsplit,,images/unsplit/616.jpg,"[865, 1105]","{""operation"": ""identity"", ""source_size"": [865, 1105], ""output_size"": [865, 1105], ""scale_x"": 1.0, ""scale_y"": 1.0}",available,7,excluded_unconfirmed,excluded_unconfirmed
617,unsplit,,images/unsplit/617.jpg,"[935, 883]","{""operation"": ""identity"", ""source_size"": [935, 883], ""output_size"": [935, 883], ""scale_x"": 1.0, ""scale_y"": 1.0}",available,4,excluded_unconfirmed,excluded_unconfirmed
626,unsplit,,images/unsplit/626.jpg,"[780, 1090]","{""operation"": ""identity"", ""source_size"": [780, 1090], ""output_size"": [780, 1090], ""scale_x"": 1.0, ""scale_y"": 1.0}",available,3,excluded_unconfirmed,excluded_unconfirmed
644,unsplit,,images/unsplit/644.jpg,"[1171, 886]","{""operation"": ""identity"", ""source_size"": [1171, 886], ""output_size"": [1171, 886], ""scale_x"": 1.0, ""scale_y"": 1.0}",available,5,excluded_unconfirmed,excluded_unconfirmed
653,unsplit,,images/unsplit/653.jpg,"[1114, 825]","{""operation"": ""identity"", ""source_size"": [1114, 825], ""output_size"": [1114, 825], ""scale_x"": 1.0, ""scale_y"": 1.0}",available,3,excluded_unconfirmed,excluded_unconfirmed
66,unsplit,,images/unsplit/66.jpg,"[885, 1167]","{""operation"": ""identity"", ""source_size"": [885, 1167], ""output_size"": [885, 1167], ""scale_x"": 1.0, ""scale_y"": 1.0}",available,5,excluded_unconfirmed,excluded_unconfirmed
672,unsplit,,images/unsplit/672.jpg,"[1086, 886]","{""operation"": ""identity"", ""source_size"": [1086, 886], ""output_size"": [1086, 886], ""scale_x"": 1.0, ""scale_y"": 1.0}",available,4,excluded_unconfirmed,excluded_unconfirmed
676,unsplit,,images/unsplit/676.jpg,"[1168, 883]","{""operation"": ""identity"", ""source_size"": [1168, 883], ""output_size"": [1168, 883], ""scale_x"": 1.0, ""scale_y"": 1.0}",available,5,excluded_unconfirmed,excluded_unconfirmed
683,unsplit,,images/unsplit/683.jpg,"[837, 1091]","{""operation"": ""identity"", ""source_size"": [837, 1091], ""output_size"": [837, 1091], ""scale_x"": 1.0, ""scale_y"": 1.0}",available,5,excluded_unconfirmed,excluded_unconfirmed
686,unsplit,,images/unsplit/686.jpg,"[1026, 886]","{""operation"": ""identity"", ""source_size"": [1026, 886], ""output_size"": [1026, 886], ""scale_x"": 1.0, ""scale_y"": 1.0}",available,2,excluded_unconfirmed,excluded_unconfirmed
694,unsplit,,images/unsplit/694.jpg,"[1168, 886]","{""operation"": ""identity"", ""source_size"": [1168, 886], ""output_size"": [1168, 886], ""scale_x"": 1.0, ""scale_y"": 1.0}",available,4,excluded_unconfirmed,excluded_unconfirmed
70,unsplit,,images/unsplit/70.jpg,"[1171, 886]","{""operation"": ""identity"", ""source_size"": [1171, 886], ""output_size"": [1171, 886], ""scale_x"": 1.0, ""scale_y"": 1.0}",available,3,excluded_unconfirmed,excluded_unconfirmed
702,unsplit,,images/unsplit/702.jpg,"[808, 1171]","{""operation"": ""identity"", ""source_size"": [808, 1171], ""output_size"": [808, 1171], ""scale_x"": 1.0, ""scale_y"": 1.0}",available,5,excluded_unconfirmed,excluded_unconfirmed
705,unsplit,,images/unsplit/705.jpg,"[886, 1171]","{""operation"": ""identity"", ""source_size"": [886, 1171], ""output_size"": [886, 1171], ""scale_x"": 1.0, ""scale_y"": 1.0}",available,7,excluded_unconfirmed,excluded_unconfirmed
71,unsplit,,images/unsplit/71.jpg,"[1171, 886]","{""operation"": ""identity"", ""source_size"": [1171, 886], ""output_size"": [1171, 886], ""scale_x"": 1.0, ""scale_y"": 1.0}",available,7,excluded_unconfirmed,excluded_unconfirmed
724,unsplit,,images/unsplit/724.jpg,"[1168, 883]","{""operation"": ""identity"", ""source_size"": [1168, 883], ""output_size"": [1168, 883], ""scale_x"": 1.0, ""scale_y"": 1.0}",available,4,excluded_unconfirmed,excluded_unconfirmed
728,unsplit,,images/unsplit/728.jpg,"[1168, 883]","{""operation"": ""identity"", ""source_size"": [1168, 883], ""output_size"": [1168, 883], ""scale_x"": 1.0, ""scale_y"": 1.0}",available,4,excluded_unconfirmed,excluded_unconfirmed
744,unsplit,,images/unsplit/744.jpg,"[1171, 886]","{""operation"": ""identity"", ""source_size"": [1171, 886], ""output_size"": [1171, 886], ""scale_x"": 1.0, ""scale_y"": 1.0}",available,5,excluded_unconfirmed,excluded_unconfirmed
771,unsplit,,images/unsplit/771.jpg,"[1168, 883]","{""operation"": ""identity"", ""source_size"": [1168, 883], ""output_size"": [1168, 883], ""scale_x"": 1.0, ""scale_y"": 1.0}",available,3,excluded_unconfirmed,excluded_unconfirmed
779,unsplit,,images/unsplit/779.jpg,"[1171, 886]","{""operation"": ""identity"", ""source_size"": [1171, 886], ""output_size"": [1171, 886], ""scale_x"": 1.0, ""scale_y"": 1.0}",available,6,excluded_unconfirmed,excluded_unconfirmed
785,unsplit,,images/unsplit/785.jpg,"[765, 1028]","{""operation"": ""identity"", ""source_size"": [765, 1028], ""output_size"": [765, 1028], ""scale_x"": 1.0, ""scale_y"": 1.0}",available,6,excluded_unconfirmed,excluded_unconfirmed
788,unsplit,,images/unsplit/788.jpg,"[1086, 777]","{""operation"": ""identity"", ""source_size"": [1086, 777], ""output_size"": [1086, 777], ""scale_x"": 1.0, ""scale_y"": 1.0}",available,4,excluded_unconfirmed,excluded_unconfirmed
813,unsplit,,images/unsplit/813.jpg,"[885, 1167]","{""operation"": ""identity"", ""source_size"": [885, 1167], ""output_size"": [885, 1167], ""scale_x"": 1.0, ""scale_y"": 1.0}",available,6,excluded_unconfirmed,excluded_unconfirmed
814,unsplit,,images/unsplit/814.jpg,"[1171, 886]","{""operation"": ""identity"", ""source_size"": [1171, 886], ""output_size"": [1171, 886], ""scale_x"": 1.0, ""scale_y"": 1.0}",available,5,excluded_unconfirmed,excluded_unconfirmed
817,unsplit,,images/unsplit/817.jpg,"[885, 1167]","{""operation"": ""identity"", ""source_size"": [885, 1167], ""output_size"": [885, 1167], ""scale_x"": 1.0, ""scale_y"": 1.0}",available,5,excluded_unconfirmed,excluded_unconfirmed
825,unsplit,,images/unsplit/825.jpg,"[1171, 886]","{""operation"": ""identity"", ""source_size"": [1171, 886], ""output_size"": [1171, 886], ""scale_x"": 1.0, ""scale_y"": 1.0}",available,5,excluded_unconfirmed,excluded_unconfirmed
826,unsplit,,images/unsplit/826.jpg,"[778, 1020]","{""operation"": ""identity"", ""source_size"": [778, 1020], ""output_size"": [778, 1020], ""scale_x"": 1.0, ""scale_y"": 1.0}",available,5,excluded_unconfirmed,excluded_unconfirmed
833,unsplit,,images/unsplit/833.jpg,"[1048, 698]","{""operation"": ""identity"", ""source_size"": [1048, 698], ""output_size"": [1048, 698], ""scale_x"": 1.0, ""scale_y"": 1.0}",available,3,excluded_unconfirmed,excluded_unconfirmed
837,unsplit,,images/unsplit/837.jpg,"[1171, 886]","{""operation"": ""identity"", ""source_size"": [1171, 886], ""output_size"": [1171, 886], ""scale_x"": 1.0, ""scale_y"": 1.0}",available,4,excluded_unconfirmed,excluded_unconfirmed
846,unsplit,,images/unsplit/846.jpg,"[850, 1167]","{""operation"": ""identity"", ""source_size"": [850, 1167], ""output_size"": [850, 1167], ""scale_x"": 1.0, ""scale_y"": 1.0}",available,4,excluded_unconfirmed,excluded_unconfirmed
853,unsplit,,images/unsplit/853.jpg,"[1168, 886]","{""operation"": ""identity"", ""source_size"": [1168, 886], ""output_size"": [1168, 886], ""scale_x"": 1.0, ""scale_y"": 1.0}",available,4,excluded_unconfirmed,excluded_unconfirmed
866,unsplit,,images/unsplit/866.jpg,"[1168, 886]","{""operation"": ""identity"", ""source_size"": [1168, 886], ""output_size"": [1168, 886], ""scale_x"": 1.0, ""scale_y"": 1.0}",available,4,excluded_unconfirmed,excluded_unconfirmed
871,unsplit,,images/unsplit/871.jpg,"[885, 1167]","{""operation"": ""identity"", ""source_size"": [885, 1167], ""output_size"": [885, 1167], ""scale_x"": 1.0, ""scale_y"": 1.0}",available,6,excluded_unconfirmed,excluded_unconfirmed
894,unsplit,,images/unsplit/894.jpg,"[1171, 886]","{""operation"": ""identity"", ""source_size"": [1171, 886], ""output_size"": [1171, 886], ""scale_x"": 1.0, ""scale_y"": 1.0}",available,4,excluded_unconfirmed,excluded_unconfirmed
895,unsplit,,images/unsplit/895.jpg,"[1171, 886]","{""operation"": ""identity"", ""source_size"": [1171, 886], ""output_size"": [1171, 886], ""scale_x"": 1.0, ""scale_y"": 1.0}",available,3,excluded_unconfirmed,excluded_unconfirmed
899,unsplit,,images/unsplit/899.jpg,"[885, 1167]","{""operation"": ""identity"", ""source_size"": [885, 1167], ""output_size"": [885, 1167], ""scale_x"": 1.0, ""scale_y"": 1.0}",available,5,excluded_unconfirmed,excluded_unconfirmed
906,unsplit,,images/unsplit/906.jpg,"[1019, 886]","{""operation"": ""identity"", ""source_size"": [1019, 886], ""output_size"": [1019, 886], ""scale_x"": 1.0, ""scale_y"": 1.0}",available,6,excluded_unconfirmed,excluded_unconfirmed
908,unsplit,,images/unsplit/908.jpg,"[1171, 886]","{""operation"": ""identity"", ""source_size"": [1171, 886], ""output_size"": [1171, 886], ""scale_x"": 1.0, ""scale_y"": 1.0}",available,5,excluded_unconfirmed,excluded_unconfirmed
916,unsplit,,images/unsplit/916.jpg,"[1171, 886]","{""operation"": ""identity"", ""source_size"": [1171, 886], ""output_size"": [1171, 886], ""scale_x"": 1.0, ""scale_y"": 1.0}",available,5,excluded_unconfirmed,excluded_unconfirmed
928,unsplit,,images/unsplit/928.jpg,"[885, 1168]","{""operation"": ""identity"", ""source_size"": [885, 1168], ""output_size"": [885, 1168], ""scale_x"": 1.0, ""scale_y"": 1.0}",available,7,excluded_unconfirmed,excluded_unconfirmed
932,unsplit,,images/unsplit/932.jpg,"[886, 1171]","{""operation"": ""identity"", ""source_size"": [886, 1171], ""output_size"": [886, 1171], ""scale_x"": 1.0, ""scale_y"": 1.0}",available,4,excluded_unconfirmed,excluded_unconfirmed
935,unsplit,,images/unsplit/935.jpg,"[950, 883]","{""operation"": ""identity"", ""source_size"": [950, 883], ""output_size"": [950, 883], ""scale_x"": 1.0, ""scale_y"": 1.0}",available,3,excluded_unconfirmed,excluded_unconfirmed
936,unsplit,,images/unsplit/936.jpg,"[1171, 886]","{""operation"": ""identity"", ""source_size"": [1171, 886], ""output_size"": [1171, 886], ""scale_x"": 1.0, ""scale_y"": 1.0}",available,3,excluded_unconfirmed,excluded_unconfirmed
939,unsplit,,images/unsplit/939.jpg,"[1168, 886]","{""operation"": ""identity"", ""source_size"": [1168, 886], ""output_size"": [1168, 886], ""scale_x"": 1.0, ""scale_y"": 1.0}",available,4,excluded_unconfirmed,excluded_unconfirmed
942,unsplit,,images/unsplit/942.jpg,"[1168, 883]","{""operation"": ""identity"", ""source_size"": [1168, 883], ""output_size"": [1168, 883], ""scale_x"": 1.0, ""scale_y"": 1.0}",available,7,excluded_unconfirmed,excluded_unconfirmed
945,unsplit,,images/unsplit/945.jpg,"[1171, 886]","{""operation"": ""identity"", ""source_size"": [1171, 886], ""output_size"": [1171, 886], ""scale_x"": 1.0, ""scale_y"": 1.0}",available,3,excluded_unconfirmed,excluded_unconfirmed
957,unsplit,,images/unsplit/957.jpg,"[1171, 886]","{""operation"": ""identity"", ""source_size"": [1171, 886], ""output_size"": [1171, 886], ""scale_x"": 1.0, ""scale_y"": 1.0}",available,3,excluded_unconfirmed,excluded_unconfirmed
971,unsplit,,images/unsplit/971.jpg,"[1171, 886]","{""operation"": ""identity"", ""source_size"": [1171, 886], ""output_size"": [1171, 886], ""scale_x"": 1.0, ""scale_y"": 1.0}",available,6,excluded_unconfirmed,excluded_unconfirmed
972,unsplit,,images/unsplit/972.jpg,"[1171, 886]","{""operation"": ""identity"", ""source_size"": [1171, 886], ""output_size"": [1171, 886], ""scale_x"": 1.0, ""scale_y"": 1.0}",available,4,excluded_unconfirmed,excluded_unconfirmed
985,unsplit,,images/unsplit/985.jpg,"[1168, 886]","{""operation"": ""identity"", ""source_size"": [1168, 886], ""output_size"": [1168, 886], ""scale_x"": 1.0, ""scale_y"": 1.0}",available,4,excluded_unconfirmed,excluded_unconfirmed
990,unsplit,,images/unsplit/990.jpg,"[1022, 886]","{""operation"": ""identity"", ""source_size"": [1022, 886], ""output_size"": [1022, 886], ""scale_x"": 1.0, ""scale_y"": 1.0}",available,4,excluded_unconfirmed,excluded_unconfirmed
994,unsplit,,images/unsplit/994.jpg,"[931, 886]","{""operation"": ""identity"", ""source_size"": [931, 886], ""output_size"": [931, 886], ""scale_x"": 1.0, ""scale_y"": 1.0}",available,2,excluded_unconfirmed,excluded_unconfirmed
