image_id,filename,width,height,annotation_status,disease_status,expert_validated,affected_teeth_count,affected_teeth,severity,findings,completeness_status,invalid_reason
10,10.png,1024,1024,missing,,,0,,,,missing,annotation_missing
1001,1001.png,1024,1024,missing,,,0,,,,missing,annotation_missing
1003,1003.png,1024,1024,missing,,,0,,,,missing,annotation_missing
1005,1005.png,1024,1024,missing,,,0,,,,missing,annotation_missing
1008,1008.png,1024,1024,missing,,,0,,,,missing,annotation_missing
1009,1009.png,1024,1024,missing,,,0,,,,missing,annotation_missing
101,101.png,1024,1024,missing,,,0,,,,missing,annotation_missing
1010,1010.png,1024,1024,missing,,,0,,,,missing,annotation_missing
1011,1011.png,1024,1024,missing,,,0,,,,missing,annotation_missing
1012,1012.png,1024,1024,missing,,,0,,,,missing,annotation_missing
1014,1014.png,1024,1024,missing,,,0,,,,missing,annotation_missing
1015,1015.png,1024,1024,missing,,,0,,,,missing,annotation_missing
1016,1016.png,1024,1024,missing,,,0,,,,missing,annotation_missing
1017,1017.png,1024,1024,missing,,,0,,,,missing,annotation_missing
1018,1018.png,1024,1024,missing,,,0,,,,missing,annotation_missing
1019,1019.png,1024,1024,missing,,,0,,,,missing,annotation_missing
1020,1020.png,1024,1024,missing,,,0,,,,missing,annotation_missing
1023,1023.png,1024,1024,missing,,,0,,,,missing,annotation_missing
1024,1024.png,1024,1024,missing,,,0,,,,missing,annotation_missing
1025,1025.png,1024,1024,missing,,,0,,,,missing,annotation_missing
1029,1029.png,1024,1024,missing,,,0,,,,missing,annotation_missing
1030,1030.png,1024,1024,missing,,,0,,,,missing,annotation_missing
1031,1031.png,1024,1024,missing,,,0,,,,missing,annotation_missing
1032,1032.png,1024,1024,missing,,,0,,,,missing,annotation_missing
1033,1033.png,1024,1024,missing,,,0,,,,missing,annotation_missing
1035,1035.png,1024,1024,missing,,,0,,,,missing,annotation_missing
1037,1037.png,1024,1024,missing,,,0,,,,missing,annotation_missing
1038,1038.png,1024,1024,missing,,,0,,,,missing,annotation_missing
1040,1040.png,1024,1024,missing,,,0,,,,missing,annotation_missing
1041,1041.png,1024,1024,missing,,,0,,,,missing,annotation_missing
1043,1043.png,1024,1024,missing,,,0,,,,missing,annotation_missing
1045,1045.png,1024,1024,missing,,,0,,,,missing,annotation_missing
1046,1046.png,1024,1024,missing,,,0,,,,missing,annotation_missing
1047,1047.png,1024,1024,missing,,,0,,,,missing,annotation_missing
1049,1049.png,1024,1024,missing,,,0,,,,missing,annotation_missing
105,105.png,1024,1024,missing,,,0,,,,missing,annotation_missing
1050,1050.png,1024,1024,missing,,,0,,,,missing,annotation_missing
1053,1053.png,1024,1024,missing,,,0,,,,missing,annotation_missing
1056,1056.png,1024,1024,missing,,,0,,,,missing,annotation_missing
1057,1057.png,1024,1024,missing,,,0,,,,missing,annotation_missing
1058,1058.png,1024,1024,missing,,,0,,,,missing,annotation_missing
1060,1060.png,1024,1024,missing,,,0,,,,missing,annotation_missing
1061,1061.png,1024,1024,missing,,,0,,,,missing,annotation_missing
1063,1063.png,1024,1024,missing,,,0,,,,missing,annotation_missing
1068,1068.png,1024,1024,missing,,,0,,,,missing,annotation_missing
1069,1069.png,1024,1024,missing,,,0,,,,missing,annotation_missing
1070,1070.png,1024,1024,missing,,,0,,,,missing,annotation_missing
1072,1072.png,1024,1024,missing,,,0,,,,missing,annotation_missing
1075,1075.png,1024,1024,missing,,,0,,,,missing,annotation_missing
1077,1077.png,1024,1024,missing,,,0,,,,missing,annotation_missing
1081,1081.png,1024,1024,missing,,,0,,,,missing,annotation_missing
1085,1085.png,1024,1024,missing,,,0,,,,missing,annotation_missing
1087,1087.png,1024,1024,missing,,,0,,,,missing,annotation_missing
1089,1089.png,1024,1024,missing,,,0,,,,missing,annotation_missing
1090,1090.png,1024,1024,missing,,,0,,,,missing,annotation_missing
1092,1092.png,1024,1024,missing,,,0,,,,missing,annotation_missing
1093,1093.png,1024,1024,missing,,,0,,,,missing,annotation_missing
1094,1094.png,1024,1024,missing,,,0,,,,missing,annotation_missing
1095,1095.png,1024,1024,missing,,,0,,,,missing,annotation_missing
1096,1096.png,1024,1024,missing,,,0,,,,missing,annotation_missing
1099,1099.png,1024,1024,missing,,,0,,,,missing,annotation_missing
110,110.png,1024,1024,missing,,,0,,,,missing,annotation_missing
1100,1100.png,1024,1024,missing,,,0,,,,missing,annotation_missing
1104,1104.png,1024,1024,missing,,,0,,,,missing,annotation_missing
1105,1105.png,1024,1024,missing,,,0,,,,missing,annotation_missing
1107,1107.png,1024,1024,missing,,,0,,,,missing,annotation_missing
1108,1108.png,1024,1024,missing,,,0,,,,missing,annotation_missing
1109,1109.png,1024,1024,missing,,,0,,,,missing,annotation_missing
1111,1111.png,1024,1024,missing,,,0,,,,missing,annotation_missing
1114,1114.png,1024,1024,missing,,,0,,,,missing,annotation_missing
1115,1115.png,1024,1024,missing,,,0,,,,missing,annotation_missing
1116,1116.png,1024,1024,missing,,,0,,,,missing,annotation_missing
1117,1117.png,1024,1024,missing,,,0,,,,missing,annotation_missing
1118,1118.png,1024,1024,missing,,,0,,,,missing,annotation_missing
1119,1119.png,1024,1024,missing,,,0,,,,missing,annotation_missing
112,112.png,1024,1024,missing,,,0,,,,missing,annotation_missing
1122,1122.png,1024,1024,missing,,,0,,,,missing,annotation_missing
1125,1125.png,1024,1024,missing,,,0,,,,missing,annotation_missing
1126,1126.png,1024,1024,missing,,,0,,,,missing,annotation_missing
1128,1128.png,1024,1024,missing,,,0,,,,missing,annotation_missing
1129,1129.png,1024,1024,missing,,,0,,,,missing,annotation_missing
1130,1130.png,1024,1024,missing,,,0,,,,missing,annotation_missing
1131,1131.png,1024,1024,missing,,,0,,,,missing,annotation_missing
1132,1132.png,1024,1024,missing,,,0,,,,missing,annotation_missing
1133,1133.png,1024,1024,missing,,,0,,,,missing,annotation_missing
1134,1134.png,1024,1024,missing,,,0,,,,missing,annotation_missing
1135,1135.png,1024,1024,missing,,,0,,,,missing,annotation_missing
1136,1136.png,1024,1024,missing,,,0,,,,missing,annotation_missing
1139,1139.png,1024,1024,missing,,,0,,,,missing,annotation_missing
114,114.png,1024,1024,missing,,,0,,,,missing,annotation_missing
1142,1142.png,1024,1024,missing,,,0,,,,missing,annotation_missing
1145,1145.png,1024,1024,missing,,,0,,,,missing,annotation_missing
1149,1149.png,1024,1024,missing,,,0,,,,missing,annotation_missing
115,115.png,1024,1024,missing,,,0,,,,missing,annotation_missing
1150,1150.png,1024,1024,missing,,,0,,,,missing,annotation_missing
1151,1151.png,1024,1024,missing,,,0,,,,missing,annotation_missing
1152,1152.png,1024,1024,missing,,,0,,,,missing,annotation_missing
1154,1154.png,1024,1024,missing,,,0,,,,missing,annotation_missing
1156,1156.png,1024,1024,missing,,,0,,,,missing,annotation_missing
1157,1157.png,1024,1024,missing,,,0,,,,missing,annotation_missing
1158,1158.png,1024,1024,missing,,,0,,,,missing,annotation_missing
1159,1159.png,1024,1024,missing,,,0,,,,missing,annotation_missing
1160,1160.png,1024,1024,missing,,,0,,,,missing,annotation_missing
1161,1161.png,1024,1024,missing,,,0,,,,missing,annotation_missing
1163,1163.png,1024,1024,missing,,,0,,,,missing,annotation_missing
1165,1165.png,1024,1024,missing,,,0,,,,missing,annotation_missing
1167,1167.png,1024,1024,missing,,,0,,,,missing,annotation_missing
1168,1168.png,1024,1024,missing,,,0,,,,missing,annotation_missing
1169,1169.png,1024,1024,missing,,,0,,,,missing,annotation_missing
1170,1170.png,1024,1024,missing,,,0,,,,missing,annotation_missing
1171,1171.png,1024,1024,missing,,,0,,,,missing,annotation_missing
1172,1172.png,1024,1024,missing,,,0,,,,missing,annotation_missing
1175,1175.png,1024,1024,missing,,,0,,,,missing,annotation_missing
1176,1176.png,1024,1024,missing,,,0,,,,missing,annotation_missing
1178,1178.png,1024,1024,missing,,,0,,,,missing,annotation_missing
1179,1179.png,1024,1024,missing,,,0,,,,missing,annotation_missing
118,118.png,1024,1024,missing,,,0,,,,missing,annotation_missing
1181,1181.png,1024,1024,missing,,,0,,,,missing,annotation_missing
1183,1183.png,1024,1024,missing,,,0,,,,missing,annotation_missing
1184,1184.png,1024,1024,missing,,,0,,,,missing,annotation_missing
1185,1185.png,1024,1024,missing,,,0,,,,missing,annotation_missing
1186,1186.png,1024,1024,missing,,,0,,,,missing,annotation_missing
1187,1187.png,1024,1024,missing,,,0,,,,missing,annotation_missing
1188,1188.png,1024,1024,missing,,,0,,,,missing,annotation_missing
1189,1189.png,1024,1024,missing,,,0,,,,missing,annotation_missing
1191,1191.png,1024,1024,missing,,,0,,,,missing,annotation_missing
1193,1193.png,1024,1024,missing,,,0,,,,missing,annotation_missing
1195,1195.png,1024,1024,missing,,,0,,,,missing,annotation_missing
1196,1196.png,1024,1024,missing,,,0,,,,missing,annotation_missing
1197,1197.png,1024,1024,missing,,,0,,,,missing,annotation_missing
1198,1198.png,1024,1024,missing,,,0,,,,missing,annotation_missing
1199,1199.png,1024,1024,missing,,,0,,,,missing,annotation_missing
12,12.png,1024,1024,missing,,,0,,,,missing,annotation_missing
1200,1200.png,1024,1024,missing,,,0,,,,missing,annotation_missing
1202,1202.png,1024,1024,missing,,,0,,,,missing,annotation_missing
1203,1203.png,1024,1024,missing,,,0,,,,missing,annotation_missing
1204,1204.png,1024,1024,missing,,,0,,,,missing,annotation_missing
1206,1206.png,1024,1024,missing,,,0,,,,missing,annotation_missing
1212,1212.png,1024,1024,missing,,,0,,,,missing,annotation_missing
1213,1213.png,1024,1024,missing,,,0,,,,missing,annotation_missing
1214,1214.png,1024,1024,missing,,,0,,,,missing,annotation_missing
1215,1215.png,1024,1024,missing,,,0,,,,missing,annotation_missing
1217,1217.png,1024,1024,missing,,,0,,,,missing,annotation_missing
1219,1219.png,1024,1024,missing,,,0,,,,missing,annotation_missing
1220,1220.png,1024,1024,missing,,,0,,,,missing,annotation_missing
1228,1228.png,1024,1024,missing,,,0,,,,missing,annotation_missing
123,123.png,1024,1024,missing,,,0,,,,missing,annotation_missing
1230,1230.png,1024,1024,missing,,,0,,,,missing,annotation_missing
1232,1232.png,1024,1024,missing,,,0,,,,missing,annotation_missing
1235,1235.png,1024,1024,missing,,,0,,,,missing,annotation_missing
1237,1237.png,1024,1024,missing,,,0,,,,missing,annotation_missing
1238,1238.png,1024,1024,missing,,,0,,,,missing,annotation_missing
1239,1239.png,1024,1024,missing,,,0,,,,missing,annotation_missing
124,124.png,1024,1024,missing,,,0,,,,missing,annotation_missing
1240,1240.png,1024,1024,missing,,,0,,,,missing,annotation_missing
1243,1243.png,1024,1024,missing,,,0,,,,missing,annotation_missing
1244,1244.png,1024,1024,missing,,,0,,,,missing,annotation_missing
1246,1246.png,1024,1024,missing,,,0,,,,missing,annotation_missing
1247,1247.png,1024,1024,missing,,,0,,,,missing,annotation_missing
1249,1249.png,1024,1024,missing,,,0,,,,missing,annotation_missing
1250,1250.png,1024,1024,missing,,,0,,,,missing,annotation_missing
1252,1252.png,1024,1024,missing,,,0,,,,missing,annotation_missing
1254,1254.png,1024,1024,missing,,,0,,,,missing,annotation_missing
1255,1255.png,1024,1024,missing,,,0,,,,missing,annotation_missing
1256,1256.png,1024,1024,missing,,,0,,,,missing,annotation_missing
1257,1257.png,1024,1024,missing,,,0,,,,missing,annotation_missing
1260,1260.png,1024,1024,missing,,,0,,,,missing,annotation_missing
1261,1261.png,1024,1024,missing,,,0,,,,missing,annotation_missing
1263,1263.png,1024,1024,missing,,,0,,,,missing,annotation_missing
1269,1269.png,1024,1024,missing,,,0,,,,missing,annotation_missing
127,127.png,1024,1024,missing,,,0,,,,missing,annotation_missing
1270,1270.png,1024,1024,missing,,,0,,,,missing,annotation_missing
1273,1273.png,1024,1024,missing,,,0,,,,missing,annotation_missing
1276,1276.png,1024,1024,missing,,,0,,,,missing,annotation_missing
1277,1277.png,1024,1024,missing,,,0,,,,missing,annotation_missing
1281,1281.png,1024,1024,missing,,,0,,,,missing,annotation_missing
1282,1282.png,1024,1024,missing,,,0,,,,missing,annotation_missing
1284,1284.png,1024,1024,missing,,,0,,,,missing,annotation_missing
1287,1287.png,1024,1024,missing,,,0,,,,missing,annotation_missing
1288,1288.png,1024,1024,missing,,,0,,,,missing,annotation_missing
1289,1289.png,1024,1024,missing,,,0,,,,missing,annotation_missing
1290,1290.png,1024,1024,missing,,,0,,,,missing,annotation_missing
1291,1291.png,1024,1024,missing,,,0,,,,missing,annotation_missing
1292,1292.png,1024,1024,missing,,,0,,,,missing,annotation_missing
1293,1293.png,1024,1024,missing,,,0,,,,missing,annotation_missing
13,13.png,1024,1024,missing,,,0,,,,missing,annotation_missing
132,132.png,1024,1024,missing,,,0,,,,missing,annotation_missing
135,135.png,1024,1024,missing,,,0,,,,missing,annotation_missing
136,136.png,1024,1024,missing,,,0,,,,missing,annotation_missing
14,14.png,1024,1024,missing,,,0,,,,missing,annotation_missing
140,140.png,1024,1024,missing,,,0,,,,missing,annotation_missing
141,141.png,1024,1024,missing,,,0,,,,missing,annotation_missing
142,142.png,1024,1024,missing,,,0,,,,missing,annotation_missing
145,145.png,1024,1024,missing,,,0,,,,missing,annotation_missing
146,146.png,1024,1024,missing,,,0,,,,missing,annotation_missing
15,15.png,1024,1024,missing,,,0,,,,missing,annotation_missing
151,151.png,1024,1024,missing,,,0,,,,missing,annotation_missing
155,155.png,1024,1024,missing,,,0,,,,missing,annotation_missing
157,157.png,1024,1024,missing,,,0,,,,missing,annotation_missing
161,161.png,1024,1024,missing,,,0,,,,missing,annotation_missing
162,162.png,1024,1024,missing,,,0,,,,missing,annotation_missing
164,164.png,1024,1024,missing,,,0,,,,missing,annotation_missing
165,165.png,1024,1024,missing,,,0,,,,missing,annotation_missing
17,17.png,1024,1024,missing,,,0,,,,missing,annotation_missing
179,179.png,1024,1024,missing,,,0,,,,missing,annotation_missing
180,180.png,1024,1024,missing,,,0,,,,missing,annotation_missing
182,182.png,1024,1024,missing,,,0,,,,missing,annotation_missing
185,185.png,1024,1024,missing,,,0,,,,missing,annotation_missing
189,189.png,1024,1024,missing,,,0,,,,missing,annotation_missing
191,191.png,1024,1024,missing,,,0,,,,missing,annotation_missing
192,192.png,1024,1024,missing,,,0,,,,missing,annotation_missing
193,193.png,1024,1024,missing,,,0,,,,missing,annotation_missing
199,199.png,1024,1024,missing,,,0,,,,missing,annotation_missing
2,2.png,1024,1024,missing,,,0,,,,missing,annotation_missing
206,206.png,1024,1024,missing,,,0,,,,missing,annotation_missing
21,21.png,1024,1024,missing,,,0,,,,missing,annotation_missing
210,210.png,1024,1024,missing,,,0,,,,missing,annotation_missing
213,213.png,1024,1024,missing,,,0,,,,missing,annotation_missing
214,214.png,1024,1024,missing,,,0,,,,missing,annotation_missing
216,216.png,1024,1024,missing,,,0,,,,missing,annotation_missing
217,217.png,1024,1024,missing,,,0,,,,missing,annotation_missing
221,221.png,1024,1024,missing,,,0,,,,missing,annotation_missing
226,226.png,1024,1024,missing,,,0,,,,missing,annotation_missing
229,229.png,1024,1024,missing,,,0,,,,missing,annotation_missing
23,23.png,1024,1024,missing,,,0,,,,missing,annotation_missing
230,230.png,1024,1024,missing,,,0,,,,missing,annotation_missing
235,235.png,1024,1024,missing,,,0,,,,missing,annotation_missing
236,236.png,1024,1024,missing,,,0,,,,missing,annotation_missing
238,238.png,1024,1024,missing,,,0,,,,missing,annotation_missing
24,24.png,1024,1024,missing,,,0,,,,missing,annotation_missing
242,242.png,1024,1024,missing,,,0,,,,missing,annotation_missing
248,248.png,1024,1024,missing,,,0,,,,missing,annotation_missing
25,25.png,1024,1024,missing,,,0,,,,missing,annotation_missing
250,250.png,1024,1024,missing,,,0,,,,missing,annotation_missing
252,252.png,1024,1024,missing,,,0,,,,missing,annotation_missing
254,254.png,1024,1024,missing,,,0,,,,missing,annotation_missing
259,259.png,1024,1024,missing,,,0,,,,missing,annotation_missing
26,26.png,1024,1024,missing,,,0,,,,missing,annotation_missing
261,261.png,1024,1024,missing,,,0,,,,missing,annotation_missing
262,262.png,1024,1024,missing,,,0,,,,missing,annotation_missing
263,263.png,1024,1024,missing,,,0,,,,missing,annotation_missing
267,267.png,1024,1024,missing,,,0,,,,missing,annotation_missing
268,268.png,1024,1024,missing,,,0,,,,missing,annotation_missing
271,271.png,1024,1024,missing,,,0,,,,missing,annotation_missing
272,272.png,1024,1024,missing,,,0,,,,missing,annotation_missing
273,273.png,1024,1024,missing,,,0,,,,missing,annotation_missing
274,274.png,1024,1024,missing,,,0,,,,missing,annotation_missing
275,275.png,1024,1024,missing,,,0,,,,missing,annotation_missing
276,276.png,1024,1024,missing,,,0,,,,missing,annotation_missing
277,277.png,1024,1024,missing,,,0,,,,missing,annotation_missing
278,278.png,1024,1024,missing,,,0,,,,missing,annotation_missing
279,279.png,1024,1024,missing,,,0,,,,missing,annotation_missing
28,28.png,1024,1024,missing,,,0,,,,missing,annotation_missing
280,280.png,1024,1024,missing,,,0,,,,missing,annotation_missing
282,282.png,1024,1024,missing,,,0,,,,missing,annotation_missing
283,283.png,1024,1024,missing,,,0,,,,missing,annotation_missing
285,285.png,1024,1024,missing,,,0,,,,missing,annotation_missing
29,29.png,1024,1024,missing,,,0,,,,missing,annotation_missing
291,291.png,1024,1024,missing,,,0,,,,missing,annotation_missing
292,292.png,1024,1024,missing,,,0,,,,missing,annotation_missing
294,294.png,1024,1024,missing,,,0,,,,missing,annotation_missing
297,297.png,1024,1024,missing,,,0,,,,missing,annotation_missing
299,299.png,1024,1024,missing,,,0,,,,missing,annotation_missing
3,3.png,1024,1024,missing,,,0,,,,missing,annotation_missing
30,30.png,1024,1024,missing,,,0,,,,missing,annotation_missing
302,302.png,1024,1024,missing,,,0,,,,missing,annotation_missing
307,307.png,1024,1024,missing,,,0,,,,missing,annotation_missing
310,310.png,1024,1024,missing,,,0,,,,missing,annotation_missing
311,311.png,1024,1024,missing,,,0,,,,missing,annotation_missing
313,313.png,1024,1024,missing,,,0,,,,missing,annotation_missing
314,314.png,1024,1024,missing,,,0,,,,missing,annotation_missing
315,315.png,1024,1024,missing,,,0,,,,missing,annotation_missing
317,317.png,1024,1024,missing,,,0,,,,missing,annotation_missing
32,32.png,1024,1024,missing,,,0,,,,missing,annotation_missing
325,325.png,1024,1024,missing,,,0,,,,missing,annotation_missing
328,328.png,1024,1024,missing,,,0,,,,missing,annotation_missing
33,33.png,1024,1024,missing,,,0,,,,missing,annotation_missing
332,332.png,1024,1024,missing,,,0,,,,missing,annotation_missing
334,334.png,1024,1024,missing,,,0,,,,missing,annotation_missing
335,335.png,1024,1024,missing,,,0,,,,missing,annotation_missing
34,34.png,1024,1024,missing,,,0,,,,missing,annotation_missing
341,341.png,1024,1024,missing,,,0,,,,missing,annotation_missing
343,343.png,1024,1024,missing,,,0,,,,missing,annotation_missing
344,344.png,1024,1024,missing,,,0,,,,missing,annotation_missing
347,347.png,1024,1024,missing,,,0,,,,missing,annotation_missing
348,348.png,1024,1024,missing,,,0,,,,missing,annotation_missing
351,351.png,1024,1024,missing,,,0,,,,missing,annotation_missing
354,354.png,1024,1024,missing,,,0,,,,missing,annotation_missing
355,355.png,1024,1024,missing,,,0,,,,missing,annotation_missing
356,356.png,1024,1024,missing,,,0,,,,missing,annotation_missing
36,36.png,1024,1024,missing,,,0,,,,missing,annotation_missing
360,360.png,1024,1024,missing,,,0,,,,missing,annotation_missing
366,366.png,1024,1024,missing,,,0,,,,missing,annotation_missing
371,371.png,1024,1024,missing,,,0,,,,missing,annotation_missing
374,374.png,1024,1024,missing,,,0,,,,missing,annotation_missing
375,375.png,1024,1024,missing,,,0,,,,missing,annotation_missing
377,377.png,1024,1024,missing,,,0,,,,missing,annotation_missing
378,378.png,1024,1024,missing,,,0,,,,missing,annotation_missing
38,38.png,1024,1024,missing,,,0,,,,missing,annotation_missing
380,380.png,1024,1024,missing,,,0,,,,missing,annotation_missing
382,382.png,1024,1024,missing,,,0,,,,missing,annotation_missing
386,386.png,1024,1024,missing,,,0,,,,missing,annotation_missing
39,39.png,1024,1024,missing,,,0,,,,missing,annotation_missing
392,392.png,1024,1024,missing,,,0,,,,missing,annotation_missing
393,393.png,1024,1024,missing,,,0,,,,missing,annotation_missing
395,395.png,1024,1024,missing,,,0,,,,missing,annotation_missing
396,396.png,1024,1024,missing,,,0,,,,missing,annotation_missing
397,397.png,1024,1024,missing,,,0,,,,missing,annotation_missing
4,4.png,1024,1024,missing,,,0,,,,missing,annotation_missing
40,40.png,1024,1024,missing,,,0,,,,missing,annotation_missing
400,400.png,1024,1024,missing,,,0,,,,missing,annotation_missing
403,403.png,1024,1024,missing,,,0,,,,missing,annotation_missing
406,406.png,1024,1024,missing,,,0,,,,missing,annotation_missing
409,409.png,1024,1024,missing,,,0,,,,missing,annotation_missing
410,410.png,1024,1024,missing,,,0,,,,missing,annotation_missing
415,415.png,1024,1024,missing,,,0,,,,missing,annotation_missing
417,417.png,1024,1024,missing,,,0,,,,missing,annotation_missing
42,42.png,1024,1024,missing,,,0,,,,missing,annotation_missing
420,420.png,1024,1024,missing,,,0,,,,missing,annotation_missing
422,422.png,1024,1024,missing,,,0,,,,missing,annotation_missing
427,427.png,1024,1024,missing,,,0,,,,missing,annotation_missing
428,428.png,1024,1024,missing,,,0,,,,missing,annotation_missing
432,432.png,1024,1024,missing,,,0,,,,missing,annotation_missing
434,434.png,1024,1024,missing,,,0,,,,missing,annotation_missing
438,438.png,1024,1024,missing,,,0,,,,missing,annotation_missing
440,440.png,1024,1024,missing,,,0,,,,missing,annotation_missing
442,442.png,1024,1024,missing,,,0,,,,missing,annotation_missing
443,443.png,1024,1024,missing,,,0,,,,missing,annotation_missing
446,446.png,1024,1024,missing,,,0,,,,missing,annotation_missing
447,447.png,1024,1024,missing,,,0,,,,missing,annotation_missing
449,449.png,1024,1024,missing,,,0,,,,missing,annotation_missing
45,45.png,1024,1024,missing,,,0,,,,missing,annotation_missing
451,451.png,1024,1024,missing,,,0,,,,missing,annotation_missing
452,452.png,1024,1024,missing,,,0,,,,missing,annotation_missing
453,453.png,1024,1024,missing,,,0,,,,missing,annotation_missing
456,456.png,1024,1024,missing,,,0,,,,missing,annotation_missing
46,46.png,1024,1024,missing,,,0,,,,missing,annotation_missing
460,460.png,1024,1024,missing,,,0,,,,missing,annotation_missing
461,461.png,1024,1024,missing,,,0,,,,missing,annotation_missing
462,462.png,1024,1024,missing,,,0,,,,missing,annotation_missing
465,465.png,1024,1024,missing,,,0,,,,missing,annotation_missing
470,470.png,1024,1024,missing,,,0,,,,missing,annotation_missing
471,471.png,1024,1024,missing,,,0,,,,missing,annotation_missing
481,481.png,1024,1024,missing,,,0,,,,missing,annotation_missing
484,484.png,1024,1024,missing,,,0,,,,missing,annotation_missing
49,49.png,1024,1024,missing,,,0,,,,missing,annotation_missing
490,490.png,1024,1024,missing,,,0,,,,missing,annotation_missing
491,491.png,1024,1024,missing,,,0,,,,missing,annotation_missing
492,492.png,1024,1024,missing,,,0,,,,missing,annotation_missing
498,498.png,1024,1024,missing,,,0,,,,missing,annotation_missing
499,499.png,1024,1024,missing,,,0,,,,missing,annotation_missing
501,501.png,1024,1024,missing,,,0,,,,missing,annotation_missing
503,503.png,1024,1024,missing,,,0,,,,missing,annotation_missing
505,505.png,1024,1024,missing,,,0,,,,missing,annotation_missing
508,508.png,1024,1024,missing,,,0,,,,missing,annotation_missing
509,509.png,1024,1024,missing,,,0,,,,missing,annotation_missing
510,510.png,1024,1024,missing,,,0,,,,missing,annotation_missing
513,513.png,1024,1024,missing,,,0,,,,missing,annotation_missing
514,514.png,1024,1024,missing,,,0,,,,missing,annotation_missing
515,515.png,1024,1024,missing,,,0,,,,missing,annotation_missing
516,516.png,1024,1024,missing,,,0,,,,missing,annotation_missing
519,519.png,1024,1024,missing,,,0,,,,missing,annotation_missing
52,52.png,1024,1024,missing,,,0,,,,missing,annotation_missing
520,520.png,1024,1024,missing,,,0,,,,missing,annotation_missing
523,523.png,1024,1024,missing,,,0,,,,missing,annotation_missing
524,524.png,1024,1024,missing,,,0,,,,missing,annotation_missing
526,526.png,1024,1024,missing,,,0,,,,missing,annotation_missing
527,527.png,1024,1024,missing,,,0,,,,missing,annotation_missing
528,528.png,1024,1024,missing,,,0,,,,missing,annotation_missing
529,529.png,1024,1024,missing,,,0,,,,missing,annotation_missing
532,532.png,1024,1024,missing,,,0,,,,missing,annotation_missing
534,534.png,1024,1024,missing,,,0,,,,missing,annotation_missing
536,536.png,1024,1024,missing,,,0,,,,missing,annotation_missing
538,538.png,1024,1024,missing,,,0,,,,missing,annotation_missing
540,540.png,1024,1024,missing,,,0,,,,missing,annotation_missing
541,541.png,1024,1024,missing,,,0,,,,missing,annotation_missing
543,543.png,1024,1024,missing,,,0,,,,missing,annotation_missing
546,546.png,1024,1024,missing,,,0,,,,missing,annotation_missing
547,547.png,1024,1024,missing,,,0,,,,missing,annotation_missing
548,548.png,1024,1024,missing,,,0,,,,missing,annotation_missing
552,552.png,1024,1024,missing,,,0,,,,missing,annotation_missing
553,553.png,1024,1024,missing,,,0,,,,missing,annotation_missing
555,555.png,1024,1024,missing,,,0,,,,missing,annotation_missing
557,557.png,1024,1024,missing,,,0,,,,missing,annotation_missing
56,56.png,1024,1024,missing,,,0,,,,missing,annotation_missing
560,560.png,1024,1024,missing,,,0,,,,missing,annotation_missing
561,561.png,1024,1024,missing,,,0,,,,missing,annotation_missing
562,562.png,1024,1024,missing,,,0,,,,missing,annotation_missing
563,563.png,1024,1024,missing,,,0,,,,missing,annotation_missing
564,564.png,1024,1024,missing,,,0,,,,missing,annotation_missing
565,565.png,1024,1024,missing,,,0,,,,missing,annotation_missing
566,566.png,1024,1024,missing,,,0,,,,missing,annotation_missing
568,568.png,1024,1024,missing,,,0,,,,missing,annotation_missing
569,569.png,1024,1024,missing,,,0,,,,missing,annotation_missing
57,57.png,1024,1024,missing,,,0,,,,missing,annotation_missing
571,571.png,1024,1024,missing,,,0,,,,missing,annotation_missing
572,572.png,1024,1024,missing,,,0,,,,missing,annotation_missing
573,573.png,1024,1024,missing,,,0,,,,missing,annotation_missing
576,576.png,1024,1024,missing,,,0,,,,missing,annotation_missing
577,577.png,1024,1024,missing,,,0,,,,missing,annotation_missing
578,578.png,1024,1024,missing,,,0,,,,missing,annotation_missing
58,58.png,1024,1024,missing,,,0,,,,missing,annotation_missing
581,581.png,1024,1024,missing,,,0,,,,missing,annotation_missing
585,585.png,1024,1024,missing,,,0,,,,missing,annotation_missing
588,588.png,1024,1024,missing,,,0,,,,missing,annotation_missing
589,589.png,1024,1024,missing,,,0,,,,missing,annotation_missing
59,59.png,1024,1024,missing,,,0,,,,missing,annotation_missing
592,592.png,1024,1024,missing,,,0,,,,missing,annotation_missing
593,593.png,1024,1024,missing,,,0,,,,missing,annotation_missing
596,596.png,1024,1024,missing,,,0,,,,missing,annotation_missing
598,598.png,1024,1024,missing,,,0,,,,missing,annotation_missing
599,599.png,1024,1024,missing,,,0,,,,missing,annotation_missing
60,60.png,1024,1024,missing,,,0,,,,missing,annotation_missing
604,604.png,1024,1024,missing,,,0,,,,missing,annotation_missing
606,606.png,1024,1024,missing,,,0,,,,missing,annotation_missing
607,607.png,1024,1024,missing,,,0,,,,missing,annotation_missing
608,608.png,1024,1024,missing,,,0,,,,missing,annotation_missing
612,612.png,1024,1024,missing,,,0,,,,missing,annotation_missing
614,614.png,1024,1024,missing,,,0,,,,missing,annotation_missing
615,615.png,1024,1024,missing,,,0,,,,missing,annotation_missing
619,619.png,1024,1024,missing,,,0,,,,missing,annotation_missing
620,620.png,1024,1024,missing,,,0,,,,missing,annotation_missing
621,621.png,1024,1024,missing,,,0,,,,missing,annotation_missing
623,623.png,1024,1024,missing,,,0,,,,missing,annotation_missing
625,625.png,1024,1024,missing,,,0,,,,missing,annotation_missing
627,627.png,1024,1024,missing,,,0,,,,missing,annotation_missing
629,629.png,1024,1024,missing,,,0,,,,missing,annotation_missing
63,63.png,1024,1024,missing,,,0,,,,missing,annotation_missing
631,631.png,1024,1024,missing,,,0,,,,missing,annotation_missing
635,635.png,1024,1024,missing,,,0,,,,missing,annotation_missing
636,636.png,1024,1024,missing,,,0,,,,missing,annotation_missing
637,637.png,1024,1024,missing,,,0,,,,missing,annotation_missing
638,638.png,1024,1024,missing,,,0,,,,missing,annotation_missing
639,639.png,1024,1024,missing,,,0,,,,missing,annotation_missing
640,640.png,1024,1024,missing,,,0,,,,missing,annotation_missing
645,645.png,1024,1024,missing,,,0,,,,missing,annotation_missing
646,646.png,1024,1024,missing,,,0,,,,missing,annotation_missing
647,647.png,1024,1024,missing,,,0,,,,missing,annotation_missing
649,649.png,1024,1024,missing,,,0,,,,missing,annotation_missing
650,650.png,1024,1024,missing,,,0,,,,missing,annotation_missing
651,651.png,1024,1024,missing,,,0,,,,missing,annotation_missing
652,652.png,1024,1024,missing,,,0,,,,missing,annotation_missing
654,654.png,1024,1024,missing,,,0,,,,missing,annotation_missing
658,658.png,1024,1024,missing,,,0,,,,missing,annotation_missing
659,659.png,1024,1024,missing,,,0,,,,missing,annotation_missing
661,661.png,1024,1024,missing,,,0,,,,missing,annotation_missing
662,662.png,1024,1024,missing,,,0,,,,missing,annotation_missing
665,665.png,1024,1024,missing,,,0,,,,missing,annotation_missing
667,667.png,1024,1024,missing,,,0,,,,missing,annotation_missing
669,669.png,1024,1024,missing,,,0,,,,missing,annotation_missing
67,67.png,1024,1024,missing,,,0,,,,missing,annotation_missing
670,670.png,1024,1024,missing,,,0,,,,missing,annotation_missing
671,671.png,1024,1024,missing,,,0,,,,missing,annotation_missing
673,673.png,1024,1024,missing,,,0,,,,missing,annotation_missing
674,674.png,1024,1024,missing,,,0,,,,missing,annotation_missing
678,678.png,1024,1024,missing,,,0,,,,missing,annotation_missing
679,679.png,1024,1024,missing,,,0,,,,missing,annotation_missing
680,680.png,1024,1024,missing,,,0,,,,missing,annotation_missing
685,685.png,1024,1024,missing,,,0,,,,missing,annotation_missing
689,689.png,1024,1024,missing,,,0,,,,missing,annotation_missing
690,690.png,1024,1024,missing,,,0,,,,missing,annotation_missing
692,692.png,1024,1024,missing,,,0,,,,missing,annotation_missing
696,696.png,1024,1024,missing,,,0,,,,missing,annotation_missing
697,697.png,1024,1024,missing,,,0,,,,missing,annotation_missing
698,698.png,1024,1024,missing,,,0,,,,missing,annotation_missing
699,699.png,1024,1024,missing,,,0,,,,missing,annotation_missing
7,7.png,1024,1024,missing,,,0,,,,missing,annotation_missing
700,700.png,1024,1024,missing,,,0,,,,missing,annotation_missing
701,701.png,1024,1024,missing,,,0,,,,missing,annotation_missing
703,703.png,1024,1024,missing,,,0,,,,missing,annotation_missing
704,704.png,1024,1024,missing,,,0,,,,missing,annotation_missing
708,708.png,1024,1024,missing,,,0,,,,missing,annotation_missing
709,709.png,1024,1024,missing,,,0,,,,missing,annotation_missing
712,712.png,1024,1024,missing,,,0,,,,missing,annotation_missing
713,713.png,1024,1024,missing,,,0,,,,missing,annotation_missing
717,717.png,1024,1024,missing,,,0,,,,missing,annotation_missing
718,718.png,1024,1024,missing,,,0,,,,missing,annotation_missing
719,719.png,1024,1024,missing,,,0,,,,missing,annotation_missing
720,720.png,1024,1024,missing,,,0,,,,missing,annotation_missing
721,721.png,1024,1024,missing,,,0,,,,missing,annotation_missing
722,722.png,1024,1024,missing,,,0,,,,missing,annotation_missing
723,723.png,1024,1024,missing,,,0,,,,missing,annotation_missing
725,725.png,1024,1024,missing,,,0,,,,missing,annotation_missing
726,726.png,1024,1024,missing,,,0,,,,missing,annotation_missing
727,727.png,1024,1024,missing,,,0,,,,missing,annotation_missing
729,729.png,1024,1024,missing,,,0,,,,missing,annotation_missing
730,730.png,1024,1024,missing,,,0,,,,missing,annotation_missing
731,731.png,1024,1024,missing,,,0,,,,missing,annotation_missing
732,732.png,1024,1024,missing,,,0,,,,missing,annotation_missing
733,733.png,1024,1024,missing,,,0,,,,missing,annotation_missing
734,734.png,1024,1024,missing,,,0,,,,missing,annotation_missing
735,735.png,1024,1024,missing,,,0,,,,missing,annotation_missing
738,738.png,1024,1024,missing,,,0,,,,missing,annotation_missing
739,739.png,1024,1024,missing,,,0,,,,missing,annotation_missing
742,742.png,1024,1024,missing,,,0,,,,missing,annotation_missing
743,743.png,1024,1024,missing,,,0,,,,missing,annotation_missing
745,745.png,1024,1024,missing,,,0,,,,missing,annotation_missing
746,746.png,1024,1024,missing,,,0,,,,missing,annotation_missing
747,747.png,1024,1024,missing,,,0,,,,missing,annotation_missing
749,749.png,1024,1024,missing,,,0,,,,missing,annotation_missing
75,75.png,1024,1024,missing,,,0,,,,missing,annotation_missing
750,750.png,1024,1024,missing,,,0,,,,missing,annotation_missing
751,751.png,1024,1024,missing,,,0,,,,missing,annotation_missing
753,753.png,1024,1024,missing,,,0,,,,missing,annotation_missing
755,755.png,1024,1024,missing,,,0,,,,missing,annotation_missing
759,759.png,1024,1024,missing,,,0,,,,missing,annotation_missing
76,76.png,1024,1024,missing,,,0,,,,missing,annotation_missing
761,761.png,1024,1024,missing,,,0,,,,missing,annotation_missing
762,762.png,1024,1024,missing,,,0,,,,missing,annotation_missing
765,765.png,1024,1024,missing,,,0,,,,missing,annotation_missing
767,767.png,1024,1024,missing,,,0,,,,missing,annotation_missing
768,768.png,1024,1024,missing,,,0,,,,missing,annotation_missing
77,77.png,1024,1024,missing,,,0,,,,missing,annotation_missing
772,772.png,1024,1024,missing,,,0,,,,missing,annotation_missing
773,773.png,1024,1024,missing,,,0,,,,missing,annotation_missing
774,774.png,1024,1024,missing,,,0,,,,missing,annotation_missing
775,775.png,1024,1024,missing,,,0,,,,missing,annotation_missing
776,776.png,1024,1024,missing,,,0,,,,missing,annotation_missing
777,777.png,1024,1024,missing,,,0,,,,missing,annotation_missing
787,787.png,1024,1024,missing,,,0,,,,missing,annotation_missing
789,789.png,1024,1024,missing,,,0,,,,missing,annotation_missing
79,79.png,1024,1024,missing,,,0,,,,missing,annotation_missing
791,791.png,1024,1024,missing,,,0,,,,missing,annotation_missing
793,793.png,1024,1024,missing,,,0,,,,missing,annotation_missing
794,794.png,1024,1024,missing,,,0,,,,missing,annotation_missing
795,795.png,1024,1024,missing,,,0,,,,missing,annotation_missing
796,796.png,1024,1024,missing,,,0,,,,missing,annotation_missing
80,80.png,1024,1024,missing,,,0,,,,missing,annotation_missing
801,801.png,1024,1024,missing,,,0,,,,missing,annotation_missing
802,802.png,1024,1024,missing,,,0,,,,missing,annotation_missing
803,803.png,1024,1024,missing,,,0,,,,missing,annotation_missing
805,805.png,1024,1024,missing,,,0,,,,missing,annotation_missing
806,806.png,1024,1024,missing,,,0,,,,missing,annotation_missing
807,807.png,1024,1024,missing,,,0,,,,missing,annotation_missing
809,809.png,1024,1024,missing,,,0,,,,missing,annotation_missing
812,812.png,1024,1024,missing,,,0,,,,missing,annotation_missing
815,815.png,1024,1024,missing,,,0,,,,missing,annotation_missing
818,818.png,1024,1024,missing,,,0,,,,missing,annotation_missing
82,82.png,1024,1024,missing,,,0,,,,missing,annotation_missing
820,820.png,1024,1024,missing,,,0,,,,missing,annotation_missing
822,822.png,1024,1024,missing,,,0,,,,missing,annotation_missing
823,823.png,1024,1024,missing,,,0,,,,missing,annotation_missing
824,824.png,1024,1024,missing,,,0,,,,missing,annotation_missing
827,827.png,1024,1024,missing,,,0,,,,missing,annotation_missing
828,828.png,1024,1024,missing,,,0,,,,missing,annotation_missing
829,829.png,1024,1024,missing,,,0,,,,missing,annotation_missing
83,83.png,1024,1024,missing,,,0,,,,missing,annotation_missing
830,830.png,1024,1024,missing,,,0,,,,missing,annotation_missing
831,831.png,1024,1024,missing,,,0,,,,missing,annotation_missing
832,832.png,1024,1024,missing,,,0,,,,missing,annotation_missing
834,834.png,1024,1024,missing,,,0,,,,missing,annotation_missing
835,835.png,1024,1024,missing,,,0,,,,missing,annotation_missing
836,836.png,1024,1024,missing,,,0,,,,missing,annotation_missing
838,838.png,1024,1024,missing,,,0,,,,missing,annotation_missing
839,839.png,1024,1024,missing,,,0,,,,missing,annotation_missing
84,84.png,1024,1024,missing,,,0,,,,missing,annotation_missing
840,840.png,1024,1024,missing,,,0,,,,missing,annotation_missing
841,841.png,1024,1024,missing,,,0,,,,missing,annotation_missing
842,842.png,1024,1024,missing,,,0,,,,missing,annotation_missing
843,843.png,1024,1024,missing,,,0,,,,missing,annotation_missing
844,844.png,1024,1024,missing,,,0,,,,missing,annotation_missing
845,845.png,1024,1024,missing,,,0,,,,missing,annotation_missing
847,847.png,1024,1024,missing,,,0,,,,missing,annotation_missing
848,848.png,1024,1024,missing,,,0,,,,missing,annotation_missing
849,849.png,1024,1024,missing,,,0,,,,missing,annotation_missing
85,85.png,1024,1024,missing,,,0,,,,missing,annotation_missing
850,850.png,1024,1024,missing,,,0,,,,missing,annotation_missing
856,856.png,1024,1024,missing,,,0,,,,missing,annotation_missing
857,857.png,1024,1024,missing,,,0,,,,missing,annotation_missing
858,858.png,1024,1024,missing,,,0,,,,missing,annotation_missing
86,86.png,1024,1024,missing,,,0,,,,missing,annotation_missing
860,860.png,1024,1024,missing,,,0,,,,missing,annotation_missing
861,861.png,1024,1024,missing,,,0,,,,missing,annotation_missing
862,862.png,1024,1024,missing,,,0,,,,missing,annotation_missing
863,863.png,1024,1024,missing,,,0,,,,missing,annotation_missing
865,865.png,1024,1024,missing,,,0,,,,missing,annotation_missing
867,867.png,1024,1024,missing,,,0,,,,missing,annotation_missing
868,868.png,1024,1024,missing,,,0,,,,missing,annotation_missing
869,869.png,1024,1024,missing,,,0,,,,missing,annotation_missing
873,873.png,1024,1024,missing,,,0,,,,missing,annotation_missing
874,874.png,1024,1024,missing,,,0,,,,missing,annotation_missing
875,875.png,1024,1024,missing,,,0,,,,missing,annotation_missing
877,877.png,1024,1024,missing,,,0,,,,missing,annotation_missing
879,879.png,1024,1024,missing,,,0,,,,missing,annotation_missing
88,88.png,1024,1024,missing,,,0,,,,missing,annotation_missing
880,880.png,1024,1024,missing,,,0,,,,missing,annotation_missing
886,886.png,1024,1024,missing,,,0,,,,missing,annotation_missing
888,888.png,1024,1024,missing,,,0,,,,missing,annotation_missing
889,889.png,1024,1024,missing,,,0,,,,missing,annotation_missing
897,897.png,1024,1024,missing,,,0,,,,missing,annotation_missing
898,898.png,1024,1024,missing,,,0,,,,missing,annotation_missing
9,9.png,1024,1024,missing,,,0,,,,missing,annotation_missing
90,90.png,1024,1024,missing,,,0,,,,missing,annotation_missing
900,900.png,1024,1024,missing,,,0,,,,missing,annotation_missing
901,901.png,1024,1024,missing,,,0,,,,missing,annotation_missing
902,902.png,1024,1024,missing,,,0,,,,missing,annotation_missing
903,903.png,1024,1024,missing,,,0,,,,missing,annotation_missing
905,905.png,1024,1024,missing,,,0,,,,missing,annotation_missing
91,91.png,1024,1024,missing,,,0,,,,missing,annotation_missing
910,910.png,1024,1024,missing,,,0,,,,missing,annotation_missing
912,912.png,1024,1024,missing,,,0,,,,missing,annotation_missing
914,914.png,1024,1024,missing,,,0,,,,missing,annotation_missing
919,919.png,1024,1024,missing,,,0,,,,missing,annotation_missing
92,92.png,1024,1024,missing,,,0,,,,missing,annotation_missing
921,921.png,1024,1024,missing,,,0,,,,missing,annotation_missing
922,922.png,1024,1024,missing,,,0,,,,missing,annotation_missing
923,923.png,1024,1024,missing,,,0,,,,missing,annotation_missing
924,924.png,1024,1024,missing,,,0,,,,missing,annotation_missing
926,926.png,1024,1024,missing,,,0,,,,missing,annotation_missing
927,927.png,1024,1024,missing,,,0,,,,missing,annotation_missing
933,933.png,1024,1024,missing,,,0,,,,missing,annotation_missing
937,937.png,1024,1024,missing,,,0,,,,missing,annotation_missing
94,94.png,1024,1024,missing,,,0,,,,missing,annotation_missing
940,940.png,1024,1024,missing,,,0,,,,missing,annotation_missing
941,941.png,1024,1024,missing,,,0,,,,missing,annotation_missing
948,948.png,1024,1024,missing,,,0,,,,missing,annotation_missing
949,949.png,1024,1024,missing,,,0,,,,missing,annotation_missing
95,95.png,1024,1024,missing,,,0,,,,missing,annotation_missing
951,951.png,1024,1024,missing,,,0,,,,missing,annotation_missing
952,952.png,1024,1024,missing,,,0,,,,missing,annotation_missing
954,954.png,1024,1024,missing,,,0,,,,missing,annotation_missing
955,955.png,1024,1024,missing,,,0,,,,missing,annotation_missing
956,956.png,1024,1024,missing,,,0,,,,missing,annotation_missing
959,959.png,1024,1024,missing,,,0,,,,missing,annotation_missing
96,96.png,1024,1024,missing,,,0,,,,missing,annotation_missing
960,960.png,1024,1024,missing,,,0,,,,missing,annotation_missing
962,962.png,1024,1024,missing,,,0,,,,missing,annotation_missing
963,963.png,1024,1024,missing,,,0,,,,missing,annotation_missing
964,964.png,1024,1024,missing,,,0,,,,missing,annotation_missing
966,966.png,1024,1024,missing,,,0,,,,missing,annotation_missing
967,967.png,1024,1024,missing,,,0,,,,missing,annotation_missing
968,968.png,1024,1024,missing,,,0,,,,missing,annotation_missing
969,969.png,1024,1024,missing,,,0,,,,missing,annotation_missing
97,97.png,1024,1024,missing,,,0,,,,missing,annotation_missing
970,970.png,1024,1024,missing,,,0,,,,missing,annotation_missing
974,974.png,1024,1024,missing,,,0,,,,missing,annotation_missing
978,978.png,1024,1024,missing,,,0,,,,missing,annotation_missing
979,979.png,1024,1024,missing,,,0,,,,missing,annotation_missing
980,980.png,1024,1024,missing,,,0,,,,missing,annotation_missing
981,981.png,1024,1024,missing,,,0,,,,missing,annotation_missing
982,982.png,1024,1024,missing,,,0,,,,missing,annotation_missing
983,983.png,1024,1024,missing,,,0,,,,missing,annotation_missing
986,986.png,1024,1024,missing,,,0,,,,missing,annotation_missing
987,987.png,1024,1024,missing,,,0,,,,missing,annotation_missing
99,99.png,1024,1024,missing,,,0,,,,missing,annotation_missing
991,991.png,1024,1024,missing,,,0,,,,missing,annotation_missing
992,992.png,1024,1024,missing,,,0,,,,missing,annotation_missing
996,996.png,1024,1024,missing,,,0,,,,missing,annotation_missing
997,997.png,1024,1024,missing,,,0,,,,missing,annotation_missing
999,999.png,1024,1024,missing,,,0,,,,missing,annotation_missing
