case_id,root_class,surface,cej_correct,bone_level_correct,root_landmark_appropriate,mesial_distal_association_correct,geometry_clinically_plausible,surface_assessable,reason_codes,comments
Case001,double_root,mesial,,,,,,,,
Case001,double_root,distal,,,,,,,,
Case002,single_root,mesial,,,,,,,,
Case002,single_root,distal,,,,,,,,
Case003,double_root,mesial,,,,,,,,
Case003,double_root,distal,,,,,,,,
Case004,single_root,mesial,,,,,,,,
Case004,single_root,distal,,,,,,,,
Case005,triple_root,mesial,,,,,,,,
Case005,triple_root,distal,,,,,,,,
Case006,triple_root,mesial,,,,,,,,
Case006,triple_root,distal,,,,,,,,
Case007,double_root,mesial,,,,,,,,
Case007,double_root,distal,,,,,,,,
Case008,single_root,mesial,,,,,,,,
Case008,single_root,distal,,,,,,,,
Case009,double_root,mesial,,,,,,,,
Case009,double_root,distal,,,,,,,,
Case010,single_root,mesial,,,,,,,,
Case010,single_root,distal,,,,,,,,
Case011,single_root,mesial,,,,,,,,
Case011,single_root,distal,,,,,,,,
Case012,triple_root,mesial,,,,,,,,
Case012,triple_root,distal,,,,,,,,
