file_name,image_path,split,level,Age,Gender,Number of missing teeth,Implant,Residual root,Functional tooth logarithm
patient_image_000003_2b2e7506.jpg,level_3/patient_image_000003_2b2e7506.jpg,train,3,19,1,0,0,0,14
patient_image_000004_ba49da4c.jpg,level_2/patient_image_000004_ba49da4c.jpg,train,2,19,1,0,0,0,14
patient_image_000005_89a2810f.jpg,level_1/patient_image_000005_89a2810f.jpg,train,1,19,1,0,0,0,14
patient_image_000007_833861b5.jpg,level_3/patient_image_000007_833861b5.jpg,train,3,19,1,0,0,0,14
patient_image_000008_fdfc183f.jpg,level_2/patient_image_000008_fdfc183f.jpg,train,2,20,1,1,0,1,12
patient_image_000011_f63684cb.jpg,level_1/patient_image_000011_f63684cb.jpg,train,1,20,1,0,0,0,14
patient_image_000013_306b0a74.jpg,level_3/patient_image_000013_306b0a74.jpg,train,3,20,1,0,0,0,14
patient_image_000014_5e758ad3.jpg,level_1/patient_image_000014_5e758ad3.jpg,train,1,20,1,0,0,0,14
patient_image_000015_17fab6ee.jpg,level_1/patient_image_000015_17fab6ee.jpg,train,1,20,1,0,0,0,14
patient_image_000016_ab713879.jpg,level_2/patient_image_000016_ab713879.jpg,train,2,20,1,0,0,0,14
patient_image_000019_23caeef3.jpg,level_3/patient_image_000019_23caeef3.jpg,train,3,21,1,0,0,0,14
patient_image_000020_353539ca.jpg,level_1/patient_image_000020_353539ca.jpg,train,1,21,1,0,0,0,14
patient_image_000021_1f767ab9.jpg,level_3/patient_image_000021_1f767ab9.jpg,train,3,21,1,0,0,1,13
patient_image_000022_4eb9fa52.jpg,level_1/patient_image_000022_4eb9fa52.jpg,train,1,21,1,0,0,0,14
patient_image_000041_3419cc4a.jpg,level_1/patient_image_000041_3419cc4a.jpg,train,1,22,1,0,0,0,14
patient_image_000042_d3a22881.jpg,level_1/patient_image_000042_d3a22881.jpg,train,1,22,1,0,0,0,14
patient_image_000043_7dfff7e3.jpg,level_1/patient_image_000043_7dfff7e3.jpg,train,1,22,1,0,0,0,14
patient_image_000044_069a1491.jpg,level_3/patient_image_000044_069a1491.jpg,train,3,22,1,0,0,0,14
patient_image_000045_0bb8bfd1.jpg,level_2/patient_image_000045_0bb8bfd1.jpg,train,2,22,1,0,0,0,14
patient_image_000046_7bb08579.jpg,level_3/patient_image_000046_7bb08579.jpg,train,3,22,1,1,0,0,13
patient_image_000049_157393ab.jpg,level_1/patient_image_000049_157393ab.jpg,train,1,22,1,1,1,0,14
patient_image_000051_004f2f5d.jpg,level_2/patient_image_000051_004f2f5d.jpg,train,2,23,1,0,0,0,14
patient_image_000053_78f8d04f.jpg,level_3/patient_image_000053_78f8d04f.jpg,train,3,23,1,0,0,0,14
patient_image_000056_f606ecd4.jpg,level_1/patient_image_000056_f606ecd4.jpg,train,1,23,1,0,0,0,14
patient_image_000057_5e79eb68.jpg,level_1/patient_image_000057_5e79eb68.jpg,train,1,23,1,0,0,0,14
patient_image_000058_0d2690d1.jpg,level_2/patient_image_000058_0d2690d1.jpg,train,2,23,1,0,0,0,14
patient_image_000060_4c42195d.jpg,level_3/patient_image_000060_4c42195d.jpg,train,3,23,1,0,0,0,14
patient_image_000062_dd049995.jpg,level_3/patient_image_000062_dd049995.jpg,train,3,23,1,0,0,0,14
patient_image_000066_d46c9785.jpg,level_2/patient_image_000066_d46c9785.jpg,train,2,24,1,0,0,0,14
patient_image_000069_03441373.jpg,level_3/patient_image_000069_03441373.jpg,train,3,24,1,0,0,0,14
patient_image_000070_5c483f70.jpg,level_1/patient_image_000070_5c483f70.jpg,train,1,24,1,0,0,0,14
patient_image_000071_7ff3fd0c.jpg,level_3/patient_image_000071_7ff3fd0c.jpg,train,3,24,1,0,0,0,14
patient_image_000073_f9f52225.jpg,level_3/patient_image_000073_f9f52225.jpg,train,3,24,1,0,0,2,12
patient_image_000075_3ce079b5.jpg,level_1/patient_image_000075_3ce079b5.jpg,train,1,24,1,0,0,0,14
patient_image_000076_bfd1d96f.jpg,level_1/patient_image_000076_bfd1d96f.jpg,train,1,24,1,0,0,0,14
patient_image_000077_b5ed5649.jpg,level_3/patient_image_000077_b5ed5649.jpg,train,3,25,1,0,0,0,14
patient_image_000079_466ed8fb.jpg,level_2/patient_image_000079_466ed8fb.jpg,train,2,25,1,4,0,0,12
patient_image_000081_4a2a97ba.jpg,level_3/patient_image_000081_4a2a97ba.jpg,train,3,25,1,0,0,0,14
patient_image_000082_1573cc84.jpg,level_3/patient_image_000082_1573cc84.jpg,train,3,25,1,0,0,0,14
patient_image_000083_69520d04.jpg,level_2/patient_image_000083_69520d04.jpg,train,2,25,1,1,0,0,13
patient_image_000084_e135816e.jpg,level_2/patient_image_000084_e135816e.jpg,train,2,25,1,0,0,0,14
patient_image_000085_23bbfd21.jpg,level_2/patient_image_000085_23bbfd21.jpg,train,2,25,1,0,0,0,14
patient_image_000086_d4dee6ca.jpg,level_2/patient_image_000086_d4dee6ca.jpg,train,2,25,1,0,0,0,14
patient_image_000087_ed410d35.jpg,level_1/patient_image_000087_ed410d35.jpg,train,1,25,1,0,0,0,14
patient_image_000088_515f171a.jpg,level_3/patient_image_000088_515f171a.jpg,train,3,25,1,1,0,0,13
patient_image_000089_cb76aaf2.jpg,level_3/patient_image_000089_cb76aaf2.jpg,train,3,25,1,0,0,0,14
patient_image_000090_296273f5.jpg,level_2/patient_image_000090_296273f5.jpg,train,2,25,1,0,0,0,14
patient_image_000094_7b1f8dd3.jpg,level_2/patient_image_000094_7b1f8dd3.jpg,train,2,25,1,0,0,0,14
patient_image_000095_72dd2f18.jpg,level_1/patient_image_000095_72dd2f18.jpg,train,1,25,1,0,0,0,14
patient_image_000096_9aff477c.jpg,level_3/patient_image_000096_9aff477c.jpg,train,3,25,1,4,0,0,12
patient_image_000097_ca98b862.jpg,level_2/patient_image_000097_ca98b862.jpg,train,2,25,1,0,0,0,14
patient_image_000098_998fc38b.jpg,level_2/patient_image_000098_998fc38b.jpg,train,2,25,1,0,0,0,14
patient_image_000100_759b168c.jpg,level_2/patient_image_000100_759b168c.jpg,train,2,26,1,0,0,0,14
patient_image_000101_b9058bd6.jpg,level_3/patient_image_000101_b9058bd6.jpg,train,3,26,1,0,0,1,13
patient_image_000102_faca9771.jpg,level_2/patient_image_000102_faca9771.jpg,train,2,26,1,0,0,0,14
patient_image_000103_a4980122.jpg,level_2/patient_image_000103_a4980122.jpg,train,2,26,1,0,0,0,14
patient_image_000105_1b343ea2.jpg,level_1/patient_image_000105_1b343ea2.jpg,train,1,26,1,0,0,0,14
patient_image_000106_c185522d.jpg,level_1/patient_image_000106_c185522d.jpg,train,1,26,1,0,0,0,14
patient_image_000107_3ad8506d.jpg,level_2/patient_image_000107_3ad8506d.jpg,train,2,26,1,1,0,0,13
patient_image_000108_58d95f86.jpg,level_3/patient_image_000108_58d95f86.jpg,train,3,26,1,4,0,0,12
patient_image_000109_d5af1e8d.jpg,level_3/patient_image_000109_d5af1e8d.jpg,train,3,26,1,0,0,0,14
patient_image_000110_d2b43f3e.jpg,level_1/patient_image_000110_d2b43f3e.jpg,train,1,26,1,0,0,0,14
patient_image_000113_8dc0b8b0.jpg,level_3/patient_image_000113_8dc0b8b0.jpg,train,3,26,1,0,0,0,14
patient_image_000114_531bba93.jpg,level_2/patient_image_000114_531bba93.jpg,train,2,26,1,0,0,0,14
patient_image_000116_83ae40ec.jpg,level_1/patient_image_000116_83ae40ec.jpg,train,1,26,1,0,0,0,14
patient_image_000117_da187e7e.jpg,level_2/patient_image_000117_da187e7e.jpg,train,2,26,1,0,0,0,14
patient_image_000119_d5a73178.jpg,level_3/patient_image_000119_d5a73178.jpg,train,3,26,1,0,0,0,14
patient_image_000120_0070a102.jpg,level_2/patient_image_000120_0070a102.jpg,train,2,27,1,0,0,0,14
patient_image_000121_c77f2c83.jpg,level_2/patient_image_000121_c77f2c83.jpg,train,2,27,1,3,0,0,11
patient_image_000123_1ebadac8.jpg,level_3/patient_image_000123_1ebadac8.jpg,train,3,27,1,0,0,0,14
patient_image_000125_179d73b8.jpg,level_2/patient_image_000125_179d73b8.jpg,train,2,27,1,0,0,0,14
patient_image_000128_955b9373.jpg,level_2/patient_image_000128_955b9373.jpg,train,2,27,1,0,0,0,14
patient_image_000129_a876f783.jpg,level_2/patient_image_000129_a876f783.jpg,train,2,27,1,0,0,0,14
patient_image_000131_5174739a.jpg,level_3/patient_image_000131_5174739a.jpg,train,3,27,1,0,0,0,14
patient_image_000132_5034156b.jpg,level_2/patient_image_000132_5034156b.jpg,train,2,27,1,0,0,0,14
patient_image_000133_8269774b.jpg,level_3/patient_image_000133_8269774b.jpg,train,3,27,1,4,0,0,10
patient_image_000134_1642341c.jpg,level_3/patient_image_000134_1642341c.jpg,train,3,27,1,0,0,0,14
patient_image_000135_32f01435.jpg,level_2/patient_image_000135_32f01435.jpg,train,2,27,1,0,0,0,14
patient_image_000136_13ff14b0.jpg,level_2/patient_image_000136_13ff14b0.jpg,train,2,27,1,0,0,0,14
patient_image_000137_4a92164f.jpg,level_2/patient_image_000137_4a92164f.jpg,train,2,27,1,0,0,0,14
patient_image_000138_41b8c01e.jpg,level_3/patient_image_000138_41b8c01e.jpg,train,3,27,1,2,0,0,12
patient_image_000139_a575ce99.jpg,level_2/patient_image_000139_a575ce99.jpg,train,2,27,1,0,0,0,14
patient_image_000140_d7d0ac07.jpg,level_3/patient_image_000140_d7d0ac07.jpg,train,3,27,1,0,0,0,14
patient_image_000141_bf14d4a9.jpg,level_2/patient_image_000141_bf14d4a9.jpg,train,2,27,1,0,0,0,14
patient_image_000142_8a91e5a8.jpg,level_2/patient_image_000142_8a91e5a8.jpg,train,2,27,1,0,0,0,14
patient_image_000143_e047c499.jpg,level_3/patient_image_000143_e047c499.jpg,train,3,27,1,0,0,0,14
patient_image_000144_6fa8e9da.jpg,level_3/patient_image_000144_6fa8e9da.jpg,train,3,28,1,0,0,0,14
patient_image_000147_0f29426c.jpg,level_3/patient_image_000147_0f29426c.jpg,train,3,28,1,0,0,0,14
patient_image_000148_f7015263.jpg,level_1/patient_image_000148_f7015263.jpg,train,1,28,1,0,0,0,14
patient_image_000149_330df8e6.jpg,level_2/patient_image_000149_330df8e6.jpg,train,2,28,1,0,0,0,14
patient_image_000150_602e20ca.jpg,level_2/patient_image_000150_602e20ca.jpg,train,2,28,1,1,0,0,13
patient_image_000153_9b3a1259.jpg,level_2/patient_image_000153_9b3a1259.jpg,train,2,28,1,0,0,0,14
patient_image_000154_72770c6b.jpg,level_1/patient_image_000154_72770c6b.jpg,train,1,28,1,0,0,0,14
patient_image_000156_f850dcfc.jpg,level_3/patient_image_000156_f850dcfc.jpg,train,3,28,1,0,0,0,14
patient_image_000159_59b14016.jpg,level_2/patient_image_000159_59b14016.jpg,train,2,28,1,0,0,0,14
patient_image_000160_6683539a.jpg,level_2/patient_image_000160_6683539a.jpg,train,2,28,1,0,0,0,14
patient_image_000161_2c258c0e.jpg,level_2/patient_image_000161_2c258c0e.jpg,train,2,28,1,0,0,0,14
patient_image_000166_d03ae694.jpg,level_1/patient_image_000166_d03ae694.jpg,train,1,29,1,0,0,0,14
patient_image_000167_670b1b48.jpg,level_2/patient_image_000167_670b1b48.jpg,train,2,29,1,0,0,0,14
patient_image_000168_476709d0.jpg,level_2/patient_image_000168_476709d0.jpg,train,2,29,1,0,0,0,14
patient_image_000169_5b675efb.jpg,level_1/patient_image_000169_5b675efb.jpg,train,1,29,1,0,0,0,14
patient_image_000170_8e2eded9.jpg,level_3/patient_image_000170_8e2eded9.jpg,train,3,29,1,0,0,0,14
patient_image_000171_3755b3d8.jpg,level_2/patient_image_000171_3755b3d8.jpg,train,2,29,1,0,0,0,14
patient_image_000172_fed06c65.jpg,level_2/patient_image_000172_fed06c65.jpg,train,2,29,1,0,0,0,14
patient_image_000173_bdd537f7.jpg,level_2/patient_image_000173_bdd537f7.jpg,train,2,29,1,0,0,0,14
patient_image_000174_d07c1ecc.jpg,level_2/patient_image_000174_d07c1ecc.jpg,train,2,29,1,0,0,0,14
patient_image_000176_5bd8841b.jpg,level_2/patient_image_000176_5bd8841b.jpg,train,2,29,1,0,0,0,14
patient_image_000177_95a9a504.jpg,level_1/patient_image_000177_95a9a504.jpg,train,1,29,1,0,0,0,14
patient_image_000178_589dfb90.jpg,level_2/patient_image_000178_589dfb90.jpg,train,2,29,1,0,0,0,14
patient_image_000179_8a1c8c22.jpg,level_2/patient_image_000179_8a1c8c22.jpg,train,2,29,1,2,0,0,13
patient_image_000182_c4b93c62.jpg,level_2/patient_image_000182_c4b93c62.jpg,train,2,29,1,0,0,0,14
patient_image_000183_ed724976.jpg,level_3/patient_image_000183_ed724976.jpg,train,3,30,1,2,0,0,12
patient_image_000185_7612c8a3.jpg,level_2/patient_image_000185_7612c8a3.jpg,train,2,30,1,1,1,0,14
patient_image_000187_3a99cef5.jpg,level_2/patient_image_000187_3a99cef5.jpg,train,2,30,1,0,0,0,14
patient_image_000190_371b9288.jpg,level_2/patient_image_000190_371b9288.jpg,train,2,30,1,1,0,0,13
patient_image_000192_ff419a8a.jpg,level_1/patient_image_000192_ff419a8a.jpg,train,1,31,1,0,0,0,14
patient_image_000193_846072ee.jpg,level_2/patient_image_000193_846072ee.jpg,train,2,31,1,0,0,0,14
patient_image_000194_fde52b01.jpg,level_1/patient_image_000194_fde52b01.jpg,train,1,31,1,0,0,0,14
patient_image_000195_99b7c83c.jpg,level_1/patient_image_000195_99b7c83c.jpg,train,1,31,1,0,0,0,14
patient_image_000196_8989b7dd.jpg,level_2/patient_image_000196_8989b7dd.jpg,train,2,31,1,0,0,0,14
patient_image_000197_82c160be.jpg,level_2/patient_image_000197_82c160be.jpg,train,2,31,1,0,0,0,14
patient_image_000198_3ae3120f.jpg,level_2/patient_image_000198_3ae3120f.jpg,train,2,31,1,1,0,0,13
patient_image_000199_9a8179b4.jpg,level_2/patient_image_000199_9a8179b4.jpg,train,2,31,1,0,0,0,14
patient_image_000200_c9ae0753.jpg,level_3/patient_image_000200_c9ae0753.jpg,train,3,31,1,1,0,0,13
patient_image_000201_68fcfc13.jpg,level_3/patient_image_000201_68fcfc13.jpg,train,3,31,1,0,0,0,14
patient_image_000202_4e744692.jpg,level_2/patient_image_000202_4e744692.jpg,train,2,31,1,3,3,0,14
patient_image_000204_721f7bac.jpg,level_3/patient_image_000204_721f7bac.jpg,train,3,31,1,0,0,0,14
patient_image_000206_872ca56e.jpg,level_2/patient_image_000206_872ca56e.jpg,train,2,32,1,0,0,0,14
patient_image_000207_83423773.jpg,level_2/patient_image_000207_83423773.jpg,train,2,32,1,0,0,0,14
patient_image_000208_e445f5b2.jpg,level_3/patient_image_000208_e445f5b2.jpg,train,3,32,1,1,0,0,13
patient_image_000209_8863e974.jpg,level_2/patient_image_000209_8863e974.jpg,train,2,32,1,0,0,0,14
patient_image_000210_3357c2d7.jpg,level_2/patient_image_000210_3357c2d7.jpg,train,2,32,1,0,0,0,14
patient_image_000211_60d9b3f8.jpg,level_2/patient_image_000211_60d9b3f8.jpg,train,2,32,1,0,0,0,14
patient_image_000213_93d7e0f0.jpg,level_2/patient_image_000213_93d7e0f0.jpg,train,2,32,1,0,0,0,14
patient_image_000215_77fd33bd.jpg,level_2/patient_image_000215_77fd33bd.jpg,train,2,32,1,1,1,0,14
patient_image_000217_60a9142d.jpg,level_2/patient_image_000217_60a9142d.jpg,train,2,32,1,4,0,0,11
patient_image_000218_9c50babc.jpg,level_2/patient_image_000218_9c50babc.jpg,train,2,32,1,0,0,0,14
patient_image_000222_159b7de2.jpg,level_2/patient_image_000222_159b7de2.jpg,train,2,32,1,0,0,0,14
patient_image_000223_4ebeaf32.jpg,level_2/patient_image_000223_4ebeaf32.jpg,train,2,33,1,4,0,0,12
patient_image_000225_f73fd9c3.jpg,level_2/patient_image_000225_f73fd9c3.jpg,train,2,33,1,0,0,0,14
patient_image_000231_40fdec91.jpg,level_2/patient_image_000231_40fdec91.jpg,train,2,33,1,0,0,0,14
patient_image_000232_72ef87ca.jpg,level_3/patient_image_000232_72ef87ca.jpg,train,3,33,1,4,0,0,12
patient_image_000234_b8b952f4.jpg,level_2/patient_image_000234_b8b952f4.jpg,train,2,33,1,0,0,0,14
patient_image_000235_8db22773.jpg,level_2/patient_image_000235_8db22773.jpg,train,2,33,1,0,0,0,14
patient_image_000236_7889c27a.jpg,level_2/patient_image_000236_7889c27a.jpg,train,2,33,1,0,0,0,14
patient_image_000237_fd5a157f.jpg,level_3/patient_image_000237_fd5a157f.jpg,train,3,34,1,0,0,0,14
patient_image_000239_4735ff8e.jpg,level_2/patient_image_000239_4735ff8e.jpg,train,2,34,1,0,0,0,14
patient_image_000240_a69cb320.jpg,level_2/patient_image_000240_a69cb320.jpg,train,2,34,1,0,0,0,14
patient_image_000243_def696e9.jpg,level_3/patient_image_000243_def696e9.jpg,train,3,34,1,0,0,0,14
patient_image_000244_76e6928c.jpg,level_3/patient_image_000244_76e6928c.jpg,train,3,34,1,0,0,0,14
patient_image_000246_944095f6.jpg,level_2/patient_image_000246_944095f6.jpg,train,2,34,1,0,0,0,14
patient_image_000250_3155741c.jpg,level_2/patient_image_000250_3155741c.jpg,train,2,35,1,1,0,0,13
patient_image_000251_9a6c936d.jpg,level_2/patient_image_000251_9a6c936d.jpg,train,2,35,1,1,0,0,14
patient_image_000252_d3ec3446.jpg,level_2/patient_image_000252_d3ec3446.jpg,train,2,35,1,0,0,0,14
patient_image_000253_a9b3e1fd.jpg,level_2/patient_image_000253_a9b3e1fd.jpg,train,2,35,1,0,0,0,14
patient_image_000254_540b96da.jpg,level_2/patient_image_000254_540b96da.jpg,train,2,35,1,0,0,0,14
patient_image_000255_0b31e8f3.jpg,level_3/patient_image_000255_0b31e8f3.jpg,train,3,35,1,0,0,0,14
patient_image_000256_21bccf92.jpg,level_2/patient_image_000256_21bccf92.jpg,train,2,35,1,4,0,0,10
patient_image_000257_752a3001.jpg,level_3/patient_image_000257_752a3001.jpg,train,3,35,1,0,0,0,14
patient_image_000258_a183ff3d.jpg,level_2/patient_image_000258_a183ff3d.jpg,train,2,35,1,0,0,1,13
patient_image_000259_3ec141ee.jpg,level_2/patient_image_000259_3ec141ee.jpg,train,2,35,1,0,0,0,14
patient_image_000260_3a2e7767.jpg,level_2/patient_image_000260_3a2e7767.jpg,train,2,35,1,0,0,0,14
patient_image_000261_4ba3dd44.jpg,level_3/patient_image_000261_4ba3dd44.jpg,train,3,35,1,0,0,0,14
patient_image_000262_1c2d0dfb.jpg,level_3/patient_image_000262_1c2d0dfb.jpg,train,3,35,1,0,0,0,14
patient_image_000263_6173bb33.jpg,level_3/patient_image_000263_6173bb33.jpg,train,3,36,1,1,0,0,14
patient_image_000266_095cc35f.jpg,level_2/patient_image_000266_095cc35f.jpg,train,2,36,1,0,0,0,14
patient_image_000267_1cfc5a2c.jpg,level_2/patient_image_000267_1cfc5a2c.jpg,train,2,36,1,0,0,0,14
patient_image_000268_1ebfd026.jpg,level_2/patient_image_000268_1ebfd026.jpg,train,2,36,1,0,0,0,14
patient_image_000271_90118e15.jpg,level_3/patient_image_000271_90118e15.jpg,train,3,36,1,0,0,0,14
patient_image_000272_139c54f3.jpg,level_2/patient_image_000272_139c54f3.jpg,train,2,36,1,0,0,0,14
patient_image_000273_1ae96b1a.jpg,level_2/patient_image_000273_1ae96b1a.jpg,train,2,36,1,0,0,1,13
patient_image_000274_7e795166.jpg,level_2/patient_image_000274_7e795166.jpg,train,2,37,1,0,0,0,14
patient_image_000275_0950d787.jpg,level_3/patient_image_000275_0950d787.jpg,train,3,37,1,1,1,0,13
patient_image_000276_1016ea11.jpg,level_2/patient_image_000276_1016ea11.jpg,train,2,37,1,2,0,0,12
patient_image_000277_b34d42a3.jpg,level_2/patient_image_000277_b34d42a3.jpg,train,2,37,1,0,0,0,14
patient_image_000278_62c2735f.jpg,level_3/patient_image_000278_62c2735f.jpg,train,3,37,1,1,0,0,13
patient_image_000280_3bf91b05.jpg,level_2/patient_image_000280_3bf91b05.jpg,train,2,37,1,0,0,0,14
patient_image_000281_51c027da.jpg,level_3/patient_image_000281_51c027da.jpg,train,3,38,1,2,0,0,12
patient_image_000282_227457dd.jpg,level_2/patient_image_000282_227457dd.jpg,train,2,38,1,1,0,0,13
patient_image_000283_51ed5d16.jpg,level_2/patient_image_000283_51ed5d16.jpg,train,2,38,1,3,3,0,12
patient_image_000284_d7c3117f.jpg,level_3/patient_image_000284_d7c3117f.jpg,train,3,38,1,4,0,0,12
patient_image_000285_5b563bf0.jpg,level_2/patient_image_000285_5b563bf0.jpg,train,2,38,1,0,0,0,14
patient_image_000288_0677c108.jpg,level_2/patient_image_000288_0677c108.jpg,train,2,38,1,0,0,0,14
patient_image_000289_03c1de08.jpg,level_2/patient_image_000289_03c1de08.jpg,train,2,38,1,0,0,0,14
patient_image_000290_e2c5528b.jpg,level_2/patient_image_000290_e2c5528b.jpg,train,2,38,1,0,0,0,14
patient_image_000291_c574c48e.jpg,level_2/patient_image_000291_c574c48e.jpg,train,2,39,1,0,0,0,14
patient_image_000292_c286f867.jpg,level_2/patient_image_000292_c286f867.jpg,train,2,39,1,4,0,0,12
patient_image_000295_b2f59efb.jpg,level_3/patient_image_000295_b2f59efb.jpg,train,3,39,1,0,0,0,14
patient_image_000297_b08a4fab.jpg,level_2/patient_image_000297_b08a4fab.jpg,train,2,39,1,3,0,0,12
patient_image_000298_177b7f04.jpg,level_2/patient_image_000298_177b7f04.jpg,train,2,39,1,0,0,0,14
patient_image_000299_0081b06c.jpg,level_2/patient_image_000299_0081b06c.jpg,train,2,39,1,0,0,0,14
patient_image_000300_865c8039.jpg,level_3/patient_image_000300_865c8039.jpg,train,3,39,1,0,0,0,14
patient_image_000301_f014d2ea.jpg,level_2/patient_image_000301_f014d2ea.jpg,train,2,39,1,0,0,0,14
patient_image_000302_b4bb1333.jpg,level_2/patient_image_000302_b4bb1333.jpg,train,2,39,1,1,0,0,13
patient_image_000303_356953ef.jpg,level_2/patient_image_000303_356953ef.jpg,train,2,40,1,2,2,0,14
patient_image_000306_0a26e446.jpg,level_3/patient_image_000306_0a26e446.jpg,train,3,40,1,4,0,0,12
patient_image_000307_9c424853.jpg,level_3/patient_image_000307_9c424853.jpg,train,3,40,1,1,0,0,13
patient_image_000308_7b1e9629.jpg,level_2/patient_image_000308_7b1e9629.jpg,train,2,40,1,0,0,0,14
patient_image_000310_8f919521.jpg,level_2/patient_image_000310_8f919521.jpg,train,2,40,1,0,0,0,14
patient_image_000311_f6e9d930.jpg,level_2/patient_image_000311_f6e9d930.jpg,train,2,40,1,0,0,1,13
patient_image_000312_c2c8c3dc.jpg,level_2/patient_image_000312_c2c8c3dc.jpg,train,2,40,1,0,0,0,14
patient_image_000315_381896f8.jpg,level_2/patient_image_000315_381896f8.jpg,train,2,41,1,1,1,0,14
patient_image_000316_e5edcd41.jpg,level_2/patient_image_000316_e5edcd41.jpg,train,2,41,1,0,0,0,14
patient_image_000319_070a158d.jpg,level_2/patient_image_000319_070a158d.jpg,train,2,41,1,1,1,0,14
patient_image_000320_9f8cb638.jpg,level_2/patient_image_000320_9f8cb638.jpg,train,2,42,1,0,0,1,13
patient_image_000321_ff9618f9.jpg,level_2/patient_image_000321_ff9618f9.jpg,train,2,42,1,0,0,0,14
patient_image_000322_c0e78be1.jpg,level_2/patient_image_000322_c0e78be1.jpg,train,2,42,1,2,0,0,14
patient_image_000324_5a573d29.jpg,level_2/patient_image_000324_5a573d29.jpg,train,2,42,1,0,0,0,14
patient_image_000326_c8a8772c.jpg,level_3/patient_image_000326_c8a8772c.jpg,train,3,42,1,3,0,0,11
patient_image_000327_9d2da8d3.jpg,level_2/patient_image_000327_9d2da8d3.jpg,train,2,42,1,1,1,0,13
patient_image_000328_8a2d91fc.jpg,level_3/patient_image_000328_8a2d91fc.jpg,train,3,43,1,2,0,0,13
patient_image_000329_d32c41f2.jpg,level_3/patient_image_000329_d32c41f2.jpg,train,3,43,1,0,0,0,14
patient_image_000332_9600a8d5.jpg,level_2/patient_image_000332_9600a8d5.jpg,train,2,43,1,0,0,0,14
patient_image_000333_93372893.jpg,level_2/patient_image_000333_93372893.jpg,train,2,43,1,1,0,0,14
patient_image_000334_aff5a788.jpg,level_2/patient_image_000334_aff5a788.jpg,train,2,43,1,0,0,0,14
patient_image_000336_95eb29bb.jpg,level_2/patient_image_000336_95eb29bb.jpg,train,2,43,1,0,0,0,14
patient_image_000337_6249ba0a.jpg,level_3/patient_image_000337_6249ba0a.jpg,train,3,44,1,3,0,0,12
patient_image_000339_6167966f.jpg,level_2/patient_image_000339_6167966f.jpg,train,2,44,1,0,0,0,14
patient_image_000340_f7dd06e5.jpg,level_3/patient_image_000340_f7dd06e5.jpg,train,3,44,1,0,0,0,14
patient_image_000341_47f0ea2d.jpg,level_2/patient_image_000341_47f0ea2d.jpg,train,2,45,1,0,2,0,14
patient_image_000343_613303bc.jpg,level_2/patient_image_000343_613303bc.jpg,train,2,45,1,1,0,0,13
patient_image_000345_dbef47f1.jpg,level_2/patient_image_000345_dbef47f1.jpg,train,2,45,1,0,0,0,14
patient_image_000346_2c491bdf.jpg,level_2/patient_image_000346_2c491bdf.jpg,train,2,45,1,1,1,0,13
patient_image_000347_94090e46.jpg,level_2/patient_image_000347_94090e46.jpg,train,2,45,1,1,1,0,14
patient_image_000348_a440ef40.jpg,level_3/patient_image_000348_a440ef40.jpg,train,3,46,1,0,0,0,14
patient_image_000351_eea127ac.jpg,level_3/patient_image_000351_eea127ac.jpg,train,3,46,1,2,0,0,12
patient_image_000352_2cb283b7.jpg,level_2/patient_image_000352_2cb283b7.jpg,train,2,46,1,0,0,0,14
patient_image_000353_4f1e829c.jpg,level_2/patient_image_000353_4f1e829c.jpg,train,2,46,1,0,0,0,14
patient_image_000354_dc59da00.jpg,level_2/patient_image_000354_dc59da00.jpg,train,2,47,1,0,0,0,14
patient_image_000356_02609c16.jpg,level_3/patient_image_000356_02609c16.jpg,train,3,47,1,1,0,0,14
patient_image_000357_dadd1a7f.jpg,level_2/patient_image_000357_dadd1a7f.jpg,train,2,47,1,1,1,0,14
patient_image_000359_1df9d941.jpg,level_2/patient_image_000359_1df9d941.jpg,train,2,47,1,0,0,0,14
patient_image_000360_e286df23.jpg,level_3/patient_image_000360_e286df23.jpg,train,3,47,1,8,4,0,12
patient_image_000363_49d557bd.jpg,level_2/patient_image_000363_49d557bd.jpg,train,2,47,1,0,0,0,14
patient_image_000364_84b8ea56.jpg,level_2/patient_image_000364_84b8ea56.jpg,train,2,48,1,5,0,0,12
patient_image_000365_bb7d18c2.jpg,level_2/patient_image_000365_bb7d18c2.jpg,train,2,48,1,0,0,0,14
patient_image_000366_bd7a0db4.jpg,level_2/patient_image_000366_bd7a0db4.jpg,train,2,48,1,0,0,0,14
patient_image_000367_348bf0ed.jpg,level_2/patient_image_000367_348bf0ed.jpg,train,2,48,1,0,0,0,14
patient_image_000368_7f651dcc.jpg,level_2/patient_image_000368_7f651dcc.jpg,train,2,48,1,5,0,1,12
patient_image_000371_e6ac24e9.jpg,level_2/patient_image_000371_e6ac24e9.jpg,train,2,48,1,2,2,0,13
patient_image_000374_771f2f5f.jpg,level_2/patient_image_000374_771f2f5f.jpg,train,2,49,1,0,0,1,13
patient_image_000375_36cfc84e.jpg,level_2/patient_image_000375_36cfc84e.jpg,train,2,49,1,0,0,0,14
patient_image_000378_603f4d5f.jpg,level_2/patient_image_000378_603f4d5f.jpg,train,2,51,1,6,4,0,13
patient_image_000379_70dc1258.jpg,level_2/patient_image_000379_70dc1258.jpg,train,2,51,1,2,0,0,12
patient_image_000380_7d3d41ec.jpg,level_2/patient_image_000380_7d3d41ec.jpg,train,2,51,1,1,1,0,13
patient_image_000382_934a0214.jpg,level_2/patient_image_000382_934a0214.jpg,train,2,52,1,0,0,0,14
patient_image_000384_d6d2deea.jpg,level_2/patient_image_000384_d6d2deea.jpg,train,2,52,1,2,0,2,11
patient_image_000388_198d0e64.jpg,level_3/patient_image_000388_198d0e64.jpg,train,3,52,1,0,0,0,14
patient_image_000389_14d151f2.jpg,level_3/patient_image_000389_14d151f2.jpg,train,3,53,1,8,6,0,13
patient_image_000390_7959b203.jpg,level_2/patient_image_000390_7959b203.jpg,train,2,53,1,6,0,0,12
patient_image_000391_3111495d.jpg,level_2/patient_image_000391_3111495d.jpg,train,2,53,1,1,0,4,11
patient_image_000392_6d723203.jpg,level_2/patient_image_000392_6d723203.jpg,train,2,53,1,1,0,0,13
patient_image_000393_3dca0ae8.jpg,level_2/patient_image_000393_3dca0ae8.jpg,train,2,53,1,0,0,0,14
patient_image_000394_17e14aac.jpg,level_2/patient_image_000394_17e14aac.jpg,train,2,54,1,1,0,0,14
patient_image_000395_428e3307.jpg,level_2/patient_image_000395_428e3307.jpg,train,2,54,1,0,0,0,14
patient_image_000396_24360320.jpg,level_3/patient_image_000396_24360320.jpg,train,3,54,1,7,4,0,14
patient_image_000397_05ddedc7.jpg,level_2/patient_image_000397_05ddedc7.jpg,train,2,54,1,0,0,0,14
patient_image_000399_05c48a2a.jpg,level_2/patient_image_000399_05c48a2a.jpg,train,2,54,1,1,0,0,13
patient_image_000401_e90e8248.jpg,level_2/patient_image_000401_e90e8248.jpg,train,2,54,1,0,0,0,14
patient_image_000402_74196900.jpg,level_2/patient_image_000402_74196900.jpg,train,2,55,1,13,0,1,6
patient_image_000403_282b7e3d.jpg,level_3/patient_image_000403_282b7e3d.jpg,train,3,55,1,0,0,1,13
patient_image_000404_75ee2612.jpg,level_2/patient_image_000404_75ee2612.jpg,train,2,55,1,0,0,0,14
patient_image_000405_2e1fcb72.jpg,level_2/patient_image_000405_2e1fcb72.jpg,train,2,56,1,1,0,0,13
patient_image_000407_5adfb2c1.jpg,level_2/patient_image_000407_5adfb2c1.jpg,train,2,56,1,3,0,3,10
patient_image_000408_8dc2c8f0.jpg,level_2/patient_image_000408_8dc2c8f0.jpg,train,2,56,1,0,0,0,14
patient_image_000409_6e6b2725.jpg,level_2/patient_image_000409_6e6b2725.jpg,train,2,56,1,2,0,0,13
patient_image_000410_9dc54632.jpg,level_2/patient_image_000410_9dc54632.jpg,train,2,56,1,4,0,0,10
patient_image_000411_fffe8d95.jpg,level_2/patient_image_000411_fffe8d95.jpg,train,2,56,1,15,0,0,1
patient_image_000412_d9e46289.jpg,level_2/patient_image_000412_d9e46289.jpg,train,2,57,1,0,0,0,14
patient_image_000413_d10de40a.jpg,level_2/patient_image_000413_d10de40a.jpg,train,2,57,1,6,3,0,10
patient_image_000414_ab919b7f.jpg,level_2/patient_image_000414_ab919b7f.jpg,train,2,57,1,0,0,0,14
patient_image_000415_fb82a215.jpg,level_2/patient_image_000415_fb82a215.jpg,train,2,57,1,4,0,0,12
patient_image_000416_8c0322d5.jpg,level_2/patient_image_000416_8c0322d5.jpg,train,2,57,1,6,2,0,14
patient_image_000417_1167174f.jpg,level_2/patient_image_000417_1167174f.jpg,train,2,57,1,0,0,3,12
patient_image_000418_112e5c74.jpg,level_2/patient_image_000418_112e5c74.jpg,train,2,58,1,8,0,3,9
patient_image_000422_d787e943.jpg,level_2/patient_image_000422_d787e943.jpg,train,2,59,1,6,3,0,10
patient_image_000423_e4c6ad66.jpg,level_3/patient_image_000423_e4c6ad66.jpg,train,3,59,1,1,0,1,12
patient_image_000424_072c4aa2.jpg,level_2/patient_image_000424_072c4aa2.jpg,train,2,59,1,3,3,0,12
patient_image_000427_03b8de7d.jpg,level_2/patient_image_000427_03b8de7d.jpg,train,2,60,1,0,0,0,14
patient_image_000428_ced31832.jpg,level_2/patient_image_000428_ced31832.jpg,train,2,60,1,1,0,5,11
patient_image_000429_84fc8ed9.jpg,level_3/patient_image_000429_84fc8ed9.jpg,train,3,60,1,2,0,1,11
patient_image_000430_ded8a948.jpg,level_2/patient_image_000430_ded8a948.jpg,train,2,60,1,0,0,0,14
patient_image_000431_fe5bebe4.jpg,level_2/patient_image_000431_fe5bebe4.jpg,train,2,60,1,10,0,0,5
patient_image_000435_86430e90.jpg,level_3/patient_image_000435_86430e90.jpg,train,3,60,1,2,0,0,12
patient_image_000436_e64554d7.jpg,level_3/patient_image_000436_e64554d7.jpg,train,3,61,1,1,0,0,1
patient_image_000437_756effbb.jpg,level_3/patient_image_000437_756effbb.jpg,train,3,61,1,19,0,0,0
patient_image_000438_21354760.jpg,level_3/patient_image_000438_21354760.jpg,train,3,61,1,2,0,0,12
patient_image_000443_0a8e215c.jpg,level_2/patient_image_000443_0a8e215c.jpg,train,2,62,1,3,1,0,12
patient_image_000445_b05230cf.jpg,level_2/patient_image_000445_b05230cf.jpg,train,2,63,1,7,0,3,9
patient_image_000446_c227b530.jpg,level_2/patient_image_000446_c227b530.jpg,train,2,63,1,2,2,0,14
patient_image_000448_fe6c87b3.jpg,level_2/patient_image_000448_fe6c87b3.jpg,train,2,64,1,7,0,0,9
patient_image_000449_b4de43e4.jpg,level_2/patient_image_000449_b4de43e4.jpg,train,2,64,1,2,1,0,13
patient_image_000452_6bae26b1.jpg,level_2/patient_image_000452_6bae26b1.jpg,train,2,65,1,2,0,0,12
patient_image_000453_b3b406ed.jpg,level_3/patient_image_000453_b3b406ed.jpg,train,3,65,1,7,0,1,8
patient_image_000454_eb31f2c2.jpg,level_2/patient_image_000454_eb31f2c2.jpg,train,2,65,1,5,0,0,9
patient_image_000455_299b7862.jpg,level_2/patient_image_000455_299b7862.jpg,train,2,65,1,4,2,0,14
patient_image_000456_9c8de752.jpg,level_2/patient_image_000456_9c8de752.jpg,train,2,66,1,0,0,0,14
patient_image_000457_e8f4aa9a.jpg,level_2/patient_image_000457_e8f4aa9a.jpg,train,2,66,1,12,0,0,7
patient_image_000458_22bdeefa.jpg,level_2/patient_image_000458_22bdeefa.jpg,train,2,66,1,2,1,0,14
patient_image_000460_02d60eef.jpg,level_2/patient_image_000460_02d60eef.jpg,train,2,67,1,2,0,5,10
patient_image_000461_9ba7f723.jpg,level_1/patient_image_000461_9ba7f723.jpg,train,1,68,1,1,0,0,13
patient_image_000462_3e19cc2a.jpg,level_2/patient_image_000462_3e19cc2a.jpg,train,2,68,1,2,0,1,12
patient_image_000463_869cd086.jpg,level_3/patient_image_000463_869cd086.jpg,train,3,68,1,0,0,0,14
patient_image_000464_7b8d7f1d.jpg,level_2/patient_image_000464_7b8d7f1d.jpg,train,2,68,1,8,0,0,11
patient_image_000465_983a2516.jpg,level_1/patient_image_000465_983a2516.jpg,train,1,69,1,0,0,0,14
patient_image_000466_7f588bd3.jpg,level_2/patient_image_000466_7f588bd3.jpg,train,2,69,1,16,0,0,13
patient_image_000467_3d336f5b.jpg,level_3/patient_image_000467_3d336f5b.jpg,train,3,69,1,6,0,0,10
patient_image_000468_61c7af51.jpg,level_3/patient_image_000468_61c7af51.jpg,train,3,69,1,0,0,0,14
patient_image_000469_e0144b78.jpg,level_2/patient_image_000469_e0144b78.jpg,train,2,69,1,1,0,0,13
patient_image_000471_92a5e5d6.jpg,level_2/patient_image_000471_92a5e5d6.jpg,train,2,69,1,5,0,0,14
patient_image_000472_4834a115.jpg,level_2/patient_image_000472_4834a115.jpg,train,2,70,1,7,0,1,8
patient_image_000473_e215ecc9.jpg,level_2/patient_image_000473_e215ecc9.jpg,train,2,70,1,18,0,2,5
patient_image_000475_b193cd84.jpg,level_2/patient_image_000475_b193cd84.jpg,train,2,70,1,6,0,0,10
patient_image_000476_2949122a.jpg,level_2/patient_image_000476_2949122a.jpg,train,2,70,1,8,5,0,12
patient_image_000478_59734b1a.jpg,level_2/patient_image_000478_59734b1a.jpg,train,2,71,1,1,0,0,14
patient_image_000479_5e4b8a54.jpg,level_2/patient_image_000479_5e4b8a54.jpg,train,2,71,1,0,0,5,11
patient_image_000480_cda242fd.jpg,level_2/patient_image_000480_cda242fd.jpg,train,2,71,1,9,0,1,6
patient_image_000482_6f5e3a79.jpg,level_2/patient_image_000482_6f5e3a79.jpg,train,2,71,1,11,5,0,12
patient_image_000483_36296dc7.jpg,level_2/patient_image_000483_36296dc7.jpg,train,2,72,1,0,0,0,14
patient_image_000485_04acf008.jpg,level_2/patient_image_000485_04acf008.jpg,train,2,72,1,1,0,0,13
patient_image_000486_02dafd6a.jpg,level_2/patient_image_000486_02dafd6a.jpg,train,2,72,1,3,0,0,11
patient_image_000488_48c416a4.jpg,level_2/patient_image_000488_48c416a4.jpg,train,2,72,1,8,0,1,8
patient_image_000490_e72e1fbc.jpg,level_2/patient_image_000490_e72e1fbc.jpg,train,2,73,1,2,0,0,14
patient_image_000492_bee4fa3c.jpg,level_2/patient_image_000492_bee4fa3c.jpg,train,2,73,1,12,0,0,6
patient_image_000493_099f245f.jpg,level_2/patient_image_000493_099f245f.jpg,train,2,73,1,19,0,0,2
patient_image_000496_da4b430a.jpg,level_2/patient_image_000496_da4b430a.jpg,train,2,74,1,5,0,0,9
patient_image_000497_5ef9d338.jpg,level_3/patient_image_000497_5ef9d338.jpg,train,3,74,1,15,0,1,6
patient_image_000498_e5c9b07d.jpg,level_2/patient_image_000498_e5c9b07d.jpg,train,2,74,1,5,0,0,9
patient_image_000499_89f93a7f.jpg,level_2/patient_image_000499_89f93a7f.jpg,train,2,75,1,22,0,6,1
patient_image_000500_de8912d8.jpg,level_1/patient_image_000500_de8912d8.jpg,train,1,75,1,18,0,0,0
patient_image_000501_20a9db96.jpg,level_3/patient_image_000501_20a9db96.jpg,train,3,75,1,0,0,0,14
patient_image_000503_970b1839.jpg,level_2/patient_image_000503_970b1839.jpg,train,2,75,1,10,0,0,13
patient_image_000504_3c7f34ec.jpg,level_1/patient_image_000504_3c7f34ec.jpg,train,1,18,0,0,0,0,14
patient_image_000506_72f20d08.jpg,level_1/patient_image_000506_72f20d08.jpg,train,1,18,0,2,0,0,12
patient_image_000507_a221a13c.jpg,level_1/patient_image_000507_a221a13c.jpg,train,1,18,0,0,0,0,14
patient_image_000513_5c47cd25.jpg,level_1/patient_image_000513_5c47cd25.jpg,train,1,19,0,0,0,0,14
patient_image_000514_06f1ec85.jpg,level_1/patient_image_000514_06f1ec85.jpg,train,1,20,0,0,0,0,14
patient_image_000515_62943aaa.jpg,level_1/patient_image_000515_62943aaa.jpg,train,1,20,0,0,0,0,14
patient_image_000516_912d996b.jpg,level_1/patient_image_000516_912d996b.jpg,train,1,20,0,0,0,0,14
patient_image_000517_8727624b.jpg,level_1/patient_image_000517_8727624b.jpg,train,1,21,0,0,0,0,14
patient_image_000518_5e5e9237.jpg,level_2/patient_image_000518_5e5e9237.jpg,train,2,21,0,0,0,0,14
patient_image_000521_17a61742.jpg,level_1/patient_image_000521_17a61742.jpg,train,1,22,0,0,0,0,14
patient_image_000522_1d00aca9.jpg,level_1/patient_image_000522_1d00aca9.jpg,train,1,22,0,0,0,0,14
patient_image_000525_b84f8771.jpg,level_2/patient_image_000525_b84f8771.jpg,train,2,22,0,0,0,0,14
patient_image_000526_401bc35c.jpg,level_1/patient_image_000526_401bc35c.jpg,train,1,22,0,0,0,0,14
patient_image_000527_007f9c5e.jpg,level_2/patient_image_000527_007f9c5e.jpg,train,2,23,0,0,0,0,14
patient_image_000528_55eaf23d.jpg,level_1/patient_image_000528_55eaf23d.jpg,train,1,23,0,0,0,0,14
patient_image_000529_dc5b599e.jpg,level_1/patient_image_000529_dc5b599e.jpg,train,1,23,0,0,0,0,14
patient_image_000531_cd6d4f9c.jpg,level_1/patient_image_000531_cd6d4f9c.jpg,train,1,23,0,0,0,0,14
patient_image_000532_af62c840.jpg,level_1/patient_image_000532_af62c840.jpg,train,1,23,0,0,0,0,14
patient_image_000533_91bc5b53.jpg,level_1/patient_image_000533_91bc5b53.jpg,train,1,23,0,0,0,0,14
patient_image_000534_005e53f2.jpg,level_1/patient_image_000534_005e53f2.jpg,train,1,24,0,0,0,0,14
patient_image_000535_44b5a8c9.jpg,level_1/patient_image_000535_44b5a8c9.jpg,train,1,24,0,0,0,0,14
patient_image_000538_48d00143.jpg,level_1/patient_image_000538_48d00143.jpg,train,1,24,0,0,0,0,14
patient_image_000542_0180d986.jpg,level_1/patient_image_000542_0180d986.jpg,train,1,24,0,0,0,0,14
patient_image_000543_652f86bc.jpg,level_3/patient_image_000543_652f86bc.jpg,train,3,24,0,0,0,0,14
patient_image_000546_cca0b6a6.jpg,level_1/patient_image_000546_cca0b6a6.jpg,train,1,24,0,2,0,0,14
patient_image_000547_d171b028.jpg,level_3/patient_image_000547_d171b028.jpg,train,3,24,0,1,1,0,13
patient_image_000548_ee055987.jpg,level_1/patient_image_000548_ee055987.jpg,train,1,24,0,0,0,0,14
patient_image_000549_9432a4fa.jpg,level_3/patient_image_000549_9432a4fa.jpg,train,3,24,0,0,0,0,14
patient_image_000550_490d2eea.jpg,level_1/patient_image_000550_490d2eea.jpg,train,1,24,0,0,0,0,14
patient_image_000553_f8c87a59.jpg,level_2/patient_image_000553_f8c87a59.jpg,train,2,25,0,4,0,1,9
patient_image_000554_de5f4e2a.jpg,level_1/patient_image_000554_de5f4e2a.jpg,train,1,25,0,0,0,0,14
patient_image_000555_565ba784.jpg,level_1/patient_image_000555_565ba784.jpg,train,1,25,0,1,0,0,13
patient_image_000556_92578943.jpg,level_2/patient_image_000556_92578943.jpg,train,2,25,0,0,0,0,14
patient_image_000557_ef03aa7a.jpg,level_1/patient_image_000557_ef03aa7a.jpg,train,1,25,0,0,0,0,14
patient_image_000558_fdcf2492.jpg,level_1/patient_image_000558_fdcf2492.jpg,train,1,25,0,0,0,0,14
patient_image_000559_a0f01261.jpg,level_1/patient_image_000559_a0f01261.jpg,train,1,25,0,0,0,0,14
patient_image_000560_adc72499.jpg,level_2/patient_image_000560_adc72499.jpg,train,2,25,0,0,0,0,14
patient_image_000561_87f73eef.jpg,level_2/patient_image_000561_87f73eef.jpg,train,2,25,0,0,0,0,14
patient_image_000562_a3567674.jpg,level_1/patient_image_000562_a3567674.jpg,train,1,25,0,0,0,0,14
patient_image_000563_df925935.jpg,level_3/patient_image_000563_df925935.jpg,train,3,25,0,1,0,0,13
patient_image_000564_9f752e56.jpg,level_1/patient_image_000564_9f752e56.jpg,train,1,25,0,0,0,0,14
patient_image_000565_563d2976.jpg,level_1/patient_image_000565_563d2976.jpg,train,1,25,0,0,0,0,14
patient_image_000568_30da5428.jpg,level_2/patient_image_000568_30da5428.jpg,train,2,26,0,0,0,0,14
patient_image_000571_5c273975.jpg,level_1/patient_image_000571_5c273975.jpg,train,1,26,0,0,0,0,14
patient_image_000572_6d137e21.jpg,level_1/patient_image_000572_6d137e21.jpg,train,1,26,0,1,1,0,14
patient_image_000573_1c1c7d5d.jpg,level_2/patient_image_000573_1c1c7d5d.jpg,train,2,26,0,1,0,0,13
patient_image_000574_002b0d0a.jpg,level_3/patient_image_000574_002b0d0a.jpg,train,3,26,0,2,0,2,12
patient_image_000577_bc5aace6.jpg,level_1/patient_image_000577_bc5aace6.jpg,train,1,26,0,0,0,0,16
patient_image_000578_8fab947f.jpg,level_1/patient_image_000578_8fab947f.jpg,train,1,26,0,0,0,0,14
patient_image_000579_51b396db.jpg,level_3/patient_image_000579_51b396db.jpg,train,3,26,0,0,0,0,14
patient_image_000580_fb58b578.jpg,level_1/patient_image_000580_fb58b578.jpg,train,1,26,0,0,0,0,14
patient_image_000581_e6a68c10.jpg,level_1/patient_image_000581_e6a68c10.jpg,train,1,26,0,0,0,0,14
patient_image_000583_dfceb69f.jpg,level_2/patient_image_000583_dfceb69f.jpg,train,2,26,0,0,0,0,14
patient_image_000585_bdca74e0.jpg,level_1/patient_image_000585_bdca74e0.jpg,train,1,26,0,0,0,0,14
patient_image_000586_3d2038f8.jpg,level_2/patient_image_000586_3d2038f8.jpg,train,2,26,0,0,0,0,14
patient_image_000588_11ba2a39.jpg,level_3/patient_image_000588_11ba2a39.jpg,train,3,27,0,0,0,1,13
patient_image_000591_e32569e0.jpg,level_2/patient_image_000591_e32569e0.jpg,train,2,27,0,0,0,2,12
patient_image_000592_b37ad52e.jpg,level_1/patient_image_000592_b37ad52e.jpg,train,1,27,0,0,0,0,14
patient_image_000593_14b206e2.jpg,level_1/patient_image_000593_14b206e2.jpg,train,1,27,0,0,0,0,14
patient_image_000594_edff5861.jpg,level_2/patient_image_000594_edff5861.jpg,train,2,27,0,0,0,0,14
patient_image_000595_83f35693.jpg,level_3/patient_image_000595_83f35693.jpg,train,3,27,0,0,0,0,14
patient_image_000596_4eae4178.jpg,level_3/patient_image_000596_4eae4178.jpg,train,3,27,0,0,0,0,14
patient_image_000597_f2544888.jpg,level_2/patient_image_000597_f2544888.jpg,train,2,27,0,0,0,0,14
patient_image_000598_38fac96c.jpg,level_2/patient_image_000598_38fac96c.jpg,train,2,27,0,0,0,0,14
patient_image_000600_c839e11e.jpg,level_1/patient_image_000600_c839e11e.jpg,train,1,27,0,0,0,0,14
patient_image_000601_cd1e4b37.jpg,level_2/patient_image_000601_cd1e4b37.jpg,train,2,27,0,0,0,0,14
patient_image_000602_2b495970.jpg,level_1/patient_image_000602_2b495970.jpg,train,1,27,0,0,0,0,14
patient_image_000603_ceccbfb6.jpg,level_1/patient_image_000603_ceccbfb6.jpg,train,1,27,0,0,0,0,14
patient_image_000604_85a044c8.jpg,level_2/patient_image_000604_85a044c8.jpg,train,2,27,0,0,0,0,14
patient_image_000605_1246abbb.jpg,level_1/patient_image_000605_1246abbb.jpg,train,1,27,0,0,0,0,14
patient_image_000606_99298aed.jpg,level_2/patient_image_000606_99298aed.jpg,train,2,28,0,0,0,1,13
patient_image_000609_b45d7ffd.jpg,level_3/patient_image_000609_b45d7ffd.jpg,train,3,28,0,1,0,0,13
patient_image_000611_cda27acf.jpg,level_2/patient_image_000611_cda27acf.jpg,train,2,28,0,0,0,0,14
patient_image_000612_dfaa6d06.jpg,level_1/patient_image_000612_dfaa6d06.jpg,train,1,28,0,0,0,0,14
patient_image_000613_020562fc.jpg,level_1/patient_image_000613_020562fc.jpg,train,1,28,0,0,0,0,14
patient_image_000614_f2439032.jpg,level_1/patient_image_000614_f2439032.jpg,train,1,28,0,0,0,0,14
patient_image_000616_37f0bf15.jpg,level_1/patient_image_000616_37f0bf15.jpg,train,1,29,0,0,0,0,14
patient_image_000617_3cde53b6.jpg,level_1/patient_image_000617_3cde53b6.jpg,train,1,29,0,0,0,0,14
patient_image_000618_96b0588c.jpg,level_1/patient_image_000618_96b0588c.jpg,train,1,29,0,0,0,0,14
patient_image_000619_6ea1b33e.jpg,level_3/patient_image_000619_6ea1b33e.jpg,train,3,29,0,1,0,0,13
patient_image_000620_e9c656ad.jpg,level_1/patient_image_000620_e9c656ad.jpg,train,1,29,0,0,0,0,14
patient_image_000622_070cc0b5.jpg,level_1/patient_image_000622_070cc0b5.jpg,train,1,29,0,0,0,0,14
patient_image_000623_f3ab1371.jpg,level_2/patient_image_000623_f3ab1371.jpg,train,2,29,0,0,0,0,14
patient_image_000624_fb2faa84.jpg,level_2/patient_image_000624_fb2faa84.jpg,train,2,29,0,0,0,0,14
patient_image_000625_0adf8250.jpg,level_3/patient_image_000625_0adf8250.jpg,train,3,29,0,1,0,0,13
patient_image_000626_297e8e85.jpg,level_2/patient_image_000626_297e8e85.jpg,train,2,29,0,0,0,0,14
patient_image_000627_a087afec.jpg,level_2/patient_image_000627_a087afec.jpg,train,2,29,0,0,0,0,14
patient_image_000628_c2a12bc1.jpg,level_1/patient_image_000628_c2a12bc1.jpg,train,1,29,0,0,0,0,14
patient_image_000629_37e2f34d.jpg,level_3/patient_image_000629_37e2f34d.jpg,train,3,30,0,0,0,0,14
patient_image_000630_c4a6d96b.jpg,level_1/patient_image_000630_c4a6d96b.jpg,train,1,30,0,0,0,0,14
patient_image_000632_e4c45dbd.jpg,level_1/patient_image_000632_e4c45dbd.jpg,train,1,30,0,0,0,0,16
patient_image_000633_8794676f.jpg,level_1/patient_image_000633_8794676f.jpg,train,1,30,0,0,0,0,14
patient_image_000634_6aa38a90.jpg,level_2/patient_image_000634_6aa38a90.jpg,train,2,30,0,0,0,0,14
patient_image_000635_d24404f4.jpg,level_2/patient_image_000635_d24404f4.jpg,train,2,30,0,0,0,0,14
patient_image_000636_8d28a642.jpg,level_2/patient_image_000636_8d28a642.jpg,train,2,30,0,0,0,0,14
patient_image_000637_f11f3ab0.jpg,level_1/patient_image_000637_f11f3ab0.jpg,train,1,30,0,1,0,0,14
patient_image_000639_1b622c1a.jpg,level_3/patient_image_000639_1b622c1a.jpg,train,3,30,0,0,0,0,14
patient_image_000641_a2ba316a.jpg,level_2/patient_image_000641_a2ba316a.jpg,train,2,30,0,2,1,0,13
patient_image_000642_c3ea74ba.jpg,level_3/patient_image_000642_c3ea74ba.jpg,train,3,31,0,1,0,0,13
patient_image_000643_5abd7d83.jpg,level_2/patient_image_000643_5abd7d83.jpg,train,2,31,0,0,0,0,14
patient_image_000645_9c4dcbff.jpg,level_1/patient_image_000645_9c4dcbff.jpg,train,1,31,0,0,0,0,14
patient_image_000646_632e9dbf.jpg,level_2/patient_image_000646_632e9dbf.jpg,train,2,31,0,0,0,0,14
patient_image_000650_ca4dd45d.jpg,level_3/patient_image_000650_ca4dd45d.jpg,train,3,31,0,0,0,0,12
patient_image_000651_4dc31d8d.jpg,level_1/patient_image_000651_4dc31d8d.jpg,train,1,31,0,0,0,0,14
patient_image_000652_d9996c5f.jpg,level_2/patient_image_000652_d9996c5f.jpg,train,2,31,0,0,0,0,14
patient_image_000654_d7798fef.jpg,level_3/patient_image_000654_d7798fef.jpg,train,3,31,0,0,0,0,14
patient_image_000655_1f764a63.jpg,level_3/patient_image_000655_1f764a63.jpg,train,3,31,0,0,0,0,14
patient_image_000656_2ab2ef4e.jpg,level_3/patient_image_000656_2ab2ef4e.jpg,train,3,31,0,0,0,0,14
patient_image_000657_e471eef1.jpg,level_1/patient_image_000657_e471eef1.jpg,train,1,31,0,0,0,0,14
patient_image_000658_f79dd5c7.jpg,level_1/patient_image_000658_f79dd5c7.jpg,train,1,31,0,0,0,0,14
patient_image_000660_d4b75c89.jpg,level_3/patient_image_000660_d4b75c89.jpg,train,3,32,0,0,0,0,14
patient_image_000661_1feca3dd.jpg,level_2/patient_image_000661_1feca3dd.jpg,train,2,32,0,0,0,0,14
patient_image_000663_faa17871.jpg,level_1/patient_image_000663_faa17871.jpg,train,1,32,0,0,0,0,14
patient_image_000664_63d67e36.jpg,level_2/patient_image_000664_63d67e36.jpg,train,2,32,0,0,0,0,14
patient_image_000666_675dce47.jpg,level_1/patient_image_000666_675dce47.jpg,train,1,32,0,1,1,0,14
patient_image_000668_603e4b18.jpg,level_2/patient_image_000668_603e4b18.jpg,train,2,32,0,3,1,0,12
patient_image_000669_1a4563d6.jpg,level_2/patient_image_000669_1a4563d6.jpg,train,2,32,0,0,0,0,14
patient_image_000670_22bd318a.jpg,level_2/patient_image_000670_22bd318a.jpg,train,2,32,0,0,0,0,14
patient_image_000673_38bfe5d5.jpg,level_1/patient_image_000673_38bfe5d5.jpg,train,1,32,0,0,0,0,14
patient_image_000674_59a55935.jpg,level_1/patient_image_000674_59a55935.jpg,train,1,33,0,0,0,0,14
patient_image_000675_d0dba229.jpg,level_2/patient_image_000675_d0dba229.jpg,train,2,33,0,0,0,0,14
patient_image_000677_e5bbd8df.jpg,level_2/patient_image_000677_e5bbd8df.jpg,train,2,33,0,0,0,0,14
patient_image_000678_6c9e5415.jpg,level_2/patient_image_000678_6c9e5415.jpg,train,2,33,0,0,0,0,14
patient_image_000679_c8b50fad.jpg,level_3/patient_image_000679_c8b50fad.jpg,train,3,33,0,0,0,0,14
patient_image_000680_d1fc230b.jpg,level_2/patient_image_000680_d1fc230b.jpg,train,2,33,0,0,0,0,14
patient_image_000681_92937f51.jpg,level_2/patient_image_000681_92937f51.jpg,train,2,33,0,0,0,0,14
patient_image_000682_2c28be4a.jpg,level_1/patient_image_000682_2c28be4a.jpg,train,1,33,0,0,0,0,14
patient_image_000683_ab596b35.jpg,level_2/patient_image_000683_ab596b35.jpg,train,2,34,0,0,0,0,14
patient_image_000684_5ed81f6a.jpg,level_2/patient_image_000684_5ed81f6a.jpg,train,2,34,0,0,0,0,14
patient_image_000685_3ea9fe53.jpg,level_2/patient_image_000685_3ea9fe53.jpg,train,2,34,0,1,1,0,14
patient_image_000686_fd5f5f8e.jpg,level_1/patient_image_000686_fd5f5f8e.jpg,train,1,34,0,0,0,0,14
patient_image_000687_78a93597.jpg,level_2/patient_image_000687_78a93597.jpg,train,2,34,0,0,0,0,16
patient_image_000688_b31e25b2.jpg,level_3/patient_image_000688_b31e25b2.jpg,train,3,34,0,1,0,0,13
patient_image_000689_8cbb459f.jpg,level_2/patient_image_000689_8cbb459f.jpg,train,2,34,0,0,0,0,14
patient_image_000693_c97d9581.jpg,level_2/patient_image_000693_c97d9581.jpg,train,2,34,0,1,1,0,13
patient_image_000694_2f073e81.jpg,level_2/patient_image_000694_2f073e81.jpg,train,2,34,0,5,0,0,11
patient_image_000696_e1a9ed11.jpg,level_3/patient_image_000696_e1a9ed11.jpg,train,3,34,0,1,0,0,13
patient_image_000698_b617e21d.jpg,level_3/patient_image_000698_b617e21d.jpg,train,3,34,0,0,0,0,14
patient_image_000699_c177b5d0.jpg,level_1/patient_image_000699_c177b5d0.jpg,train,1,34,0,0,0,0,14
patient_image_000701_56f982f7.jpg,level_3/patient_image_000701_56f982f7.jpg,train,3,34,0,0,0,0,14
patient_image_000702_93e8265e.jpg,level_2/patient_image_000702_93e8265e.jpg,train,2,34,0,0,0,0,14
patient_image_000703_b50c05bd.jpg,level_1/patient_image_000703_b50c05bd.jpg,train,1,34,0,0,0,0,14
patient_image_000704_8811aa89.jpg,level_2/patient_image_000704_8811aa89.jpg,train,2,35,0,0,0,0,14
patient_image_000706_1e9b97f2.jpg,level_3/patient_image_000706_1e9b97f2.jpg,train,3,35,0,0,0,0,14
patient_image_000707_57dded03.jpg,level_1/patient_image_000707_57dded03.jpg,train,1,35,0,0,0,0,14
patient_image_000708_6eab34a4.jpg,level_2/patient_image_000708_6eab34a4.jpg,train,2,35,0,0,0,1,13
patient_image_000711_09ede04a.jpg,level_2/patient_image_000711_09ede04a.jpg,train,2,35,0,0,0,0,15
patient_image_000713_278198c0.jpg,level_2/patient_image_000713_278198c0.jpg,train,2,35,0,0,0,0,14
patient_image_000714_2a0bebba.jpg,level_3/patient_image_000714_2a0bebba.jpg,train,3,35,0,1,1,0,14
patient_image_000715_04dfe2d5.jpg,level_3/patient_image_000715_04dfe2d5.jpg,train,3,36,0,1,0,0,13
patient_image_000716_5aeb574b.jpg,level_1/patient_image_000716_5aeb574b.jpg,train,1,36,0,0,0,0,14
patient_image_000718_bd47a97f.jpg,level_2/patient_image_000718_bd47a97f.jpg,train,2,36,0,0,0,0,14
patient_image_000721_ee5c13d1.jpg,level_2/patient_image_000721_ee5c13d1.jpg,train,2,36,0,0,0,0,14
patient_image_000722_09368cb5.jpg,level_3/patient_image_000722_09368cb5.jpg,train,3,36,0,0,0,2,12
patient_image_000724_7100cffe.jpg,level_2/patient_image_000724_7100cffe.jpg,train,2,36,0,0,0,0,14
patient_image_000725_859e2484.jpg,level_3/patient_image_000725_859e2484.jpg,train,3,36,0,0,0,0,14
patient_image_000727_83039a94.jpg,level_3/patient_image_000727_83039a94.jpg,train,3,36,0,0,0,0,14
patient_image_000728_d17a54c4.jpg,level_2/patient_image_000728_d17a54c4.jpg,train,2,36,0,0,0,0,14
patient_image_000730_9741f72e.jpg,level_2/patient_image_000730_9741f72e.jpg,train,2,36,0,0,0,0,14
patient_image_000733_39457b8c.jpg,level_2/patient_image_000733_39457b8c.jpg,train,2,37,0,0,0,0,14
patient_image_000736_b6b6cc9b.jpg,level_2/patient_image_000736_b6b6cc9b.jpg,train,2,37,0,0,0,0,14
patient_image_000737_5bb84a20.jpg,level_2/patient_image_000737_5bb84a20.jpg,train,2,37,0,0,0,5,10
patient_image_000739_0dd0bdeb.jpg,level_3/patient_image_000739_0dd0bdeb.jpg,train,3,37,0,0,0,0,14
patient_image_000740_debbb81a.jpg,level_3/patient_image_000740_debbb81a.jpg,train,3,37,0,2,0,0,12
patient_image_000741_c2d8c781.jpg,level_2/patient_image_000741_c2d8c781.jpg,train,2,37,0,0,0,0,14
patient_image_000742_673fbbc2.jpg,level_2/patient_image_000742_673fbbc2.jpg,train,2,37,0,0,0,0,14
patient_image_000743_18258df1.jpg,level_1/patient_image_000743_18258df1.jpg,train,1,37,0,0,0,0,14
patient_image_000744_3d81cbef.jpg,level_2/patient_image_000744_3d81cbef.jpg,train,2,38,0,0,0,0,14
patient_image_000745_d898a6cb.jpg,level_3/patient_image_000745_d898a6cb.jpg,train,3,38,0,2,0,0,12
patient_image_000746_9af78966.jpg,level_3/patient_image_000746_9af78966.jpg,train,3,38,0,7,0,0,7
patient_image_000747_e008788e.jpg,level_2/patient_image_000747_e008788e.jpg,train,2,38,0,0,0,0,14
patient_image_000749_10f541bd.jpg,level_2/patient_image_000749_10f541bd.jpg,train,2,38,0,0,0,0,14
patient_image_000750_1ba51eb5.jpg,level_3/patient_image_000750_1ba51eb5.jpg,train,3,38,0,3,0,0,11
patient_image_000751_2ec70b07.jpg,level_2/patient_image_000751_2ec70b07.jpg,train,2,38,0,0,0,0,14
patient_image_000752_c1b45b8a.jpg,level_2/patient_image_000752_c1b45b8a.jpg,train,2,38,0,0,0,1,13
patient_image_000753_af43a7c5.jpg,level_3/patient_image_000753_af43a7c5.jpg,train,3,38,0,1,0,0,13
patient_image_000754_959252bf.jpg,level_3/patient_image_000754_959252bf.jpg,train,3,38,0,0,0,0,14
patient_image_000755_52d07050.jpg,level_2/patient_image_000755_52d07050.jpg,train,2,38,0,0,0,0,14
patient_image_000756_5c31e47b.jpg,level_3/patient_image_000756_5c31e47b.jpg,train,3,38,0,1,0,0,13
patient_image_000757_477335d5.jpg,level_1/patient_image_000757_477335d5.jpg,train,1,38,0,1,1,0,14
patient_image_000759_e1218872.jpg,level_1/patient_image_000759_e1218872.jpg,train,1,38,0,0,0,0,14
patient_image_000761_de5dc0c0.jpg,level_2/patient_image_000761_de5dc0c0.jpg,train,2,38,0,0,0,0,14
patient_image_000762_98c37c92.jpg,level_2/patient_image_000762_98c37c92.jpg,train,2,38,0,0,0,0,14
patient_image_000763_21c07b11.jpg,level_3/patient_image_000763_21c07b11.jpg,train,3,39,0,0,0,0,14
patient_image_000764_c2491b27.jpg,level_2/patient_image_000764_c2491b27.jpg,train,2,39,0,0,0,1,13
patient_image_000765_7af1e16c.jpg,level_2/patient_image_000765_7af1e16c.jpg,train,2,39,0,0,0,0,14
patient_image_000766_4738d8ec.jpg,level_2/patient_image_000766_4738d8ec.jpg,train,2,39,0,0,0,0,14
patient_image_000768_94ae0e55.jpg,level_2/patient_image_000768_94ae0e55.jpg,train,2,39,0,0,0,0,14
patient_image_000769_a862a9c7.jpg,level_2/patient_image_000769_a862a9c7.jpg,train,2,39,0,0,0,0,14
patient_image_000770_7375fe3e.jpg,level_1/patient_image_000770_7375fe3e.jpg,train,1,39,0,0,0,0,14
patient_image_000772_babbfc8b.jpg,level_2/patient_image_000772_babbfc8b.jpg,train,2,40,0,1,1,0,13
patient_image_000773_638b0558.jpg,level_2/patient_image_000773_638b0558.jpg,train,2,40,0,0,0,0,14
patient_image_000774_e26d228d.jpg,level_2/patient_image_000774_e26d228d.jpg,train,2,40,0,2,2,0,12
patient_image_000775_656a6578.jpg,level_1/patient_image_000775_656a6578.jpg,train,1,40,0,0,0,0,14
patient_image_000776_bb326787.jpg,level_2/patient_image_000776_bb326787.jpg,train,2,40,0,0,0,0,14
patient_image_000777_9462e536.jpg,level_2/patient_image_000777_9462e536.jpg,train,2,40,0,0,0,0,14
patient_image_000778_ddc2800e.jpg,level_1/patient_image_000778_ddc2800e.jpg,train,1,40,0,0,0,0,14
patient_image_000779_3e8dcf4c.jpg,level_1/patient_image_000779_3e8dcf4c.jpg,train,1,40,0,0,0,0,14
patient_image_000780_7404e85c.jpg,level_2/patient_image_000780_7404e85c.jpg,train,2,40,0,1,1,0,14
patient_image_000781_4658f1b9.jpg,level_2/patient_image_000781_4658f1b9.jpg,train,2,40,0,2,0,0,12
patient_image_000782_fe4c6b59.jpg,level_3/patient_image_000782_fe4c6b59.jpg,train,3,40,0,2,0,0,12
patient_image_000783_c6b9df72.jpg,level_3/patient_image_000783_c6b9df72.jpg,train,3,40,0,2,0,0,12
patient_image_000784_b669de59.jpg,level_2/patient_image_000784_b669de59.jpg,train,2,41,0,0,0,0,14
patient_image_000786_2d07f4a7.jpg,level_3/patient_image_000786_2d07f4a7.jpg,train,3,41,0,0,0,0,14
patient_image_000787_cbf5e397.jpg,level_1/patient_image_000787_cbf5e397.jpg,train,1,41,0,1,0,0,14
patient_image_000788_ec38f839.jpg,level_2/patient_image_000788_ec38f839.jpg,train,2,41,0,0,0,0,14
patient_image_000791_436decf6.jpg,level_3/patient_image_000791_436decf6.jpg,train,3,41,0,2,0,0,13
patient_image_000792_da93de87.jpg,level_3/patient_image_000792_da93de87.jpg,train,3,41,0,0,0,0,14
patient_image_000793_39966297.jpg,level_2/patient_image_000793_39966297.jpg,train,2,41,0,1,0,0,13
patient_image_000794_db2f0b45.jpg,level_2/patient_image_000794_db2f0b45.jpg,train,2,41,0,0,0,0,14
patient_image_000796_c6a24843.jpg,level_2/patient_image_000796_c6a24843.jpg,train,2,42,0,1,1,0,14
patient_image_000798_1636fbe6.jpg,level_2/patient_image_000798_1636fbe6.jpg,train,2,42,0,0,0,1,13
patient_image_000800_c80d84c5.jpg,level_3/patient_image_000800_c80d84c5.jpg,train,3,42,0,0,0,0,14
patient_image_000801_701e7a57.jpg,level_2/patient_image_000801_701e7a57.jpg,train,2,42,0,2,2,0,13
patient_image_000802_babf562c.jpg,level_3/patient_image_000802_babf562c.jpg,train,3,42,0,4,0,0,10
patient_image_000803_09145696.jpg,level_1/patient_image_000803_09145696.jpg,train,1,42,0,0,0,0,14
patient_image_000804_e1a775f6.jpg,level_3/patient_image_000804_e1a775f6.jpg,train,3,42,0,3,1,0,12
patient_image_000805_a6285cd0.jpg,level_2/patient_image_000805_a6285cd0.jpg,train,2,42,0,0,0,0,14
patient_image_000806_a933040b.jpg,level_2/patient_image_000806_a933040b.jpg,train,2,42,0,1,0,0,13
patient_image_000807_f91c023c.jpg,level_2/patient_image_000807_f91c023c.jpg,train,2,42,0,1,0,0,14
patient_image_000808_fe172a13.jpg,level_2/patient_image_000808_fe172a13.jpg,train,2,42,0,0,0,0,14
patient_image_000811_f5895c67.jpg,level_3/patient_image_000811_f5895c67.jpg,train,3,42,0,1,1,0,14
patient_image_000812_d7636574.jpg,level_2/patient_image_000812_d7636574.jpg,train,2,43,0,2,2,0,14
patient_image_000813_ad646fe1.jpg,level_3/patient_image_000813_ad646fe1.jpg,train,3,43,0,0,0,0,14
patient_image_000814_6a9c112c.jpg,level_2/patient_image_000814_6a9c112c.jpg,train,2,43,0,0,0,0,14
patient_image_000815_f279cd7d.jpg,level_2/patient_image_000815_f279cd7d.jpg,train,2,43,0,1,1,0,13
patient_image_000817_09e72457.jpg,level_2/patient_image_000817_09e72457.jpg,train,2,43,0,0,0,0,14
patient_image_000818_165888a3.jpg,level_2/patient_image_000818_165888a3.jpg,train,2,43,0,0,0,2,12
patient_image_000819_3da46232.jpg,level_1/patient_image_000819_3da46232.jpg,train,1,43,0,3,0,0,13
patient_image_000820_982b50b1.jpg,level_2/patient_image_000820_982b50b1.jpg,train,2,43,0,0,0,0,14
patient_image_000821_2b12cd2f.jpg,level_3/patient_image_000821_2b12cd2f.jpg,train,3,43,0,0,0,0,14
patient_image_000823_2a992066.jpg,level_2/patient_image_000823_2a992066.jpg,train,2,43,0,0,0,0,14
patient_image_000824_e391c351.jpg,level_2/patient_image_000824_e391c351.jpg,train,2,43,0,2,0,0,12
patient_image_000825_5ac921b0.jpg,level_2/patient_image_000825_5ac921b0.jpg,train,2,43,0,0,0,0,14
patient_image_000826_d4f2e623.jpg,level_2/patient_image_000826_d4f2e623.jpg,train,2,43,0,0,0,0,14
patient_image_000827_b540e187.jpg,level_2/patient_image_000827_b540e187.jpg,train,2,43,0,2,0,0,14
patient_image_000828_fafe0387.jpg,level_1/patient_image_000828_fafe0387.jpg,train,1,43,0,0,0,0,14
patient_image_000829_8ad07052.jpg,level_2/patient_image_000829_8ad07052.jpg,train,2,44,0,0,0,0,14
patient_image_000830_6e3bc5bc.jpg,level_2/patient_image_000830_6e3bc5bc.jpg,train,2,44,0,0,0,0,14
patient_image_000831_da537e9a.jpg,level_2/patient_image_000831_da537e9a.jpg,train,2,44,0,0,0,0,14
patient_image_000832_ba3025d2.jpg,level_2/patient_image_000832_ba3025d2.jpg,train,2,44,0,0,0,0,14
patient_image_000833_c50b941e.jpg,level_2/patient_image_000833_c50b941e.jpg,train,2,44,0,0,0,0,14
patient_image_000836_e3727918.jpg,level_2/patient_image_000836_e3727918.jpg,train,2,45,0,1,0,0,13
patient_image_000837_3e3f5ce9.jpg,level_2/patient_image_000837_3e3f5ce9.jpg,train,2,45,0,0,0,0,14
patient_image_000838_c2ebf9f3.jpg,level_2/patient_image_000838_c2ebf9f3.jpg,train,2,45,0,2,0,0,12
patient_image_000839_90e477c1.jpg,level_2/patient_image_000839_90e477c1.jpg,train,2,45,0,0,0,0,14
patient_image_000840_75542550.jpg,level_3/patient_image_000840_75542550.jpg,train,3,45,0,0,0,2,12
patient_image_000841_893fdde5.jpg,level_3/patient_image_000841_893fdde5.jpg,train,3,45,0,0,0,3,11
patient_image_000842_f001cd9e.jpg,level_2/patient_image_000842_f001cd9e.jpg,train,2,45,0,1,0,0,13
patient_image_000843_db317bc4.jpg,level_2/patient_image_000843_db317bc4.jpg,train,2,45,0,1,0,0,13
patient_image_000844_da3a8385.jpg,level_2/patient_image_000844_da3a8385.jpg,train,2,46,0,0,0,0,14
patient_image_000847_0de63e7a.jpg,level_2/patient_image_000847_0de63e7a.jpg,train,2,46,0,1,0,0,13
patient_image_000848_8cf56b98.jpg,level_3/patient_image_000848_8cf56b98.jpg,train,3,46,0,0,0,0,14
patient_image_000849_25f88a65.jpg,level_2/patient_image_000849_25f88a65.jpg,train,2,46,0,0,0,0,14
patient_image_000850_4194fb35.jpg,level_2/patient_image_000850_4194fb35.jpg,train,2,46,0,1,0,0,13
patient_image_000851_0979f2bc.jpg,level_2/patient_image_000851_0979f2bc.jpg,train,2,46,0,0,0,0,14
patient_image_000852_74a5a273.jpg,level_3/patient_image_000852_74a5a273.jpg,train,3,47,0,0,0,0,14
patient_image_000853_4a999514.jpg,level_2/patient_image_000853_4a999514.jpg,train,2,47,0,2,0,0,12
patient_image_000854_3a1d5798.jpg,level_2/patient_image_000854_3a1d5798.jpg,train,2,47,0,0,0,0,14
patient_image_000855_16657812.jpg,level_2/patient_image_000855_16657812.jpg,train,2,47,0,0,0,0,14
patient_image_000857_9e6c029e.jpg,level_2/patient_image_000857_9e6c029e.jpg,train,2,47,0,0,0,0,14
patient_image_000858_f3bfe969.jpg,level_3/patient_image_000858_f3bfe969.jpg,train,3,47,0,0,2,0,13
patient_image_000859_72022976.jpg,level_2/patient_image_000859_72022976.jpg,train,2,47,0,2,0,0,12
patient_image_000860_8e2c267e.jpg,level_2/patient_image_000860_8e2c267e.jpg,train,2,47,0,3,0,0,11
patient_image_000863_5ae729c9.jpg,level_2/patient_image_000863_5ae729c9.jpg,train,2,47,0,1,0,0,14
patient_image_000864_341d6da3.jpg,level_2/patient_image_000864_341d6da3.jpg,train,2,47,0,0,0,0,14
patient_image_000865_4b0dc78d.jpg,level_2/patient_image_000865_4b0dc78d.jpg,train,2,48,0,0,0,0,14
patient_image_000866_1423c747.jpg,level_3/patient_image_000866_1423c747.jpg,train,3,48,0,2,0,1,11
patient_image_000869_b1fe361e.jpg,level_2/patient_image_000869_b1fe361e.jpg,train,2,48,0,0,0,0,14
patient_image_000870_642f835a.jpg,level_2/patient_image_000870_642f835a.jpg,train,2,48,0,0,0,0,14
patient_image_000871_f381b0ff.jpg,level_2/patient_image_000871_f381b0ff.jpg,train,2,48,0,1,1,0,14
patient_image_000872_e7b5ae4d.jpg,level_3/patient_image_000872_e7b5ae4d.jpg,train,3,48,0,0,0,0,14
patient_image_000873_d1d7765c.jpg,level_2/patient_image_000873_d1d7765c.jpg,train,2,48,0,2,1,0,12
patient_image_000874_5284b7ef.jpg,level_2/patient_image_000874_5284b7ef.jpg,train,2,48,0,0,0,0,14
patient_image_000875_2bb035cf.jpg,level_3/patient_image_000875_2bb035cf.jpg,train,3,48,0,5,0,3,6
patient_image_000876_8bff4438.jpg,level_2/patient_image_000876_8bff4438.jpg,train,2,48,0,0,0,0,14
patient_image_000877_b1ceecdc.jpg,level_3/patient_image_000877_b1ceecdc.jpg,train,3,49,0,3,2,0,13
patient_image_000878_875e2e77.jpg,level_2/patient_image_000878_875e2e77.jpg,train,2,49,0,0,0,0,14
patient_image_000879_36664244.jpg,level_3/patient_image_000879_36664244.jpg,train,3,49,0,2,0,0,12
patient_image_000881_146cdfad.jpg,level_2/patient_image_000881_146cdfad.jpg,train,2,50,0,0,0,0,14
patient_image_000885_948ef462.jpg,level_3/patient_image_000885_948ef462.jpg,train,3,50,0,5,0,0,11
patient_image_000886_0c0d306d.jpg,level_3/patient_image_000886_0c0d306d.jpg,train,3,50,0,0,0,0,14
patient_image_000888_b8bb68c6.jpg,level_2/patient_image_000888_b8bb68c6.jpg,train,2,51,0,0,0,0,14
patient_image_000890_713ba732.jpg,level_3/patient_image_000890_713ba732.jpg,train,3,51,0,0,0,1,13
patient_image_000891_45af6884.jpg,level_3/patient_image_000891_45af6884.jpg,train,3,51,0,2,0,0,12
patient_image_000892_e5a9e87b.jpg,level_3/patient_image_000892_e5a9e87b.jpg,train,3,51,0,19,0,1,1
patient_image_000893_ccf31a18.jpg,level_3/patient_image_000893_ccf31a18.jpg,train,3,51,0,0,0,0,14
patient_image_000894_c6d2f032.jpg,level_2/patient_image_000894_c6d2f032.jpg,train,2,51,0,1,0,0,14
patient_image_000896_324b8843.jpg,level_2/patient_image_000896_324b8843.jpg,train,2,52,0,0,0,0,14
patient_image_000897_546c2ab0.jpg,level_2/patient_image_000897_546c2ab0.jpg,train,2,52,0,0,0,0,14
patient_image_000898_413e81cb.jpg,level_1/patient_image_000898_413e81cb.jpg,train,1,53,0,1,1,0,14
patient_image_000899_4252589f.jpg,level_3/patient_image_000899_4252589f.jpg,train,3,53,0,0,0,0,14
patient_image_000900_1f174f64.jpg,level_1/patient_image_000900_1f174f64.jpg,train,1,53,0,0,0,0,14
patient_image_000901_858abd3d.jpg,level_2/patient_image_000901_858abd3d.jpg,train,2,53,0,2,0,0,12
patient_image_000902_8fe039b3.jpg,level_3/patient_image_000902_8fe039b3.jpg,train,3,53,0,9,0,2,6
patient_image_000904_89d0531b.jpg,level_3/patient_image_000904_89d0531b.jpg,train,3,53,0,1,0,0,14
patient_image_000906_05b770d1.jpg,level_3/patient_image_000906_05b770d1.jpg,train,3,53,0,2,0,2,10
patient_image_000907_ae7c6e8e.jpg,level_3/patient_image_000907_ae7c6e8e.jpg,train,3,53,0,0,0,0,14
patient_image_000908_766c56d1.jpg,level_3/patient_image_000908_766c56d1.jpg,train,3,54,0,6,0,0,9
patient_image_000909_a765f5e9.jpg,level_2/patient_image_000909_a765f5e9.jpg,train,2,54,0,1,0,0,13
patient_image_000910_204d5bd8.jpg,level_2/patient_image_000910_204d5bd8.jpg,train,2,54,0,4,0,0,12
patient_image_000911_3bd02bd3.jpg,level_2/patient_image_000911_3bd02bd3.jpg,train,2,54,0,2,0,3,9
patient_image_000915_08d9efeb.jpg,level_3/patient_image_000915_08d9efeb.jpg,train,3,55,0,2,0,1,11
patient_image_000916_30aa6d22.jpg,level_2/patient_image_000916_30aa6d22.jpg,train,2,56,0,0,0,0,14
patient_image_000917_b23de782.jpg,level_2/patient_image_000917_b23de782.jpg,train,2,56,0,5,0,0,9
patient_image_000923_06d8f7f4.jpg,level_3/patient_image_000923_06d8f7f4.jpg,train,3,57,0,5,2,0,9
patient_image_000924_f91b651d.jpg,level_2/patient_image_000924_f91b651d.jpg,train,2,57,0,3,2,0,13
patient_image_000926_3d3023d0.jpg,level_3/patient_image_000926_3d3023d0.jpg,train,3,57,0,8,0,0,8
patient_image_000929_b456167d.jpg,level_3/patient_image_000929_b456167d.jpg,train,3,57,0,4,0,0,12
patient_image_000930_14111415.jpg,level_2/patient_image_000930_14111415.jpg,train,2,58,0,6,0,3,11
patient_image_000931_01bf68c2.jpg,level_2/patient_image_000931_01bf68c2.jpg,train,2,59,0,0,0,0,14
patient_image_000935_3ac31c34.jpg,level_2/patient_image_000935_3ac31c34.jpg,train,2,60,0,0,0,0,14
patient_image_000938_93f271fb.jpg,level_2/patient_image_000938_93f271fb.jpg,train,2,60,0,0,0,1,13
patient_image_000939_16426d51.jpg,level_2/patient_image_000939_16426d51.jpg,train,2,60,0,0,0,1,13
patient_image_000941_d3154c55.jpg,level_2/patient_image_000941_d3154c55.jpg,train,2,61,0,2,1,1,13
patient_image_000945_21f7d851.jpg,level_3/patient_image_000945_21f7d851.jpg,train,3,61,0,8,0,3,5
patient_image_000946_cdaa5ec8.jpg,level_3/patient_image_000946_cdaa5ec8.jpg,train,3,61,0,6,4,0,9
patient_image_000947_2a160f96.jpg,level_3/patient_image_000947_2a160f96.jpg,train,3,61,0,0,0,0,14
patient_image_000951_4cd21fcb.jpg,level_2/patient_image_000951_4cd21fcb.jpg,train,2,62,0,3,2,0,13
patient_image_000953_280dea9c.jpg,level_3/patient_image_000953_280dea9c.jpg,train,3,62,0,0,0,0,16
patient_image_000955_5537ffe3.jpg,level_2/patient_image_000955_5537ffe3.jpg,train,2,62,0,8,7,0,8
patient_image_000957_7529424b.jpg,level_2/patient_image_000957_7529424b.jpg,train,2,63,0,0,0,0,14
patient_image_000959_5b25236e.jpg,level_3/patient_image_000959_5b25236e.jpg,train,3,63,0,9,7,0,7
patient_image_000960_c07b9ae8.jpg,level_3/patient_image_000960_c07b9ae8.jpg,train,3,64,0,3,0,0,11
patient_image_000961_8e8fba7e.jpg,level_3/patient_image_000961_8e8fba7e.jpg,train,3,64,0,5,0,0,9
patient_image_000963_ab22a961.jpg,level_3/patient_image_000963_ab22a961.jpg,train,3,65,0,16,7,3,11
patient_image_000964_b93724df.jpg,level_3/patient_image_000964_b93724df.jpg,train,3,65,0,21,7,0,14
patient_image_000965_e6cf2b34.jpg,level_2/patient_image_000965_e6cf2b34.jpg,train,2,65,0,3,0,0,11
patient_image_000966_6c11540b.jpg,level_3/patient_image_000966_6c11540b.jpg,train,3,65,0,11,0,0,8
patient_image_000968_4abfef05.jpg,level_3/patient_image_000968_4abfef05.jpg,train,3,66,0,6,0,0,10
patient_image_000969_55482bfd.jpg,level_2/patient_image_000969_55482bfd.jpg,train,2,66,0,6,0,7,4
patient_image_000970_8ce3e7bf.jpg,level_2/patient_image_000970_8ce3e7bf.jpg,train,2,66,0,10,0,0,6
patient_image_000974_e48a0909.jpg,level_1/patient_image_000974_e48a0909.jpg,train,1,67,0,1,1,0,14
patient_image_000975_01461997.jpg,level_3/patient_image_000975_01461997.jpg,train,3,67,0,1,0,0,13
patient_image_000976_fedf47e3.jpg,level_2/patient_image_000976_fedf47e3.jpg,train,2,67,0,4,2,0,12
patient_image_000978_b7639c55.jpg,level_2/patient_image_000978_b7639c55.jpg,train,2,67,0,16,0,0,1
patient_image_000979_83788988.jpg,level_3/patient_image_000979_83788988.jpg,train,3,67,0,6,0,1,8
patient_image_000981_4b6907de.jpg,level_3/patient_image_000981_4b6907de.jpg,train,3,68,0,7,2,0,11
patient_image_000983_2d374442.jpg,level_3/patient_image_000983_2d374442.jpg,train,3,68,0,13,0,3,1
patient_image_000984_2be05c0e.jpg,level_3/patient_image_000984_2be05c0e.jpg,train,3,68,0,5,4,0,14
patient_image_000985_4d559869.jpg,level_1/patient_image_000985_4d559869.jpg,train,1,69,0,0,0,0,14
patient_image_000986_28690d2c.jpg,level_2/patient_image_000986_28690d2c.jpg,train,2,69,0,5,0,0,10
patient_image_000987_486374cb.jpg,level_2/patient_image_000987_486374cb.jpg,train,2,70,0,3,0,2,11
patient_image_000990_308204dc.jpg,level_2/patient_image_000990_308204dc.jpg,train,2,70,0,1,0,0,13
patient_image_000991_f7b251fe.jpg,level_3/patient_image_000991_f7b251fe.jpg,train,3,70,0,14,0,0,7
patient_image_000992_57c05974.jpg,level_2/patient_image_000992_57c05974.jpg,train,2,70,0,3,1,0,13
patient_image_000993_da7460f6.jpg,level_2/patient_image_000993_da7460f6.jpg,train,2,70,0,13,0,0,5
patient_image_000994_46087cfd.jpg,level_2/patient_image_000994_46087cfd.jpg,train,2,71,0,5,3,0,14
patient_image_000996_62c829da.jpg,level_2/patient_image_000996_62c829da.jpg,train,2,72,0,9,0,5,4
patient_image_000997_d2bb8686.jpg,level_2/patient_image_000997_d2bb8686.jpg,train,2,72,0,2,0,0,14
patient_image_000998_f7bedb65.jpg,level_3/patient_image_000998_f7bedb65.jpg,train,3,72,0,15,0,1,2
patient_image_000999_0f12d6fc.jpg,level_2/patient_image_000999_0f12d6fc.jpg,train,2,73,0,12,0,0,5
patient_image_001000_8e54f250.jpg,level_2/patient_image_001000_8e54f250.jpg,train,2,73,0,3,0,0,11
patient_image_001001_5a3ad0a5.jpg,level_2/patient_image_001001_5a3ad0a5.jpg,train,2,74,0,4,0,4,8
patient_image_001003_c2ff7e8b.jpg,level_2/patient_image_001003_c2ff7e8b.jpg,train,2,74,0,4,2,1,11
patient_image_001004_d0129a16.jpg,level_3/patient_image_001004_d0129a16.jpg,train,3,74,0,3,0,2,10
patient_image_001006_a96c349d.jpg,level_3/patient_image_001006_a96c349d.jpg,train,3,75,0,3,1,0,13
patient_image_001007_78fcccb8.jpg,level_2/patient_image_001007_78fcccb8.jpg,train,2,75,0,1,0,1,13
patient_image_000010_5ed86d8c.jpg,level_1/patient_image_000010_5ed86d8c.jpg,validation,1,20,1,0,0,0,14
patient_image_000018_38bd4f5d.jpg,level_2/patient_image_000018_38bd4f5d.jpg,validation,2,21,1,0,0,0,14
patient_image_000047_689da8a4.jpg,level_3/patient_image_000047_689da8a4.jpg,validation,3,22,1,0,0,0,14
patient_image_000050_8035801c.jpg,level_3/patient_image_000050_8035801c.jpg,validation,3,22,1,0,0,0,14
patient_image_000052_bb58bec5.jpg,level_2/patient_image_000052_bb58bec5.jpg,validation,2,23,1,1,0,0,13
patient_image_000055_084cf9be.jpg,level_1/patient_image_000055_084cf9be.jpg,validation,1,23,1,0,0,0,14
patient_image_000061_2d347679.jpg,level_1/patient_image_000061_2d347679.jpg,validation,1,23,1,0,0,0,14
patient_image_000063_d9146af9.jpg,level_3/patient_image_000063_d9146af9.jpg,validation,3,23,1,0,0,0,14
patient_image_000065_f269e0d0.jpg,level_1/patient_image_000065_f269e0d0.jpg,validation,1,24,1,0,0,0,14
patient_image_000091_402cb864.jpg,level_2/patient_image_000091_402cb864.jpg,validation,2,25,1,0,0,0,14
patient_image_000104_412f98d8.jpg,level_3/patient_image_000104_412f98d8.jpg,validation,3,26,1,0,0,0,14
patient_image_000111_3f5d902f.jpg,level_2/patient_image_000111_3f5d902f.jpg,validation,2,26,1,0,0,0,14
patient_image_000115_42f04a2c.jpg,level_3/patient_image_000115_42f04a2c.jpg,validation,3,26,1,4,0,0,10
patient_image_000118_dddc8ac1.jpg,level_2/patient_image_000118_dddc8ac1.jpg,validation,2,26,1,0,0,0,14
patient_image_000124_33072be7.jpg,level_2/patient_image_000124_33072be7.jpg,validation,2,27,1,1,1,0,13
patient_image_000126_476f739a.jpg,level_2/patient_image_000126_476f739a.jpg,validation,2,27,1,0,0,0,14
patient_image_000127_924013a0.jpg,level_2/patient_image_000127_924013a0.jpg,validation,2,27,1,4,0,0,12
patient_image_000145_2f22d13c.jpg,level_3/patient_image_000145_2f22d13c.jpg,validation,3,28,1,0,0,0,14
patient_image_000151_5b6399fb.jpg,level_2/patient_image_000151_5b6399fb.jpg,validation,2,28,1,1,0,0,13
patient_image_000155_0feacd58.jpg,level_2/patient_image_000155_0feacd58.jpg,validation,2,28,1,0,0,0,14
patient_image_000157_47aabf62.jpg,level_1/patient_image_000157_47aabf62.jpg,validation,1,28,1,0,0,0,14
patient_image_000162_e8668d74.jpg,level_2/patient_image_000162_e8668d74.jpg,validation,2,28,1,0,0,0,14
patient_image_000164_d523bc1b.jpg,level_2/patient_image_000164_d523bc1b.jpg,validation,2,29,1,0,0,0,14
patient_image_000165_e2aac68a.jpg,level_2/patient_image_000165_e2aac68a.jpg,validation,2,29,1,4,0,0,12
patient_image_000184_8ce19f36.jpg,level_3/patient_image_000184_8ce19f36.jpg,validation,3,30,1,0,0,0,14
patient_image_000188_a18e833b.jpg,level_2/patient_image_000188_a18e833b.jpg,validation,2,30,1,0,0,0,14
patient_image_000205_eadd10df.jpg,level_3/patient_image_000205_eadd10df.jpg,validation,3,32,1,3,0,0,11
patient_image_000212_a5293eb5.jpg,level_2/patient_image_000212_a5293eb5.jpg,validation,2,32,1,0,0,0,14
patient_image_000214_ea26e5ea.jpg,level_2/patient_image_000214_ea26e5ea.jpg,validation,2,32,1,0,0,0,14
patient_image_000216_cc3ec1c0.jpg,level_2/patient_image_000216_cc3ec1c0.jpg,validation,2,32,1,0,0,0,14
patient_image_000226_e281f557.jpg,level_1/patient_image_000226_e281f557.jpg,validation,1,33,1,0,0,0,14
patient_image_000227_55be1c29.jpg,level_1/patient_image_000227_55be1c29.jpg,validation,1,33,1,0,0,0,14
patient_image_000229_2b0fefdd.jpg,level_2/patient_image_000229_2b0fefdd.jpg,validation,2,33,1,0,0,0,14
patient_image_000230_261d0b66.jpg,level_3/patient_image_000230_261d0b66.jpg,validation,3,33,1,1,0,0,13
patient_image_000233_7ead2232.jpg,level_2/patient_image_000233_7ead2232.jpg,validation,2,33,1,0,0,0,14
patient_image_000242_f0ec8ed0.jpg,level_3/patient_image_000242_f0ec8ed0.jpg,validation,3,34,1,0,0,0,14
patient_image_000245_706582cc.jpg,level_2/patient_image_000245_706582cc.jpg,validation,2,34,1,0,0,0,14
patient_image_000247_f89a6d0e.jpg,level_2/patient_image_000247_f89a6d0e.jpg,validation,2,34,1,0,0,0,14
patient_image_000248_43ee171f.jpg,level_2/patient_image_000248_43ee171f.jpg,validation,2,35,1,0,0,0,14
patient_image_000249_e95ef28e.jpg,level_2/patient_image_000249_e95ef28e.jpg,validation,2,35,1,0,0,0,14
patient_image_000265_e3791f4c.jpg,level_3/patient_image_000265_e3791f4c.jpg,validation,3,36,1,1,0,0,13
patient_image_000269_36d706fb.jpg,level_3/patient_image_000269_36d706fb.jpg,validation,3,36,1,0,0,0,14
patient_image_000270_b8e4c66b.jpg,level_2/patient_image_000270_b8e4c66b.jpg,validation,2,36,1,1,1,0,13
patient_image_000279_ba5256ba.jpg,level_2/patient_image_000279_ba5256ba.jpg,validation,2,37,1,0,0,0,14
patient_image_000293_c43ad7c2.jpg,level_2/patient_image_000293_c43ad7c2.jpg,validation,2,39,1,2,2,0,14
patient_image_000304_229e35a3.jpg,level_3/patient_image_000304_229e35a3.jpg,validation,3,40,1,0,0,0,14
patient_image_000305_ef876e53.jpg,level_3/patient_image_000305_ef876e53.jpg,validation,3,40,1,0,0,0,14
patient_image_000313_3503b411.jpg,level_2/patient_image_000313_3503b411.jpg,validation,2,40,1,4,0,0,12
patient_image_000318_9ff0fd8a.jpg,level_2/patient_image_000318_9ff0fd8a.jpg,validation,2,41,1,0,0,0,14
patient_image_000330_8bc84559.jpg,level_3/patient_image_000330_8bc84559.jpg,validation,3,43,1,0,0,0,14
patient_image_000342_0ff62192.jpg,level_2/patient_image_000342_0ff62192.jpg,validation,2,45,1,0,0,0,14
patient_image_000350_b70017ca.jpg,level_2/patient_image_000350_b70017ca.jpg,validation,2,46,1,1,1,0,13
patient_image_000355_0d059ce2.jpg,level_2/patient_image_000355_0d059ce2.jpg,validation,2,47,1,0,1,0,14
patient_image_000358_284e4ef8.jpg,level_2/patient_image_000358_284e4ef8.jpg,validation,2,47,1,0,0,0,14
patient_image_000361_06ea70b2.jpg,level_2/patient_image_000361_06ea70b2.jpg,validation,2,47,1,0,0,0,14
patient_image_000362_37ddc399.jpg,level_3/patient_image_000362_37ddc399.jpg,validation,3,47,1,0,0,0,14
patient_image_000369_3ad2d68e.jpg,level_2/patient_image_000369_3ad2d68e.jpg,validation,2,48,1,0,0,0,14
patient_image_000370_ffbf9936.jpg,level_3/patient_image_000370_ffbf9936.jpg,validation,3,48,1,2,0,0,12
patient_image_000372_5cfc0a21.jpg,level_3/patient_image_000372_5cfc0a21.jpg,validation,3,48,1,0,0,0,14
patient_image_000376_85573db8.jpg,level_2/patient_image_000376_85573db8.jpg,validation,2,51,1,0,0,0,14
patient_image_000377_32ca1cbf.jpg,level_2/patient_image_000377_32ca1cbf.jpg,validation,2,51,1,0,0,0,14
patient_image_000383_d609c8e7.jpg,level_2/patient_image_000383_d609c8e7.jpg,validation,2,52,1,2,0,0,12
patient_image_000387_6615ec0a.jpg,level_2/patient_image_000387_6615ec0a.jpg,validation,2,52,1,5,3,0,13
patient_image_000406_20b82889.jpg,level_2/patient_image_000406_20b82889.jpg,validation,2,56,1,1,0,0,14
patient_image_000420_abc75010.jpg,level_2/patient_image_000420_abc75010.jpg,validation,2,58,1,0,0,0,14
patient_image_000425_0ee856b5.jpg,level_2/patient_image_000425_0ee856b5.jpg,validation,2,59,1,9,4,0,14
patient_image_000426_0fc4fb73.jpg,level_2/patient_image_000426_0fc4fb73.jpg,validation,2,59,1,3,0,2,11
patient_image_000432_08bb0fd2.jpg,level_2/patient_image_000432_08bb0fd2.jpg,validation,2,60,1,3,0,3,9
patient_image_000433_88b215ce.jpg,level_2/patient_image_000433_88b215ce.jpg,validation,2,60,1,3,0,0,13
patient_image_000439_edffeaa6.jpg,level_3/patient_image_000439_edffeaa6.jpg,validation,3,61,1,2,0,0,12
patient_image_000440_10521983.jpg,level_3/patient_image_000440_10521983.jpg,validation,3,61,1,3,0,0,11
patient_image_000442_fa5b3c29.jpg,level_2/patient_image_000442_fa5b3c29.jpg,validation,2,62,1,1,0,6,8
patient_image_000450_a610a63b.jpg,level_2/patient_image_000450_a610a63b.jpg,validation,2,64,1,1,0,2,12
patient_image_000474_d4b38b87.jpg,level_2/patient_image_000474_d4b38b87.jpg,validation,2,70,1,18,0,0,0
patient_image_000477_73435014.jpg,level_2/patient_image_000477_73435014.jpg,validation,2,71,1,2,0,8,8
patient_image_000481_cf7c2117.jpg,level_2/patient_image_000481_cf7c2117.jpg,validation,2,71,1,3,0,0,12
patient_image_000484_f7f90022.jpg,level_2/patient_image_000484_f7f90022.jpg,validation,2,72,1,1,0,1,12
patient_image_000494_fe2e35fa.jpg,level_2/patient_image_000494_fe2e35fa.jpg,validation,2,74,1,1,0,0,14
patient_image_000505_dc092d23.jpg,level_1/patient_image_000505_dc092d23.jpg,validation,1,18,0,0,0,0,14
patient_image_000511_9eb4c057.jpg,level_1/patient_image_000511_9eb4c057.jpg,validation,1,19,0,1,1,0,14
patient_image_000520_7753c29b.jpg,level_1/patient_image_000520_7753c29b.jpg,validation,1,22,0,0,0,0,14
patient_image_000523_b1f5b10f.jpg,level_1/patient_image_000523_b1f5b10f.jpg,validation,1,22,0,0,0,0,14
patient_image_000537_fe1e9818.jpg,level_1/patient_image_000537_fe1e9818.jpg,validation,1,24,0,0,0,0,14
patient_image_000540_f3a19119.jpg,level_1/patient_image_000540_f3a19119.jpg,validation,1,24,0,1,0,0,13
patient_image_000544_b0afee2d.jpg,level_2/patient_image_000544_b0afee2d.jpg,validation,2,24,0,0,0,0,14
patient_image_000545_5a44bfb4.jpg,level_2/patient_image_000545_5a44bfb4.jpg,validation,2,24,0,0,0,0,14
patient_image_000576_0fbbd20d.jpg,level_2/patient_image_000576_0fbbd20d.jpg,validation,2,26,0,0,0,0,14
patient_image_000584_388e239a.jpg,level_3/patient_image_000584_388e239a.jpg,validation,3,26,0,3,0,0,11
patient_image_000587_cea1c4ba.jpg,level_1/patient_image_000587_cea1c4ba.jpg,validation,1,26,0,0,0,0,14
patient_image_000589_28416cf6.jpg,level_1/patient_image_000589_28416cf6.jpg,validation,1,27,0,0,0,0,14
patient_image_000608_32c07746.jpg,level_1/patient_image_000608_32c07746.jpg,validation,1,28,0,0,0,0,14
patient_image_000610_ee46a35a.jpg,level_1/patient_image_000610_ee46a35a.jpg,validation,1,28,0,0,0,0,14
patient_image_000615_e0ec9749.jpg,level_1/patient_image_000615_e0ec9749.jpg,validation,1,29,0,0,0,0,14
patient_image_000621_f3897caa.jpg,level_3/patient_image_000621_f3897caa.jpg,validation,3,29,0,0,0,0,14
patient_image_000647_262f9013.jpg,level_1/patient_image_000647_262f9013.jpg,validation,1,31,0,0,0,0,14
patient_image_000648_fc0e7a10.jpg,level_2/patient_image_000648_fc0e7a10.jpg,validation,2,31,0,0,0,0,14
patient_image_000659_01848364.jpg,level_2/patient_image_000659_01848364.jpg,validation,2,32,0,0,0,0,16
patient_image_000662_d6cdb3d8.jpg,level_1/patient_image_000662_d6cdb3d8.jpg,validation,1,32,0,0,0,0,14
patient_image_000665_9d6ed479.jpg,level_2/patient_image_000665_9d6ed479.jpg,validation,2,32,0,0,0,0,14
patient_image_000667_dfa0686b.jpg,level_1/patient_image_000667_dfa0686b.jpg,validation,1,32,0,0,0,0,14
patient_image_000676_2be85690.jpg,level_1/patient_image_000676_2be85690.jpg,validation,1,33,0,0,0,0,14
patient_image_000690_a5efc744.jpg,level_2/patient_image_000690_a5efc744.jpg,validation,2,34,0,0,0,0,14
patient_image_000705_2420ddd4.jpg,level_2/patient_image_000705_2420ddd4.jpg,validation,2,35,0,0,0,0,14
patient_image_000709_c49f5de7.jpg,level_1/patient_image_000709_c49f5de7.jpg,validation,1,35,0,0,0,0,14
patient_image_000710_487579a1.jpg,level_2/patient_image_000710_487579a1.jpg,validation,2,35,0,0,0,0,14
patient_image_000720_50c76c73.jpg,level_2/patient_image_000720_50c76c73.jpg,validation,2,36,0,0,0,0,14
patient_image_000723_95b5e27c.jpg,level_1/patient_image_000723_95b5e27c.jpg,validation,1,36,0,0,0,0,14
patient_image_000726_2f3a2acb.jpg,level_2/patient_image_000726_2f3a2acb.jpg,validation,2,36,0,0,0,0,14
patient_image_000729_fe499a1a.jpg,level_2/patient_image_000729_fe499a1a.jpg,validation,2,36,0,0,0,0,14
patient_image_000735_4c06fd9d.jpg,level_2/patient_image_000735_4c06fd9d.jpg,validation,2,37,0,2,0,0,13
patient_image_000758_82023b9e.jpg,level_2/patient_image_000758_82023b9e.jpg,validation,2,38,0,0,0,0,14
patient_image_000760_2cccafd9.jpg,level_3/patient_image_000760_2cccafd9.jpg,validation,3,38,0,0,0,0,14
patient_image_000785_ae6c1f79.jpg,level_2/patient_image_000785_ae6c1f79.jpg,validation,2,41,0,0,0,0,14
patient_image_000790_dc67a190.jpg,level_2/patient_image_000790_dc67a190.jpg,validation,2,41,0,2,0,0,12
patient_image_000799_806467b4.jpg,level_2/patient_image_000799_806467b4.jpg,validation,2,42,0,0,0,0,14
patient_image_000809_3789ffc4.jpg,level_2/patient_image_000809_3789ffc4.jpg,validation,2,42,0,0,0,0,14
patient_image_000810_4aa8287f.jpg,level_3/patient_image_000810_4aa8287f.jpg,validation,3,42,0,4,0,0,14
patient_image_000822_a875a6d8.jpg,level_2/patient_image_000822_a875a6d8.jpg,validation,2,43,0,2,0,0,13
patient_image_000835_5a9a8c42.jpg,level_2/patient_image_000835_5a9a8c42.jpg,validation,2,45,0,0,0,0,14
patient_image_000845_a53d6d29.jpg,level_1/patient_image_000845_a53d6d29.jpg,validation,1,46,0,2,2,0,13
patient_image_000856_d5957e5e.jpg,level_2/patient_image_000856_d5957e5e.jpg,validation,2,47,0,0,0,0,14
patient_image_000861_aabc76f1.jpg,level_1/patient_image_000861_aabc76f1.jpg,validation,1,47,0,0,0,1,13
patient_image_000867_8b9e11bb.jpg,level_2/patient_image_000867_8b9e11bb.jpg,validation,2,48,0,0,0,0,14
patient_image_000868_0dc83ef9.jpg,level_3/patient_image_000868_0dc83ef9.jpg,validation,3,48,0,2,0,0,12
patient_image_000882_b7d0c270.jpg,level_3/patient_image_000882_b7d0c270.jpg,validation,3,50,0,2,0,0,12
patient_image_000883_27fe38a5.jpg,level_3/patient_image_000883_27fe38a5.jpg,validation,3,50,0,6,2,0,8
patient_image_000889_874fa821.jpg,level_2/patient_image_000889_874fa821.jpg,validation,2,51,0,0,0,0,14
patient_image_000905_aa2ae462.jpg,level_3/patient_image_000905_aa2ae462.jpg,validation,3,53,0,2,0,1,11
patient_image_000913_095ba72f.jpg,level_3/patient_image_000913_095ba72f.jpg,validation,3,54,0,4,0,0,10
patient_image_000914_ad63dc7c.jpg,level_2/patient_image_000914_ad63dc7c.jpg,validation,2,55,0,0,0,0,14
patient_image_000921_3ef89be2.jpg,level_3/patient_image_000921_3ef89be2.jpg,validation,3,57,0,1,0,0,13
patient_image_000922_8b62597b.jpg,level_2/patient_image_000922_8b62597b.jpg,validation,2,57,0,2,0,4,9
patient_image_000925_a86ca7cd.jpg,level_3/patient_image_000925_a86ca7cd.jpg,validation,3,57,0,0,0,0,14
patient_image_000928_729777d4.jpg,level_2/patient_image_000928_729777d4.jpg,validation,2,57,0,0,0,0,14
patient_image_000932_0552ad9c.jpg,level_3/patient_image_000932_0552ad9c.jpg,validation,3,59,0,0,0,0,14
patient_image_000933_d33b6121.jpg,level_2/patient_image_000933_d33b6121.jpg,validation,2,60,0,1,1,0,14
patient_image_000936_75644305.jpg,level_3/patient_image_000936_75644305.jpg,validation,3,60,0,3,0,1,13
patient_image_000940_198a6c6c.jpg,level_3/patient_image_000940_198a6c6c.jpg,validation,3,60,0,4,0,6,7
patient_image_000943_2b5ab9e7.jpg,level_3/patient_image_000943_2b5ab9e7.jpg,validation,3,61,0,4,0,0,10
patient_image_000944_a3249312.jpg,level_3/patient_image_000944_a3249312.jpg,validation,3,61,0,12,0,9,2
patient_image_000949_33548461.jpg,level_2/patient_image_000949_33548461.jpg,validation,2,61,0,4,3,0,12
patient_image_000952_2540af2c.jpg,level_2/patient_image_000952_2540af2c.jpg,validation,2,62,0,0,0,0,14
patient_image_000962_e08a6c00.jpg,level_3/patient_image_000962_e08a6c00.jpg,validation,3,64,0,15,0,2,0
patient_image_000973_32bcd5ac.jpg,level_3/patient_image_000973_32bcd5ac.jpg,validation,3,67,0,9,0,4,5
patient_image_000980_e117f479.jpg,level_2/patient_image_000980_e117f479.jpg,validation,2,68,0,0,0,0,14
patient_image_000982_191afad0.jpg,level_2/patient_image_000982_191afad0.jpg,validation,2,68,0,1,0,1,13
patient_image_000995_44258a3c.jpg,level_2/patient_image_000995_44258a3c.jpg,validation,2,72,0,3,0,0,12
patient_image_001002_1ab89507.jpg,level_3/patient_image_001002_1ab89507.jpg,validation,3,74,0,18,0,7,0
patient_image_001005_8a2d932c.jpg,level_2/patient_image_001005_8a2d932c.jpg,validation,2,74,0,8,0,0,9
patient_image_000001_07f48740.jpg,level_1/patient_image_000001_07f48740.jpg,test,1,18,1,0,0,0,14
patient_image_000002_4bb31c71.jpg,level_3/patient_image_000002_4bb31c71.jpg,test,3,18,1,4,0,0,12
patient_image_000006_4aa37c68.jpg,level_1/patient_image_000006_4aa37c68.jpg,test,1,19,1,0,0,0,14
patient_image_000009_ea22106e.jpg,level_2/patient_image_000009_ea22106e.jpg,test,2,20,1,0,0,0,14
patient_image_000012_86f50079.jpg,level_2/patient_image_000012_86f50079.jpg,test,2,20,1,1,0,1,12
patient_image_000017_ca4081d6.jpg,level_2/patient_image_000017_ca4081d6.jpg,test,2,20,1,0,0,0,14
patient_image_000048_8f55577f.jpg,level_2/patient_image_000048_8f55577f.jpg,test,2,22,1,0,0,0,14
patient_image_000054_83210bea.jpg,level_1/patient_image_000054_83210bea.jpg,test,1,23,1,0,0,0,14
patient_image_000059_473456db.jpg,level_3/patient_image_000059_473456db.jpg,test,3,23,1,0,0,0,14
patient_image_000064_5e3832ed.jpg,level_1/patient_image_000064_5e3832ed.jpg,test,1,23,1,0,0,0,14
patient_image_000067_0aab16a7.jpg,level_2/patient_image_000067_0aab16a7.jpg,test,2,24,1,0,0,0,14
patient_image_000068_ba92024d.jpg,level_2/patient_image_000068_ba92024d.jpg,test,2,24,1,0,0,0,14
patient_image_000072_24a7ca89.jpg,level_2/patient_image_000072_24a7ca89.jpg,test,2,24,1,0,0,0,14
patient_image_000074_0c02a5f3.jpg,level_3/patient_image_000074_0c02a5f3.jpg,test,3,24,1,0,0,0,14
patient_image_000078_888484a1.jpg,level_2/patient_image_000078_888484a1.jpg,test,2,25,1,1,0,0,13
patient_image_000080_62c2ce97.jpg,level_3/patient_image_000080_62c2ce97.jpg,test,3,25,1,0,0,0,14
patient_image_000092_3c5a3b75.jpg,level_3/patient_image_000092_3c5a3b75.jpg,test,3,25,1,0,0,0,14
patient_image_000093_c5658ef3.jpg,level_2/patient_image_000093_c5658ef3.jpg,test,2,25,1,0,0,0,14
patient_image_000099_5a285290.jpg,level_2/patient_image_000099_5a285290.jpg,test,2,26,1,0,0,0,14
patient_image_000112_fa49a120.jpg,level_3/patient_image_000112_fa49a120.jpg,test,3,26,1,0,0,0,14
patient_image_000122_36a9e7b6.jpg,level_2/patient_image_000122_36a9e7b6.jpg,test,2,27,1,0,0,0,14
patient_image_000130_ac295d3a.jpg,level_2/patient_image_000130_ac295d3a.jpg,test,2,27,1,0,0,0,14
patient_image_000146_23d86546.jpg,level_3/patient_image_000146_23d86546.jpg,test,3,28,1,1,0,0,13
patient_image_000152_2fac999b.jpg,level_1/patient_image_000152_2fac999b.jpg,test,1,28,1,0,0,0,14
patient_image_000158_1a300db2.jpg,level_1/patient_image_000158_1a300db2.jpg,test,1,28,1,0,0,0,14
patient_image_000163_a7b2d449.jpg,level_3/patient_image_000163_a7b2d449.jpg,test,3,29,1,0,0,0,14
patient_image_000175_ee6df398.jpg,level_1/patient_image_000175_ee6df398.jpg,test,1,29,1,0,0,0,14
patient_image_000180_37c4646e.jpg,level_2/patient_image_000180_37c4646e.jpg,test,2,29,1,0,0,0,14
patient_image_000181_aea20064.jpg,level_3/patient_image_000181_aea20064.jpg,test,3,29,1,0,0,0,14
patient_image_000186_7c3fbae5.jpg,level_1/patient_image_000186_7c3fbae5.jpg,test,1,30,1,1,0,0,13
patient_image_000189_2b1f297a.jpg,level_3/patient_image_000189_2b1f297a.jpg,test,3,30,1,3,0,1,12
patient_image_000191_b8777160.jpg,level_3/patient_image_000191_b8777160.jpg,test,3,30,1,0,0,0,14
patient_image_000203_71f4669d.jpg,level_2/patient_image_000203_71f4669d.jpg,test,2,31,1,0,0,0,14
patient_image_000219_9770f2b9.jpg,level_2/patient_image_000219_9770f2b9.jpg,test,2,32,1,0,0,1,13
patient_image_000220_1fc8f48e.jpg,level_2/patient_image_000220_1fc8f48e.jpg,test,2,32,1,0,0,0,14
patient_image_000221_e7d95fd5.jpg,level_2/patient_image_000221_e7d95fd5.jpg,test,2,32,1,0,0,0,14
patient_image_000224_654a73ca.jpg,level_3/patient_image_000224_654a73ca.jpg,test,3,33,1,0,0,0,14
patient_image_000228_5a0ce58e.jpg,level_2/patient_image_000228_5a0ce58e.jpg,test,2,33,1,0,0,0,14
patient_image_000238_80d8ba1c.jpg,level_2/patient_image_000238_80d8ba1c.jpg,test,2,34,1,0,0,0,14
patient_image_000241_14c1c28a.jpg,level_3/patient_image_000241_14c1c28a.jpg,test,3,34,1,4,0,0,12
patient_image_000264_6689da5e.jpg,level_3/patient_image_000264_6689da5e.jpg,test,3,36,1,1,1,0,14
patient_image_000286_083cb465.jpg,level_2/patient_image_000286_083cb465.jpg,test,2,38,1,0,0,0,14
patient_image_000287_f3effd41.jpg,level_3/patient_image_000287_f3effd41.jpg,test,3,38,1,0,0,0,14
patient_image_000294_1c448f4a.jpg,level_3/patient_image_000294_1c448f4a.jpg,test,3,39,1,1,0,1,12
patient_image_000296_ed406614.jpg,level_2/patient_image_000296_ed406614.jpg,test,2,39,1,2,2,0,14
patient_image_000309_077fbe7a.jpg,level_2/patient_image_000309_077fbe7a.jpg,test,2,40,1,0,0,0,14
patient_image_000314_68da0c82.jpg,level_2/patient_image_000314_68da0c82.jpg,test,2,41,1,3,0,0,11
patient_image_000317_4794d92a.jpg,level_2/patient_image_000317_4794d92a.jpg,test,2,41,1,0,0,0,14
patient_image_000323_b4b4b90e.jpg,level_2/patient_image_000323_b4b4b90e.jpg,test,2,42,1,0,0,0,14
patient_image_000325_6743f950.jpg,level_2/patient_image_000325_6743f950.jpg,test,2,42,1,0,0,0,14
patient_image_000331_e16f26da.jpg,level_2/patient_image_000331_e16f26da.jpg,test,2,43,1,0,0,0,14
patient_image_000335_36dd9d92.jpg,level_2/patient_image_000335_36dd9d92.jpg,test,2,43,1,0,0,0,14
patient_image_000338_936ade8e.jpg,level_2/patient_image_000338_936ade8e.jpg,test,2,44,1,2,2,0,14
patient_image_000344_be19a86f.jpg,level_2/patient_image_000344_be19a86f.jpg,test,2,45,1,0,0,0,14
patient_image_000349_3074f911.jpg,level_2/patient_image_000349_3074f911.jpg,test,2,46,1,1,0,0,13
patient_image_000373_5b50e5ce.jpg,level_2/patient_image_000373_5b50e5ce.jpg,test,2,48,1,0,0,0,14
patient_image_000381_9c27535d.jpg,level_2/patient_image_000381_9c27535d.jpg,test,2,52,1,0,0,0,14
patient_image_000385_c98d53b0.jpg,level_2/patient_image_000385_c98d53b0.jpg,test,2,52,1,4,2,5,9
patient_image_000386_245dcbc1.jpg,level_2/patient_image_000386_245dcbc1.jpg,test,2,52,1,0,0,0,14
patient_image_000398_61f8b447.jpg,level_2/patient_image_000398_61f8b447.jpg,test,2,54,1,0,0,0,14
patient_image_000400_6eafcc29.jpg,level_2/patient_image_000400_6eafcc29.jpg,test,2,54,1,1,0,0,13
patient_image_000419_59039767.jpg,level_2/patient_image_000419_59039767.jpg,test,2,58,1,3,1,0,14
patient_image_000421_c1094673.jpg,level_3/patient_image_000421_c1094673.jpg,test,3,58,1,0,0,0,14
patient_image_000434_e0719487.jpg,level_2/patient_image_000434_e0719487.jpg,test,2,60,1,5,3,0,14
patient_image_000441_6a673d62.jpg,level_2/patient_image_000441_6a673d62.jpg,test,2,62,1,3,0,0,11
patient_image_000444_4592f458.jpg,level_1/patient_image_000444_4592f458.jpg,test,1,63,1,1,0,1,12
patient_image_000447_b27cf611.jpg,level_2/patient_image_000447_b27cf611.jpg,test,2,63,1,1,0,2,11
patient_image_000451_0d40c3ec.jpg,level_2/patient_image_000451_0d40c3ec.jpg,test,2,64,1,4,0,2,10
patient_image_000459_c4fed7f8.jpg,level_2/patient_image_000459_c4fed7f8.jpg,test,2,67,1,0,0,0,14
patient_image_000470_027102b5.jpg,level_2/patient_image_000470_027102b5.jpg,test,2,69,1,1,0,0,13
patient_image_000487_14e01941.jpg,level_2/patient_image_000487_14e01941.jpg,test,2,72,1,14,0,2,2
patient_image_000489_11f098ef.jpg,level_2/patient_image_000489_11f098ef.jpg,test,2,73,1,18,0,2,0
patient_image_000491_ad2915bf.jpg,level_2/patient_image_000491_ad2915bf.jpg,test,2,73,1,2,0,4,9
patient_image_000495_e3410abd.jpg,level_2/patient_image_000495_e3410abd.jpg,test,2,74,1,18,0,0,2
patient_image_000502_3f2d3d1c.jpg,level_2/patient_image_000502_3f2d3d1c.jpg,test,2,75,1,12,0,0,5
patient_image_000508_f7a15f6f.jpg,level_1/patient_image_000508_f7a15f6f.jpg,test,1,18,0,0,0,0,14
patient_image_000509_04857e03.jpg,level_3/patient_image_000509_04857e03.jpg,test,3,19,0,0,0,0,14
patient_image_000512_3394ba22.jpg,level_1/patient_image_000512_3394ba22.jpg,test,1,19,0,0,0,0,14
patient_image_000519_099c1627.jpg,level_1/patient_image_000519_099c1627.jpg,test,1,21,0,0,0,1,13
patient_image_000524_16efeae5.jpg,level_1/patient_image_000524_16efeae5.jpg,test,1,22,0,0,0,0,14
patient_image_000530_fdc9b991.jpg,level_1/patient_image_000530_fdc9b991.jpg,test,1,23,0,0,0,0,14
patient_image_000536_f7e8a5a5.jpg,level_1/patient_image_000536_f7e8a5a5.jpg,test,1,24,0,0,0,0,14
patient_image_000539_b6cf1f5b.jpg,level_2/patient_image_000539_b6cf1f5b.jpg,test,2,24,0,0,0,0,14
patient_image_000551_53b8f0cc.jpg,level_1/patient_image_000551_53b8f0cc.jpg,test,1,25,0,0,0,0,14
patient_image_000552_c0574f20.jpg,level_2/patient_image_000552_c0574f20.jpg,test,2,25,0,0,0,0,14
patient_image_000566_f080062c.jpg,level_2/patient_image_000566_f080062c.jpg,test,2,25,0,0,0,0,14
patient_image_000567_3197d455.jpg,level_2/patient_image_000567_3197d455.jpg,test,2,25,0,4,0,0,12
patient_image_000569_1acf7257.jpg,level_1/patient_image_000569_1acf7257.jpg,test,1,26,0,1,0,0,14
patient_image_000570_3514f729.jpg,level_1/patient_image_000570_3514f729.jpg,test,1,26,0,0,0,0,14
patient_image_000575_2b2e4cc4.jpg,level_1/patient_image_000575_2b2e4cc4.jpg,test,1,26,0,0,0,0,14
patient_image_000582_492951ef.jpg,level_1/patient_image_000582_492951ef.jpg,test,1,26,0,0,0,0,14
patient_image_000590_10f9bc33.jpg,level_2/patient_image_000590_10f9bc33.jpg,test,2,27,0,0,0,0,14
patient_image_000599_f9a4c92e.jpg,level_2/patient_image_000599_f9a4c92e.jpg,test,2,27,0,0,0,0,14
patient_image_000607_35725f57.jpg,level_3/patient_image_000607_35725f57.jpg,test,3,28,0,0,0,0,14
patient_image_000631_9ca7c541.jpg,level_2/patient_image_000631_9ca7c541.jpg,test,2,30,0,0,0,0,14
patient_image_000638_8c410f94.jpg,level_1/patient_image_000638_8c410f94.jpg,test,1,30,0,2,0,0,12
patient_image_000640_5666cfc5.jpg,level_1/patient_image_000640_5666cfc5.jpg,test,1,30,0,0,0,0,14
patient_image_000644_676cdf6d.jpg,level_2/patient_image_000644_676cdf6d.jpg,test,2,31,0,4,0,0,12
patient_image_000649_5669f77d.jpg,level_2/patient_image_000649_5669f77d.jpg,test,2,31,0,0,0,3,11
patient_image_000653_6030e552.jpg,level_2/patient_image_000653_6030e552.jpg,test,2,31,0,0,0,0,14
patient_image_000671_a66b5d48.jpg,level_2/patient_image_000671_a66b5d48.jpg,test,2,32,0,0,0,0,14
patient_image_000672_cffddbca.jpg,level_1/patient_image_000672_cffddbca.jpg,test,1,32,0,0,0,0,14
patient_image_000691_ed307561.jpg,level_3/patient_image_000691_ed307561.jpg,test,3,34,0,2,0,1,12
patient_image_000692_7b9f3fd0.jpg,level_2/patient_image_000692_7b9f3fd0.jpg,test,2,34,0,0,0,0,14
patient_image_000695_36a72067.jpg,level_2/patient_image_000695_36a72067.jpg,test,2,34,0,0,0,0,14
patient_image_000697_98097f1b.jpg,level_2/patient_image_000697_98097f1b.jpg,test,2,34,0,0,0,0,14
patient_image_000700_6b17c979.jpg,level_3/patient_image_000700_6b17c979.jpg,test,3,34,0,0,0,0,14
patient_image_000712_f74901b1.jpg,level_2/patient_image_000712_f74901b1.jpg,test,2,35,0,0,0,0,14
patient_image_000717_d2755dfc.jpg,level_2/patient_image_000717_d2755dfc.jpg,test,2,36,0,0,0,0,14
patient_image_000719_5f79abc8.jpg,level_3/patient_image_000719_5f79abc8.jpg,test,3,36,0,0,0,0,14
patient_image_000731_0c941f5d.jpg,level_1/patient_image_000731_0c941f5d.jpg,test,1,37,0,0,0,0,14
patient_image_000732_4e661c5a.jpg,level_3/patient_image_000732_4e661c5a.jpg,test,3,37,0,2,0,0,12
patient_image_000734_49373ac3.jpg,level_2/patient_image_000734_49373ac3.jpg,test,2,37,0,2,0,0,12
patient_image_000738_5f7ed924.jpg,level_2/patient_image_000738_5f7ed924.jpg,test,2,37,0,1,0,0,13
patient_image_000748_ba114015.jpg,level_2/patient_image_000748_ba114015.jpg,test,2,38,0,1,1,0,14
patient_image_000767_585542a6.jpg,level_2/patient_image_000767_585542a6.jpg,test,2,39,0,0,0,4,11
patient_image_000771_f666f8d9.jpg,level_2/patient_image_000771_f666f8d9.jpg,test,2,39,0,0,0,0,14
patient_image_000789_7be9cfb3.jpg,level_1/patient_image_000789_7be9cfb3.jpg,test,1,41,0,0,0,0,14
patient_image_000795_b452d6f6.jpg,level_2/patient_image_000795_b452d6f6.jpg,test,2,42,0,2,0,0,12
patient_image_000797_d21f4490.jpg,level_1/patient_image_000797_d21f4490.jpg,test,1,42,0,0,0,0,14
patient_image_000816_313b09d7.jpg,level_3/patient_image_000816_313b09d7.jpg,test,3,43,0,3,0,0,13
patient_image_000834_a35b19b1.jpg,level_2/patient_image_000834_a35b19b1.jpg,test,2,44,0,1,0,0,13
patient_image_000846_77f2956f.jpg,level_2/patient_image_000846_77f2956f.jpg,test,2,46,0,0,0,0,14
patient_image_000862_9baaaf10.jpg,level_3/patient_image_000862_9baaaf10.jpg,test,3,47,0,1,0,0,13
patient_image_000880_2ca612b6.jpg,level_2/patient_image_000880_2ca612b6.jpg,test,2,49,0,27,12,0,0
patient_image_000884_7c004ba1.jpg,level_2/patient_image_000884_7c004ba1.jpg,test,2,50,0,1,0,0,14
patient_image_000887_be059b53.jpg,level_3/patient_image_000887_be059b53.jpg,test,3,51,0,1,0,0,13
patient_image_000895_020d42b5.jpg,level_2/patient_image_000895_020d42b5.jpg,test,2,52,0,3,0,0,13
patient_image_000903_f7742c28.jpg,level_3/patient_image_000903_f7742c28.jpg,test,3,53,0,6,3,0,13
patient_image_000912_1e375f49.jpg,level_2/patient_image_000912_1e375f49.jpg,test,2,54,0,2,1,0,14
patient_image_000918_7fe4102e.jpg,level_3/patient_image_000918_7fe4102e.jpg,test,3,56,0,2,0,0,12
patient_image_000919_6041eb11.jpg,level_3/patient_image_000919_6041eb11.jpg,test,3,56,0,6,4,0,13
patient_image_000920_27b10293.jpg,level_3/patient_image_000920_27b10293.jpg,test,3,56,0,4,0,4,6
patient_image_000927_f25a03f1.jpg,level_3/patient_image_000927_f25a03f1.jpg,test,3,57,0,28,0,0,0
patient_image_000934_34fc5702.jpg,level_3/patient_image_000934_34fc5702.jpg,test,3,60,0,1,0,3,10
patient_image_000937_11903f79.jpg,level_3/patient_image_000937_11903f79.jpg,test,3,60,0,11,0,4,5
patient_image_000942_c3c3e895.jpg,level_3/patient_image_000942_c3c3e895.jpg,test,3,61,0,4,0,0,12
patient_image_000948_a1272c0e.jpg,level_2/patient_image_000948_a1272c0e.jpg,test,2,61,0,0,0,1,13
patient_image_000950_2dcd0736.jpg,level_2/patient_image_000950_2dcd0736.jpg,test,2,61,0,0,0,0,14
patient_image_000954_3f49f532.jpg,level_3/patient_image_000954_3f49f532.jpg,test,3,62,0,7,0,3,6
patient_image_000956_44fc0f54.jpg,level_3/patient_image_000956_44fc0f54.jpg,test,3,63,0,9,0,6,4
patient_image_000958_567fd642.jpg,level_3/patient_image_000958_567fd642.jpg,test,3,63,0,26,13,0,0
patient_image_000967_0883ffcd.jpg,level_2/patient_image_000967_0883ffcd.jpg,test,2,66,0,2,0,0,12
patient_image_000971_2549da02.jpg,level_3/patient_image_000971_2549da02.jpg,test,3,66,0,1,0,4,11
patient_image_000972_36b41d7a.jpg,level_2/patient_image_000972_36b41d7a.jpg,test,2,67,0,4,4,0,13
patient_image_000977_47673eae.jpg,level_3/patient_image_000977_47673eae.jpg,test,3,67,0,2,2,0,14
patient_image_000988_d61573a7.jpg,level_2/patient_image_000988_d61573a7.jpg,test,2,70,0,10,0,0,7
patient_image_000989_b25b9cdb.jpg,level_2/patient_image_000989_b25b9cdb.jpg,test,2,70,0,0,0,0,14
patient_image_001008_ddf73045.jpg,level_2/patient_image_001008_ddf73045.jpg,test,2,75,0,10,0,4,2
